
> Abdulbot@1.0.0 start
> node index.js

Error deleting file 00fc78fc-45c2-407f-a629-2345bcaef8ca.tmp: Error: EBUSY: resource busy or locked, unlink 'C:\Users\Adeel Mehar\OneDrive\Desktop\Abdulbot-main\Abdulbot-main\temp\00fc78fc-45c2-407f-a629-2345bcaef8ca.tmp'
    at Object.unlinkSync (node:fs:1952:11)
    at clearDirectory (C:\Users\Adeel Mehar\OneDrive\Desktop\Abdulbot-main\Abdulbot-main\commands\cleartmp.js:20:24)
    at clearTmpDirectory (C:\Users\Adeel Mehar\OneDrive\Desktop\Abdulbot-main\Abdulbot-main\commands\cleartmp.js:41:18)
    at startAutoClear (C:\Users\Adeel Mehar\OneDrive\Desktop\Abdulbot-main\Abdulbot-main\commands\cleartmp.js:85:5)
    at Object.<anonymous> (C:\Users\Adeel Mehar\OneDrive\Desktop\Abdulbot-main\Abdulbot-main\commands\cleartmp.js:103:1)
    at Module._compile (node:internal/modules/cjs/loader:1706:14)
    at Object..js (node:internal/modules/cjs/loader:1839:10)
    at Module.load (node:internal/modules/cjs/loader:1441:32)
    at Function._load (node:internal/modules/cjs/loader:1263:12)
    at TracingChannel.traceSync (node:diagnostics_channel:322:14) {
  errno: -4082,
  code: 'EBUSY',
  syscall: 'unlink',
  path: 'C:\\Users\\Adeel Mehar\\OneDrive\\Desktop\\Abdulbot-main\\Abdulbot-main\\temp\\00fc78fc-45c2-407f-a629-2345bcaef8ca.tmp'
}
Error deleting file 41f6e0bd-858a-4b12-82bd-43103f59aba4.tmp: Error: EBUSY: resource busy or locked, unlink 'C:\Users\Adeel Mehar\OneDrive\Desktop\Abdulbot-main\Abdulbot-main\temp\41f6e0bd-858a-4b12-82bd-43103f59aba4.tmp'
    at Object.unlinkSync (node:fs:1952:11)
    at clearDirectory (C:\Users\Adeel Mehar\OneDrive\Desktop\Abdulbot-main\Abdulbot-main\commands\cleartmp.js:20:24)
    at clearTmpDirectory (C:\Users\Adeel Mehar\OneDrive\Desktop\Abdulbot-main\Abdulbot-main\commands\cleartmp.js:41:18)
    at startAutoClear (C:\Users\Adeel Mehar\OneDrive\Desktop\Abdulbot-main\Abdulbot-main\commands\cleartmp.js:85:5)
    at Object.<anonymous> (C:\Users\Adeel Mehar\OneDrive\Desktop\Abdulbot-main\Abdulbot-main\commands\cleartmp.js:103:1)
    at Module._compile (node:internal/modules/cjs/loader:1706:14)
    at Object..js (node:internal/modules/cjs/loader:1839:10)
    at Module.load (node:internal/modules/cjs/loader:1441:32)
    at Function._load (node:internal/modules/cjs/loader:1263:12)
    at TracingChannel.traceSync (node:diagnostics_channel:322:14) {
  errno: -4082,
  code: 'EBUSY',
  syscall: 'unlink',
  path: 'C:\\Users\\Adeel Mehar\\OneDrive\\Desktop\\Abdulbot-main\\Abdulbot-main\\temp\\41f6e0bd-858a-4b12-82bd-43103f59aba4.tmp'
}
Error deleting file photo_cache: Error: EBUSY: resource busy or locked, unlink 'C:\Users\Adeel Mehar\OneDrive\Desktop\Abdulbot-main\Abdulbot-main\temp\photo_cache\79c760bbca206f695e511a0c7f722682e49ec31c.dat'
    at unlinkSync (node:fs:1952:11)
    at _unlinkSync (node:internal/fs/rimraf:215:14)
    at rimrafSync (node:internal/fs/rimraf:196:7)
    at node:internal/fs/rimraf:254:9
    at Array.forEach (<anonymous>)
    at _rmdirSync (node:internal/fs/rimraf:251:7)
    at rimrafSync (node:internal/fs/rimraf:194:7)
    at Object.rmSync (node:fs:1247:10)
    at clearDirectory (C:\Users\Adeel Mehar\OneDrive\Desktop\Abdulbot-main\Abdulbot-main\commands\cleartmp.js:18:24)
    at clearTmpDirectory (C:\Users\Adeel Mehar\OneDrive\Desktop\Abdulbot-main\Abdulbot-main\commands\cleartmp.js:41:18) {
  errno: -4082,
  code: 'EBUSY',
  syscall: 'unlink',
  path: 'C:\\Users\\Adeel Mehar\\OneDrive\\Desktop\\Abdulbot-main\\Abdulbot-main\\temp\\photo_cache\\79c760bbca206f695e511a0c7f722682e49ec31c.dat'
}
🔄 Connecting to WhatsApp...
 
🌿Connected to => {
  "id": "923195845103:16@s.whatsapp.net",
  "name": "ABDUL",
  "lid": "86041650311258:16@lid"
}
[TERM_FILES_DEBUG] incomingTermRequestCheck {
  text: 'Thk ha',
  termType: null,
  subjectCodes: [],
  wantsFiles: false,
  wantsHandouts: false
}
Closing session: SessionEntry {
  _chains: {
    'BQmojuptJkISrcA7TSd5uLjYlvMwPLEt0sG/4NGqOqF8': { chainKey: [Object], chainType: 2, messageKeys: {} },
    'BXbsN8IEOzeoDJhdJ/SlJgNu5sQL3HvFy42+V+iwnOxO': { chainKey: [Object], chainType: 2, messageKeys: {} },
    'BVK2W6rN3r2xmH189DXHeL9udbLIlxw4+B8srgqS6WJz': { chainKey: [Object], chainType: 2, messageKeys: {} },
    BddGLo35DfzvzR0EOWZQhmEeoYrBkB0zEQ2nVW2JAP16: { chainKey: [Object], chainType: 1, messageKeys: {} }
  },
  registrationId: 487531349,
  currentRatchet: {
    ephemeralKeyPair: {
      pubKey: <Buffer 05 d7 46 2e 8d f9 0d fc ef cd 1d 04 39 66 50 86 61 1e a1 8a c1 90 1d 33 11 0d a7 55 6d 89 00 fd 7a>,
      privKey: <Buffer 20 21 c5 7a e6 a0 e0 45 9a 62 b4 ac 5f 87 d6 88 53 e0 17 f0 d0 6d 6d cb 21 d4 5a 85 55 92 96 50>
    },
    lastRemoteEphemeralKey: <Buffer 05 52 b6 5b aa cd de bd b1 98 7d 7c f4 35 c7 78 bf 6e 75 b2 c8 97 1c 38 f8 1f 2c ae 0a 92 e9 62 73>,
    previousCounter: 8,
    rootKey: <Buffer d7 4c 0c 7f 21 aa 8d ba 75 55 2e 95 3b 7a 03 5f 26 3a 9e 54 7a c5 83 40 61 67 52 97 7c 18 24 8a>
  },
  indexInfo: {
    baseKey: <Buffer 05 b7 fc c1 dc 4a c9 17 89 9d 23 38 52 39 ee 96 63 5e 6d 50 3d 9e 82 5a 76 5a ca 92 95 7d 86 31 5e>,
    baseKeyType: 1,
    closed: -1,
    used: 1776834502326,
    created: 1776834290120,
    remoteIdentityKey: <Buffer 05 e8 41 33 19 1e 98 08 0b 04 7f 4a 05 53 1b 22 1b 56 2c c3 06 91 b9 52 3e d5 e0 87 75 ce 4d 53 27>
  }
}
[TERM_FILES_DEBUG] incomingTermRequestCheck {
  text: 'Bot Connected Successfully!\n\nTime: \nStatus: Online and Ready!',
  termType: null,
  subjectCodes: [],
  wantsFiles: false,
  wantsHandouts: false
}


                  [ Abdul BOT ]


< ================================================== >

• YT CHANNEL: null
• GITHUB: null
• WA NUMBER: 910000000000,917023951514
• CREDIT: Abdul
• 🤖 Bot Connected Successfully! ✅
Bot Version: 3.0.7
[TERM_FILES_DEBUG] incomingTermRequestCheck {
  text: '309 big red',
  termType: null,
  subjectCodes: [],
  wantsFiles: false,
  wantsHandouts: false
}
[TERM_FILES_DEBUG] incomingTermRequestCheck {
  text: '.ping',
  termType: null,
  subjectCodes: [],
  wantsFiles: false,
  wantsHandouts: false
}
📝 Command used in private: .ping
[TERM_FILES_DEBUG] incomingTermRequestCheck {
  text: 'Pong!',
  termType: null,
  subjectCodes: [],
  wantsFiles: false,
  wantsHandouts: false
}
[TERM_FILES_DEBUG] incomingTermRequestCheck {
  text: '310 small red',
  termType: null,
  subjectCodes: [],
  wantsFiles: false,
  wantsHandouts: false
}
[TERM_FILES_DEBUG] incomingTermRequestCheck {
  text: '.antilink on',
  termType: null,
  subjectCodes: [],
  wantsFiles: false,
  wantsHandouts: false
}
📝 Command used in group: .antilink on
[TERM_FILES_DEBUG] incomingTermRequestCheck {
  text: '*_Antilink has been turned ON_*',
  termType: null,
  subjectCodes: [],
  wantsFiles: false,
  wantsHandouts: false
}
[TERM_FILES_DEBUG] incomingTermRequestCheck {
  text: 'https://www.tiktok.com/@keditzz.ae/video/7629645834656697632?_r=1&u_code=f0l980da7mej60&preview_pb=0&sharer_language=en&_d=eiajbdlg52mmd7&share_item_id=7629645834656697632&source=h5_m&timestamp=1776798963&user_id=7580941727579898888&sec_user_id=MS4wLjABAAAA4FQ4NEWyauC_JbDpIPuRrIUsKk9tUatJge7oHXdyBikG0FMTlg89SdoOJ5NgiKVY&item_author_type=2&social_share_type=0&utm_source=copy&utm_campaign=client_share&utm_medium=android&share_iid=7630346870339356436&share_link_id=eab14a6c-33ba-4300-8acd-a55c70102a0d&share_app_id=1233&ugbiz_name=MAIN&ug_btm=b2001&link_reflow_popup_iteration_sharer=%7B%22click_empty_to_play%22%3A1%2C%22dynamic_cover%22%3A1%2C%22follow_to_play_duration%22%3A-1.0%2C%22profile_clickable%22%3A1%7D&enable_checksum=1',
  termType: null,
  subjectCodes: [],
  wantsFiles: false,
  wantsHandouts: false
}
[TERM_FILES_DEBUG] incomingTermRequestCheck {
  text: '```@39540072939694 link are not allowed here```',
  termType: null,
  subjectCodes: [],
  wantsFiles: false,
  wantsHandouts: false
}
[TERM_FILES_DEBUG] incomingTermRequestCheck {
  text: '.ping',
  termType: null,
  subjectCodes: [],
  wantsFiles: false,
  wantsHandouts: false
}
📝 Command used in group: .ping
[TERM_FILES_DEBUG] incomingTermRequestCheck {
  text: 'Pong!',
  termType: null,
  subjectCodes: [],
  wantsFiles: false,
  wantsHandouts: false
}
[TERM_FILES_DEBUG] incomingTermRequestCheck {
  text: 'Ping  : 185 ms',
  termType: null,
  subjectCodes: [],
  wantsFiles: false,
  wantsHandouts: false
}
[TERM_FILES_DEBUG] incomingTermRequestCheck {
  text: '.mode',
  termType: null,
  subjectCodes: [],
  wantsFiles: false,
  wantsHandouts: false
}
📝 Command used in group: .mode
[TERM_FILES_DEBUG] incomingTermRequestCheck {
  text: '311 big green',
  termType: null,
  subjectCodes: [],
  wantsFiles: false,
  wantsHandouts: false
}
[TERM_FILES_DEBUG] incomingTermRequestCheck {
  text: '❌ This command is only available for the owner or sudo!',
  termType: null,
  subjectCodes: [],
  wantsFiles: false,
  wantsHandouts: false
}
[TERM_FILES_DEBUG] incomingTermRequestCheck {
  text: '.mode',
  termType: null,
  subjectCodes: [],
  wantsFiles: false,
  wantsHandouts: false
}
📝 Command used in group: .mode
[TERM_FILES_DEBUG] incomingTermRequestCheck {
  text: 'Current bot mode: *public*\n' +
    '\n' +
    'Usage: .mode public/private\n' +
    '\n' +
    'Example:\n' +
    '.mode public - Allow everyone to use bot\n' +
    '.mode private - Restrict to owner only',
  termType: null,
  subjectCodes: [],
  wantsFiles: false,
  wantsHandouts: false
}
[TERM_FILES_DEBUG] incomingTermRequestCheck {
  text: '.mode private',
  termType: null,
  subjectCodes: [],
  wantsFiles: false,
  wantsHandouts: false
}
📝 Command used in group: .mode private
[TERM_FILES_DEBUG] incomingTermRequestCheck {
  text: 'Bot is now in *private* mode',
  termType: null,
  subjectCodes: [],
  wantsFiles: false,
  wantsHandouts: false
}
[TERM_FILES_DEBUG] incomingTermRequestCheck {
  text: '.ping',
  termType: null,
  subjectCodes: [],
  wantsFiles: false,
  wantsHandouts: false
}
📝 Command used in group: .ping
[TERM_FILES_DEBUG] incomingTermRequestCheck {
  text: 'Cs205 handouts',
  termType: null,
  subjectCodes: [ 'CS205' ],
  wantsFiles: false,
  wantsHandouts: true
}
Drive Error: Permission denied: Consumer 'api_key:AIzaSyDhJCdx5SWH2nNikcg4mRMmdCiqyUy7m70' has been suspended.
[TERM_FILES_DEBUG] incomingTermRequestCheck {
  text: 'CS205 ke handouts abhi available nahi hain.',
  termType: null,
  subjectCodes: [ 'CS205' ],
  wantsFiles: false,
  wantsHandouts: true
}
Drive Error: Permission denied: Consumer 'api_key:AIzaSyDhJCdx5SWH2nNikcg4mRMmdCiqyUy7m70' has been suspended.
[TERM_FILES_DEBUG] incomingTermRequestCheck {
  text: 'CS205 ke handouts abhi available nahi hain.',
  termType: null,
  subjectCodes: [ 'CS205' ],
  wantsFiles: false,
  wantsHandouts: true
}
Drive Error: Permission denied: Consumer 'api_key:AIzaSyDhJCdx5SWH2nNikcg4mRMmdCiqyUy7m70' has been suspended.
[TERM_FILES_DEBUG] incomingTermRequestCheck {
  text: 'CS205 ke handouts abhi available nahi hain.',
  termType: null,
  subjectCodes: [ 'CS205' ],
  wantsFiles: false,
  wantsHandouts: true
}
Drive Error: Permission denied: Consumer 'api_key:AIzaSyDhJCdx5SWH2nNikcg4mRMmdCiqyUy7m70' has been suspended.
[TERM_FILES_DEBUG] incomingTermRequestCheck {
  text: 'CS205 ke handouts abhi available nahi hain.',
  termType: null,
  subjectCodes: [ 'CS205' ],
  wantsFiles: false,
  wantsHandouts: true
}
Drive Error: Permission denied: Consumer 'api_key:AIzaSyDhJCdx5SWH2nNikcg4mRMmdCiqyUy7m70' has been suspended.
[TERM_FILES_DEBUG] incomingTermRequestCheck {
  text: 'CS205 ke handouts abhi available nahi hain.',
  termType: null,
  subjectCodes: [ 'CS205' ],
  wantsFiles: false,
  wantsHandouts: true
}
Drive Error: Permission denied: Consumer 'api_key:AIzaSyDhJCdx5SWH2nNikcg4mRMmdCiqyUy7m70' has been suspended.
[TERM_FILES_DEBUG] incomingTermRequestCheck {
  text: 'CS205 ke handouts abhi available nahi hain.',
  termType: null,
  subjectCodes: [ 'CS205' ],
  wantsFiles: false,
  wantsHandouts: true
}
Drive Error: Permission denied: Consumer 'api_key:AIzaSyDhJCdx5SWH2nNikcg4mRMmdCiqyUy7m70' has been suspended.
[TERM_FILES_DEBUG] incomingTermRequestCheck {
  text: 'CS205 ke handouts abhi available nahi hain.',
  termType: null,
  subjectCodes: [ 'CS205' ],
  wantsFiles: false,
  wantsHandouts: true
}
Drive Error: Permission denied: Consumer 'api_key:AIzaSyDhJCdx5SWH2nNikcg4mRMmdCiqyUy7m70' has been suspended.
[TERM_FILES_DEBUG] incomingTermRequestCheck {
  text: 'CS205 ke handouts abhi available nahi hain.',
  termType: null,
  subjectCodes: [ 'CS205' ],
  wantsFiles: false,
  wantsHandouts: true
}
Drive Error: Permission denied: Consumer 'api_key:AIzaSyDhJCdx5SWH2nNikcg4mRMmdCiqyUy7m70' has been suspended.
[TERM_FILES_DEBUG] incomingTermRequestCheck {
  text: 'CS205 ke handouts abhi available nahi hain.',
  termType: null,
  subjectCodes: [ 'CS205' ],
  wantsFiles: false,
  wantsHandouts: true
}
Drive Error: Permission denied: Consumer 'api_key:AIzaSyDhJCdx5SWH2nNikcg4mRMmdCiqyUy7m70' has been suspended.
[TERM_FILES_DEBUG] incomingTermRequestCheck {
  text: 'CS205 ke handouts abhi available nahi hain.',
  termType: null,
  subjectCodes: [ 'CS205' ],
  wantsFiles: false,
  wantsHandouts: true
}
Drive Error: Permission denied: Consumer 'api_key:AIzaSyDhJCdx5SWH2nNikcg4mRMmdCiqyUy7m70' has been suspended.
[TERM_FILES_DEBUG] incomingTermRequestCheck {
  text: 'CS205 ke handouts abhi available nahi hain.',
  termType: null,
  subjectCodes: [ 'CS205' ],
  wantsFiles: false,
  wantsHandouts: true
}
Drive Error: Permission denied: Consumer 'api_key:AIzaSyDhJCdx5SWH2nNikcg4mRMmdCiqyUy7m70' has been suspended.
[TERM_FILES_DEBUG] incomingTermRequestCheck {
  text: 'CS205 ke handouts abhi available nahi hain.',
  termType: null,
  subjectCodes: [ 'CS205' ],
  wantsFiles: false,
  wantsHandouts: true
}
Drive Error: Permission denied: Consumer 'api_key:AIzaSyDhJCdx5SWH2nNikcg4mRMmdCiqyUy7m70' has been suspended.
[TERM_FILES_DEBUG] incomingTermRequestCheck {
  text: 'CS205 ke handouts abhi available nahi hain.',
  termType: null,
  subjectCodes: [ 'CS205' ],
  wantsFiles: false,
  wantsHandouts: true
}
Drive Error: Permission denied: Consumer 'api_key:AIzaSyDhJCdx5SWH2nNikcg4mRMmdCiqyUy7m70' has been suspended.
[TERM_FILES_DEBUG] incomingTermRequestCheck {
  text: 'CS205 ke handouts abhi available nahi hain.',
  termType: null,
  subjectCodes: [ 'CS205' ],
  wantsFiles: false,
  wantsHandouts: true
}
Drive Error: Permission denied: Consumer 'api_key:AIzaSyDhJCdx5SWH2nNikcg4mRMmdCiqyUy7m70' has been suspended.
[TERM_FILES_DEBUG] incomingTermRequestCheck {
  text: 'CS205 ke handouts abhi available nahi hain.',
  termType: null,
  subjectCodes: [ 'CS205' ],
  wantsFiles: false,
  wantsHandouts: true
}
Drive Error: Permission denied: Consumer 'api_key:AIzaSyDhJCdx5SWH2nNikcg4mRMmdCiqyUy7m70' has been suspended.
[TERM_FILES_DEBUG] incomingTermRequestCheck {
  text: 'CS205 ke handouts abhi available nahi hain.',
  termType: null,
  subjectCodes: [ 'CS205' ],
  wantsFiles: false,
  wantsHandouts: true
}
Drive Error: Permission denied: Consumer 'api_key:AIzaSyDhJCdx5SWH2nNikcg4mRMmdCiqyUy7m70' has been suspended.
[TERM_FILES_DEBUG] incomingTermRequestCheck {
  text: 'CS205 ke handouts abhi available nahi hain.',
  termType: null,
  subjectCodes: [ 'CS205' ],
  wantsFiles: false,
  wantsHandouts: true
}
Drive Error: Permission denied: Consumer 'api_key:AIzaSyDhJCdx5SWH2nNikcg4mRMmdCiqyUy7m70' has been suspended.
[TERM_FILES_DEBUG] incomingTermRequestCheck {
  text: 'CS205 ke handouts abhi available nahi hain.',
  termType: null,
  subjectCodes: [ 'CS205' ],
  wantsFiles: false,
  wantsHandouts: true
}
Drive Error: Permission denied: Consumer 'api_key:AIzaSyDhJCdx5SWH2nNikcg4mRMmdCiqyUy7m70' has been suspended.
[TERM_FILES_DEBUG] incomingTermRequestCheck {
  text: 'CS205 ke handouts abhi available nahi hain.',
  termType: null,
  subjectCodes: [ 'CS205' ],
  wantsFiles: false,
  wantsHandouts: true
}
Drive Error: Permission denied: Consumer 'api_key:AIzaSyDhJCdx5SWH2nNikcg4mRMmdCiqyUy7m70' has been suspended.
[TERM_FILES_DEBUG] incomingTermRequestCheck {
  text: 'CS205 ke handouts abhi available nahi hain.',
  termType: null,
  subjectCodes: [ 'CS205' ],
  wantsFiles: false,
  wantsHandouts: true
}
Drive Error: Permission denied: Consumer 'api_key:AIzaSyDhJCdx5SWH2nNikcg4mRMmdCiqyUy7m70' has been suspended.
[TERM_FILES_DEBUG] incomingTermRequestCheck {
  text: 'CS205 ke handouts abhi available nahi hain.',
  termType: null,
  subjectCodes: [ 'CS205' ],
  wantsFiles: false,
  wantsHandouts: true
}
Drive Error: Permission denied: Consumer 'api_key:AIzaSyDhJCdx5SWH2nNikcg4mRMmdCiqyUy7m70' has been suspended.
[TERM_FILES_DEBUG] incomingTermRequestCheck {
  text: 'CS205 ke handouts abhi available nahi hain.',
  termType: null,
  subjectCodes: [ 'CS205' ],
  wantsFiles: false,
  wantsHandouts: true
}
Drive Error: Permission denied: Consumer 'api_key:AIzaSyDhJCdx5SWH2nNikcg4mRMmdCiqyUy7m70' has been suspended.
[TERM_FILES_DEBUG] incomingTermRequestCheck {
  text: 'CS205 ke handouts abhi available nahi hain.',
  termType: null,
  subjectCodes: [ 'CS205' ],
  wantsFiles: false,
  wantsHandouts: true
}
Drive Error: Permission denied: Consumer 'api_key:AIzaSyDhJCdx5SWH2nNikcg4mRMmdCiqyUy7m70' has been suspended.
[TERM_FILES_DEBUG] incomingTermRequestCheck {
  text: 'CS205 ke handouts abhi available nahi hain.',
  termType: null,
  subjectCodes: [ 'CS205' ],
  wantsFiles: false,
  wantsHandouts: true
}
Drive Error: Permission denied: Consumer 'api_key:AIzaSyDhJCdx5SWH2nNikcg4mRMmdCiqyUy7m70' has been suspended.
[TERM_FILES_DEBUG] incomingTermRequestCheck {
  text: 'CS205 ke handouts abhi available nahi hain.',
  termType: null,
  subjectCodes: [ 'CS205' ],
  wantsFiles: false,
  wantsHandouts: true
}
Drive Error: Permission denied: Consumer 'api_key:AIzaSyDhJCdx5SWH2nNikcg4mRMmdCiqyUy7m70' has been suspended.
[TERM_FILES_DEBUG] incomingTermRequestCheck {
  text: 'CS205 ke handouts abhi available nahi hain.',
  termType: null,
  subjectCodes: [ 'CS205' ],
  wantsFiles: false,
  wantsHandouts: true
}
Drive Error: Permission denied: Consumer 'api_key:AIzaSyDhJCdx5SWH2nNikcg4mRMmdCiqyUy7m70' has been suspended.
[TERM_FILES_DEBUG] incomingTermRequestCheck {
  text: 'CS205 ke handouts abhi available nahi hain.',
  termType: null,
  subjectCodes: [ 'CS205' ],
  wantsFiles: false,
  wantsHandouts: true
}
Drive Error: Permission denied: Consumer 'api_key:AIzaSyDhJCdx5SWH2nNikcg4mRMmdCiqyUy7m70' has been suspended.
[TERM_FILES_DEBUG] incomingTermRequestCheck {
  text: 'CS205 ke handouts abhi available nahi hain.',
  termType: null,
  subjectCodes: [ 'CS205' ],
  wantsFiles: false,
  wantsHandouts: true
}
Drive Error: Permission denied: Consumer 'api_key:AIzaSyDhJCdx5SWH2nNikcg4mRMmdCiqyUy7m70' has been suspended.
[TERM_FILES_DEBUG] incomingTermRequestCheck {
  text: 'CS205 ke handouts abhi available nahi hain.',
  termType: null,
  subjectCodes: [ 'CS205' ],
  wantsFiles: false,
  wantsHandouts: true
}
Drive Error: Permission denied: Consumer 'api_key:AIzaSyDhJCdx5SWH2nNikcg4mRMmdCiqyUy7m70' has been suspended.
[TERM_FILES_DEBUG] incomingTermRequestCheck {
  text: 'CS205 ke handouts abhi available nahi hain.',
  termType: null,
  subjectCodes: [ 'CS205' ],
  wantsFiles: false,
  wantsHandouts: true
}
Drive Error: Permission denied: Consumer 'api_key:AIzaSyDhJCdx5SWH2nNikcg4mRMmdCiqyUy7m70' has been suspended.
[TERM_FILES_DEBUG] incomingTermRequestCheck {
  text: 'CS205 ke handouts abhi available nahi hain.',
  termType: null,
  subjectCodes: [ 'CS205' ],
  wantsFiles: false,
  wantsHandouts: true
}
Drive Error: Permission denied: Consumer 'api_key:AIzaSyDhJCdx5SWH2nNikcg4mRMmdCiqyUy7m70' has been suspended.
[TERM_FILES_DEBUG] incomingTermRequestCheck {
  text: 'CS205 ke handouts abhi available nahi hain.',
  termType: null,
  subjectCodes: [ 'CS205' ],
  wantsFiles: false,
  wantsHandouts: true
}
Drive Error: Permission denied: Consumer 'api_key:AIzaSyDhJCdx5SWH2nNikcg4mRMmdCiqyUy7m70' has been suspended.
[TERM_FILES_DEBUG] incomingTermRequestCheck {
  text: 'CS205 ke handouts abhi available nahi hain.',
  termType: null,
  subjectCodes: [ 'CS205' ],
  wantsFiles: false,
  wantsHandouts: true
}
Drive Error: Permission denied: Consumer 'api_key:AIzaSyDhJCdx5SWH2nNikcg4mRMmdCiqyUy7m70' has been suspended.
[TERM_FILES_DEBUG] incomingTermRequestCheck {
  text: 'CS205 ke handouts abhi available nahi hain.',
  termType: null,
  subjectCodes: [ 'CS205' ],
  wantsFiles: false,
  wantsHandouts: true
}
Drive Error: Permission denied: Consumer 'api_key:AIzaSyDhJCdx5SWH2nNikcg4mRMmdCiqyUy7m70' has been suspended.
[TERM_FILES_DEBUG] incomingTermRequestCheck {
  text: '312 small green',
  termType: null,
  subjectCodes: [],
  wantsFiles: false,
  wantsHandouts: false
}
[TERM_FILES_DEBUG] incomingTermRequestCheck {
  text: 'CS205 ke handouts abhi available nahi hain.',
  termType: null,
  subjectCodes: [ 'CS205' ],
  wantsFiles: false,
  wantsHandouts: true
}
Drive Error: Permission denied: Consumer 'api_key:AIzaSyDhJCdx5SWH2nNikcg4mRMmdCiqyUy7m70' has been suspended.
[TERM_FILES_DEBUG] incomingTermRequestCheck {
  text: 'CS205 ke handouts abhi available nahi hain.',
  termType: null,
  subjectCodes: [ 'CS205' ],
  wantsFiles: false,
  wantsHandouts: true
}
Drive Error: Permission denied: Consumer 'api_key:AIzaSyDhJCdx5SWH2nNikcg4mRMmdCiqyUy7m70' has been suspended.
[TERM_FILES_DEBUG] incomingTermRequestCheck {
  text: 'CS205 ke handouts abhi available nahi hain.',
  termType: null,
  subjectCodes: [ 'CS205' ],
  wantsFiles: false,
  wantsHandouts: true
}
Drive Error: Permission denied: Consumer 'api_key:AIzaSyDhJCdx5SWH2nNikcg4mRMmdCiqyUy7m70' has been suspended.
[TERM_FILES_DEBUG] incomingTermRequestCheck {
  text: 'CS205 ke handouts abhi available nahi hain.',
  termType: null,
  subjectCodes: [ 'CS205' ],
  wantsFiles: false,
  wantsHandouts: true
}
Drive Error: Permission denied: Consumer 'api_key:AIzaSyDhJCdx5SWH2nNikcg4mRMmdCiqyUy7m70' has been suspended.
[TERM_FILES_DEBUG] incomingTermRequestCheck {
  text: 'CS205 ke handouts abhi available nahi hain.',
  termType: null,
  subjectCodes: [ 'CS205' ],
  wantsFiles: false,
  wantsHandouts: true
}
Drive Error: Permission denied: Consumer 'api_key:AIzaSyDhJCdx5SWH2nNikcg4mRMmdCiqyUy7m70' has been suspended.
[TERM_FILES_DEBUG] incomingTermRequestCheck {
  text: 'CS205 ke handouts abhi available nahi hain.',
  termType: null,
  subjectCodes: [ 'CS205' ],
  wantsFiles: false,
  wantsHandouts: true
}
Drive Error: Permission denied: Consumer 'api_key:AIzaSyDhJCdx5SWH2nNikcg4mRMmdCiqyUy7m70' has been suspended.
[TERM_FILES_DEBUG] incomingTermRequestCheck {
  text: 'CS205 ke handouts abhi available nahi hain.',
  termType: null,
  subjectCodes: [ 'CS205' ],
  wantsFiles: false,
  wantsHandouts: true
}
Drive Error: Permission denied: Consumer 'api_key:AIzaSyDhJCdx5SWH2nNikcg4mRMmdCiqyUy7m70' has been suspended.
[TERM_FILES_DEBUG] incomingTermRequestCheck {
  text: 'CS205 ke handouts abhi available nahi hain.',
  termType: null,
  subjectCodes: [ 'CS205' ],
  wantsFiles: false,
  wantsHandouts: true
}
Drive Error: Permission denied: Consumer 'api_key:AIzaSyDhJCdx5SWH2nNikcg4mRMmdCiqyUy7m70' has been suspended.
[TERM_FILES_DEBUG] incomingTermRequestCheck {
  text: 'CS205 ke handouts abhi available nahi hain.',
  termType: null,
  subjectCodes: [ 'CS205' ],
  wantsFiles: false,
  wantsHandouts: true
}
Drive Error: Permission denied: Consumer 'api_key:AIzaSyDhJCdx5SWH2nNikcg4mRMmdCiqyUy7m70' has been suspended.
[TERM_FILES_DEBUG] incomingTermRequestCheck {
  text: 'CS205 ke handouts abhi available nahi hain.',
  termType: null,
  subjectCodes: [ 'CS205' ],
  wantsFiles: false,
  wantsHandouts: true
}
Drive Error: Permission denied: Consumer 'api_key:AIzaSyDhJCdx5SWH2nNikcg4mRMmdCiqyUy7m70' has been suspended.
[TERM_FILES_DEBUG] incomingTermRequestCheck {
  text: 'CS205 ke handouts abhi available nahi hain.',
  termType: null,
  subjectCodes: [ 'CS205' ],
  wantsFiles: false,
  wantsHandouts: true
}
Drive Error: Permission denied: Consumer 'api_key:AIzaSyDhJCdx5SWH2nNikcg4mRMmdCiqyUy7m70' has been suspended.
[TERM_FILES_DEBUG] incomingTermRequestCheck {
  text: 'CS205 ke handouts abhi available nahi hain.',
  termType: null,
  subjectCodes: [ 'CS205' ],
  wantsFiles: false,
  wantsHandouts: true
}
Drive Error: Permission denied: Consumer 'api_key:AIzaSyDhJCdx5SWH2nNikcg4mRMmdCiqyUy7m70' has been suspended.
[TERM_FILES_DEBUG] incomingTermRequestCheck {
  text: 'CS205 ke handouts abhi available nahi hain.',
  termType: null,
  subjectCodes: [ 'CS205' ],
  wantsFiles: false,
  wantsHandouts: true
}
Drive Error: Permission denied: Consumer 'api_key:AIzaSyDhJCdx5SWH2nNikcg4mRMmdCiqyUy7m70' has been suspended.
[TERM_FILES_DEBUG] incomingTermRequestCheck {
  text: 'CS205 ke handouts abhi available nahi hain.',
  termType: null,
  subjectCodes: [ 'CS205' ],
  wantsFiles: false,
  wantsHandouts: true
}
Drive Error: Permission denied: Consumer 'api_key:AIzaSyDhJCdx5SWH2nNikcg4mRMmdCiqyUy7m70' has been suspended.
[TERM_FILES_DEBUG] incomingTermRequestCheck {
  text: 'CS205 ke handouts abhi available nahi hain.',
  termType: null,
  subjectCodes: [ 'CS205' ],
  wantsFiles: false,
  wantsHandouts: true
}
Drive Error: Permission denied: Consumer 'api_key:AIzaSyDhJCdx5SWH2nNikcg4mRMmdCiqyUy7m70' has been suspended.
[TERM_FILES_DEBUG] incomingTermRequestCheck {
  text: 'CS205 ke handouts abhi available nahi hain.',
  termType: null,
  subjectCodes: [ 'CS205' ],
  wantsFiles: false,
  wantsHandouts: true
}
Drive Error: Permission denied: Consumer 'api_key:AIzaSyDhJCdx5SWH2nNikcg4mRMmdCiqyUy7m70' has been suspended.
[TERM_FILES_DEBUG] incomingTermRequestCheck {
  text: 'CS205 ke handouts abhi available nahi hain.',
  termType: null,
  subjectCodes: [ 'CS205' ],
  wantsFiles: false,
  wantsHandouts: true
}
Drive Error: Permission denied: Consumer 'api_key:AIzaSyDhJCdx5SWH2nNikcg4mRMmdCiqyUy7m70' has been suspended.
[TERM_FILES_DEBUG] incomingTermRequestCheck {
  text: 'CS205 ke handouts abhi available nahi hain.',
  termType: null,
  subjectCodes: [ 'CS205' ],
  wantsFiles: false,
  wantsHandouts: true
}
Drive Error: Permission denied: Consumer 'api_key:AIzaSyDhJCdx5SWH2nNikcg4mRMmdCiqyUy7m70' has been suspended.
[TERM_FILES_DEBUG] incomingTermRequestCheck {
  text: 'CS205 ke handouts abhi available nahi hain.',
  termType: null,
  subjectCodes: [ 'CS205' ],
  wantsFiles: false,
  wantsHandouts: true
}
Drive Error: Permission denied: Consumer 'api_key:AIzaSyDhJCdx5SWH2nNikcg4mRMmdCiqyUy7m70' has been suspended.
[TERM_FILES_DEBUG] incomingTermRequestCheck {
  text: 'CS205 ke handouts abhi available nahi hain.',
  termType: null,
  subjectCodes: [ 'CS205' ],
  wantsFiles: false,
  wantsHandouts: true
}
Drive Error: Permission denied: Consumer 'api_key:AIzaSyDhJCdx5SWH2nNikcg4mRMmdCiqyUy7m70' has been suspended.
[TERM_FILES_DEBUG] incomingTermRequestCheck {
  text: 'CS205 ke handouts abhi available nahi hain.',
  termType: null,
  subjectCodes: [ 'CS205' ],
  wantsFiles: false,
  wantsHandouts: true
}
Drive Error: Permission denied: Consumer 'api_key:AIzaSyDhJCdx5SWH2nNikcg4mRMmdCiqyUy7m70' has been suspended.
[TERM_FILES_DEBUG] incomingTermRequestCheck {
  text: 'CS205 ke handouts abhi available nahi hain.',
  termType: null,
  subjectCodes: [ 'CS205' ],
  wantsFiles: false,
  wantsHandouts: true
}
Drive Error: Permission denied: Consumer 'api_key:AIzaSyDhJCdx5SWH2nNikcg4mRMmdCiqyUy7m70' has been suspended.
[TERM_FILES_DEBUG] incomingTermRequestCheck {
  text: 'CS205 ke handouts abhi available nahi hain.',
  termType: null,
  subjectCodes: [ 'CS205' ],
  wantsFiles: false,
  wantsHandouts: true
}
Drive Error: Permission denied: Consumer 'api_key:AIzaSyDhJCdx5SWH2nNikcg4mRMmdCiqyUy7m70' has been suspended.
[TERM_FILES_DEBUG] incomingTermRequestCheck {
  text: 'CS205 ke handouts abhi available nahi hain.',
  termType: null,
  subjectCodes: [ 'CS205' ],
  wantsFiles: false,
  wantsHandouts: true
}
Drive Error: Permission denied: Consumer 'api_key:AIzaSyDhJCdx5SWH2nNikcg4mRMmdCiqyUy7m70' has been suspended.
[TERM_FILES_DEBUG] incomingTermRequestCheck {
  text: 'CS205 ke handouts abhi available nahi hain.',
  termType: null,
  subjectCodes: [ 'CS205' ],
  wantsFiles: false,
  wantsHandouts: true
}
Drive Error: Permission denied: Consumer 'api_key:AIzaSyDhJCdx5SWH2nNikcg4mRMmdCiqyUy7m70' has been suspended.
[TERM_FILES_DEBUG] incomingTermRequestCheck {
  text: 'CS205 ke handouts abhi available nahi hain.',
  termType: null,
  subjectCodes: [ 'CS205' ],
  wantsFiles: false,
  wantsHandouts: true
}
Drive Error: Permission denied: Consumer 'api_key:AIzaSyDhJCdx5SWH2nNikcg4mRMmdCiqyUy7m70' has been suspended.
[TERM_FILES_DEBUG] incomingTermRequestCheck {
  text: 'CS205 ke handouts abhi available nahi hain.',
  termType: null,
  subjectCodes: [ 'CS205' ],
  wantsFiles: false,
  wantsHandouts: true
}
Drive Error: Permission denied: Consumer 'api_key:AIzaSyDhJCdx5SWH2nNikcg4mRMmdCiqyUy7m70' has been suspended.
[TERM_FILES_DEBUG] incomingTermRequestCheck {
  text: 'CS205 ke handouts abhi available nahi hain.',
  termType: null,
  subjectCodes: [ 'CS205' ],
  wantsFiles: false,
  wantsHandouts: true
}
Drive Error: Permission denied: Consumer 'api_key:AIzaSyDhJCdx5SWH2nNikcg4mRMmdCiqyUy7m70' has been suspended.
[TERM_FILES_DEBUG] incomingTermRequestCheck {
  text: 'CS205 ke handouts abhi available nahi hain.',
  termType: null,
  subjectCodes: [ 'CS205' ],
  wantsFiles: false,
  wantsHandouts: true
}
Drive Error: Permission denied: Consumer 'api_key:AIzaSyDhJCdx5SWH2nNikcg4mRMmdCiqyUy7m70' has been suspended.
[TERM_FILES_DEBUG] incomingTermRequestCheck {
  text: 'CS205 ke handouts abhi available nahi hain.',
  termType: null,
  subjectCodes: [ 'CS205' ],
  wantsFiles: false,
  wantsHandouts: true
}
Drive Error: Permission denied: Consumer 'api_key:AIzaSyDhJCdx5SWH2nNikcg4mRMmdCiqyUy7m70' has been suspended.
[TERM_FILES_DEBUG] incomingTermRequestCheck {
  text: 'CS205 ke handouts abhi available nahi hain.',
  termType: null,
  subjectCodes: [ 'CS205' ],
  wantsFiles: false,
  wantsHandouts: true
}
Drive Error: Permission denied: Consumer 'api_key:AIzaSyDhJCdx5SWH2nNikcg4mRMmdCiqyUy7m70' has been suspended.
[TERM_FILES_DEBUG] incomingTermRequestCheck {
  text: 'CS205 ke handouts abhi available nahi hain.',
  termType: null,
  subjectCodes: [ 'CS205' ],
  wantsFiles: false,
  wantsHandouts: true
}
Drive Error: Permission denied: Consumer 'api_key:AIzaSyDhJCdx5SWH2nNikcg4mRMmdCiqyUy7m70' has been suspended.
[TERM_FILES_DEBUG] incomingTermRequestCheck {
  text: 'CS205 ke handouts abhi available nahi hain.',
  termType: null,
  subjectCodes: [ 'CS205' ],
  wantsFiles: false,
  wantsHandouts: true
}
Drive Error: Permission denied: Consumer 'api_key:AIzaSyDhJCdx5SWH2nNikcg4mRMmdCiqyUy7m70' has been suspended.
[TERM_FILES_DEBUG] incomingTermRequestCheck {
  text: 'CS205 ke handouts abhi available nahi hain.',
  termType: null,
  subjectCodes: [ 'CS205' ],
  wantsFiles: false,
  wantsHandouts: true
}
Drive Error: Permission denied: Consumer 'api_key:AIzaSyDhJCdx5SWH2nNikcg4mRMmdCiqyUy7m70' has been suspended.
[TERM_FILES_DEBUG] incomingTermRequestCheck {
  text: 'CS205 ke handouts abhi available nahi hain.',
  termType: null,
  subjectCodes: [ 'CS205' ],
  wantsFiles: false,
  wantsHandouts: true
}
Drive Error: Permission denied: Consumer 'api_key:AIzaSyDhJCdx5SWH2nNikcg4mRMmdCiqyUy7m70' has been suspended.
[TERM_FILES_DEBUG] incomingTermRequestCheck {
  text: 'CS205 ke handouts abhi available nahi hain.',
  termType: null,
  subjectCodes: [ 'CS205' ],
  wantsFiles: false,
  wantsHandouts: true
}
Drive Error: Permission denied: Consumer 'api_key:AIzaSyDhJCdx5SWH2nNikcg4mRMmdCiqyUy7m70' has been suspended.
[TERM_FILES_DEBUG] incomingTermRequestCheck {
  text: 'CS205 ke handouts abhi available nahi hain.',
  termType: null,
  subjectCodes: [ 'CS205' ],
  wantsFiles: false,
  wantsHandouts: true
}
Drive Error: Permission denied: Consumer 'api_key:AIzaSyDhJCdx5SWH2nNikcg4mRMmdCiqyUy7m70' has been suspended.
[TERM_FILES_DEBUG] incomingTermRequestCheck {
  text: 'CS205 ke handouts abhi available nahi hain.',
  termType: null,
  subjectCodes: [ 'CS205' ],
  wantsFiles: false,
  wantsHandouts: true
}
Drive Error: Permission denied: Consumer 'api_key:AIzaSyDhJCdx5SWH2nNikcg4mRMmdCiqyUy7m70' has been suspended.
[TERM_FILES_DEBUG] incomingTermRequestCheck {
  text: 'CS205 ke handouts abhi available nahi hain.',
  termType: null,
  subjectCodes: [ 'CS205' ],
  wantsFiles: false,
  wantsHandouts: true
}
Drive Error: Permission denied: Consumer 'api_key:AIzaSyDhJCdx5SWH2nNikcg4mRMmdCiqyUy7m70' has been suspended.
[TERM_FILES_DEBUG] incomingTermRequestCheck {
  text: 'CS205 ke handouts abhi available nahi hain.',
  termType: null,
  subjectCodes: [ 'CS205' ],
  wantsFiles: false,
  wantsHandouts: true
}
Drive Error: Permission denied: Consumer 'api_key:AIzaSyDhJCdx5SWH2nNikcg4mRMmdCiqyUy7m70' has been suspended.
[TERM_FILES_DEBUG] incomingTermRequestCheck {
  text: 'CS205 ke handouts abhi available nahi hain.',
  termType: null,
  subjectCodes: [ 'CS205' ],
  wantsFiles: false,
  wantsHandouts: true
}
Drive Error: Permission denied: Consumer 'api_key:AIzaSyDhJCdx5SWH2nNikcg4mRMmdCiqyUy7m70' has been suspended.
[TERM_FILES_DEBUG] incomingTermRequestCheck {
  text: 'CS205 ke handouts abhi available nahi hain.',
  termType: null,
  subjectCodes: [ 'CS205' ],
  wantsFiles: false,
  wantsHandouts: true
}
Drive Error: Permission denied: Consumer 'api_key:AIzaSyDhJCdx5SWH2nNikcg4mRMmdCiqyUy7m70' has been suspended.
[TERM_FILES_DEBUG] incomingTermRequestCheck {
  text: 'CS205 ke handouts abhi available nahi hain.',
  termType: null,
  subjectCodes: [ 'CS205' ],
  wantsFiles: false,
  wantsHandouts: true
}
Drive Error: Permission denied: Consumer 'api_key:AIzaSyDhJCdx5SWH2nNikcg4mRMmdCiqyUy7m70' has been suspended.
[TERM_FILES_DEBUG] incomingTermRequestCheck {
  text: 'CS205 ke handouts abhi available nahi hain.',
  termType: null,
  subjectCodes: [ 'CS205' ],
  wantsFiles: false,
  wantsHandouts: true
}
Drive Error: Permission denied: Consumer 'api_key:AIzaSyDhJCdx5SWH2nNikcg4mRMmdCiqyUy7m70' has been suspended.
[TERM_FILES_DEBUG] incomingTermRequestCheck {
  text: 'CS205 ke handouts abhi available nahi hain.',
  termType: null,
  subjectCodes: [ 'CS205' ],
  wantsFiles: false,
  wantsHandouts: true
}
Drive Error: Permission denied: Consumer 'api_key:AIzaSyDhJCdx5SWH2nNikcg4mRMmdCiqyUy7m70' has been suspended.
[TERM_FILES_DEBUG] incomingTermRequestCheck {
  text: 'CS205 ke handouts abhi available nahi hain.',
  termType: null,
  subjectCodes: [ 'CS205' ],
  wantsFiles: false,
  wantsHandouts: true
}
Drive Error: Permission denied: Consumer 'api_key:AIzaSyDhJCdx5SWH2nNikcg4mRMmdCiqyUy7m70' has been suspended.
[TERM_FILES_DEBUG] incomingTermRequestCheck {
  text: 'CS205 ke handouts abhi available nahi hain.',
  termType: null,
  subjectCodes: [ 'CS205' ],
  wantsFiles: false,
  wantsHandouts: true
}
Drive Error: Permission denied: Consumer 'api_key:AIzaSyDhJCdx5SWH2nNikcg4mRMmdCiqyUy7m70' has been suspended.
[TERM_FILES_DEBUG] incomingTermRequestCheck {
  text: 'CS205 ke handouts abhi available nahi hain.',
  termType: null,
  subjectCodes: [ 'CS205' ],
  wantsFiles: false,
  wantsHandouts: true
}
Drive Error: Permission denied: Consumer 'api_key:AIzaSyDhJCdx5SWH2nNikcg4mRMmdCiqyUy7m70' has been suspended.
[TERM_FILES_DEBUG] incomingTermRequestCheck {
  text: 'CS205 ke handouts abhi available nahi hain.',
  termType: null,
  subjectCodes: [ 'CS205' ],
  wantsFiles: false,
  wantsHandouts: true
}
Drive Error: Permission denied: Consumer 'api_key:AIzaSyDhJCdx5SWH2nNikcg4mRMmdCiqyUy7m70' has been suspended.
[TERM_FILES_DEBUG] incomingTermRequestCheck {
  text: 'CS205 ke handouts abhi available nahi hain.',
  termType: null,
  subjectCodes: [ 'CS205' ],
  wantsFiles: false,
  wantsHandouts: true
}
Drive Error: Permission denied: Consumer 'api_key:AIzaSyDhJCdx5SWH2nNikcg4mRMmdCiqyUy7m70' has been suspended.
[TERM_FILES_DEBUG] incomingTermRequestCheck {
  text: 'CS205 ke handouts abhi available nahi hain.',
  termType: null,
  subjectCodes: [ 'CS205' ],
  wantsFiles: false,
  wantsHandouts: true
}
Drive Error: Permission denied: Consumer 'api_key:AIzaSyDhJCdx5SWH2nNikcg4mRMmdCiqyUy7m70' has been suspended.
[TERM_FILES_DEBUG] incomingTermRequestCheck {
  text: 'CS205 ke handouts abhi available nahi hain.',
  termType: null,
  subjectCodes: [ 'CS205' ],
  wantsFiles: false,
  wantsHandouts: true
}
Drive Error: Permission denied: Consumer 'api_key:AIzaSyDhJCdx5SWH2nNikcg4mRMmdCiqyUy7m70' has been suspended.
[TERM_FILES_DEBUG] incomingTermRequestCheck {
  text: 'CS205 ke handouts abhi available nahi hain.',
  termType: null,
  subjectCodes: [ 'CS205' ],
  wantsFiles: false,
  wantsHandouts: true
}
Drive Error: Permission denied: Consumer 'api_key:AIzaSyDhJCdx5SWH2nNikcg4mRMmdCiqyUy7m70' has been suspended.
[TERM_FILES_DEBUG] incomingTermRequestCheck {
  text: 'CS205 ke handouts abhi available nahi hain.',
  termType: null,
  subjectCodes: [ 'CS205' ],
  wantsFiles: false,
  wantsHandouts: true
}
Drive Error: Permission denied: Consumer 'api_key:AIzaSyDhJCdx5SWH2nNikcg4mRMmdCiqyUy7m70' has been suspended.
[TERM_FILES_DEBUG] incomingTermRequestCheck {
  text: 'CS205 ke handouts abhi available nahi hain.',
  termType: null,
  subjectCodes: [ 'CS205' ],
  wantsFiles: false,
  wantsHandouts: true
}
Drive Error: Permission denied: Consumer 'api_key:AIzaSyDhJCdx5SWH2nNikcg4mRMmdCiqyUy7m70' has been suspended.
[TERM_FILES_DEBUG] incomingTermRequestCheck {
  text: 'CS205 ke handouts abhi available nahi hain.',
  termType: null,
  subjectCodes: [ 'CS205' ],
  wantsFiles: false,
  wantsHandouts: true
}
Drive Error: Permission denied: Consumer 'api_key:AIzaSyDhJCdx5SWH2nNikcg4mRMmdCiqyUy7m70' has been suspended.
[TERM_FILES_DEBUG] incomingTermRequestCheck {
  text: 'CS205 ke handouts abhi available nahi hain.',
  termType: null,
  subjectCodes: [ 'CS205' ],
  wantsFiles: false,
  wantsHandouts: true
}
Drive Error: Permission denied: Consumer 'api_key:AIzaSyDhJCdx5SWH2nNikcg4mRMmdCiqyUy7m70' has been suspended.
[TERM_FILES_DEBUG] incomingTermRequestCheck {
  text: 'CS205 ke handouts abhi available nahi hain.',
  termType: null,
  subjectCodes: [ 'CS205' ],
  wantsFiles: false,
  wantsHandouts: true
}
Drive Error: Permission denied: Consumer 'api_key:AIzaSyDhJCdx5SWH2nNikcg4mRMmdCiqyUy7m70' has been suspended.
[TERM_FILES_DEBUG] incomingTermRequestCheck {
  text: 'CS205 ke handouts abhi available nahi hain.',
  termType: null,
  subjectCodes: [ 'CS205' ],
  wantsFiles: false,
  wantsHandouts: true
}
Drive Error: Permission denied: Consumer 'api_key:AIzaSyDhJCdx5SWH2nNikcg4mRMmdCiqyUy7m70' has been suspended.
[TERM_FILES_DEBUG] incomingTermRequestCheck {
  text: 'CS205 ke handouts abhi available nahi hain.',
  termType: null,
  subjectCodes: [ 'CS205' ],
  wantsFiles: false,
  wantsHandouts: true
}
Drive Error: Permission denied: Consumer 'api_key:AIzaSyDhJCdx5SWH2nNikcg4mRMmdCiqyUy7m70' has been suspended.
[TERM_FILES_DEBUG] incomingTermRequestCheck {
  text: 'CS205 ke handouts abhi available nahi hain.',
  termType: null,
  subjectCodes: [ 'CS205' ],
  wantsFiles: false,
  wantsHandouts: true
}
Drive Error: Permission denied: Consumer 'api_key:AIzaSyDhJCdx5SWH2nNikcg4mRMmdCiqyUy7m70' has been suspended.
[TERM_FILES_DEBUG] incomingTermRequestCheck {
  text: 'CS205 ke handouts abhi available nahi hain.',
  termType: null,
  subjectCodes: [ 'CS205' ],
  wantsFiles: false,
  wantsHandouts: true
}
Drive Error: Permission denied: Consumer 'api_key:AIzaSyDhJCdx5SWH2nNikcg4mRMmdCiqyUy7m70' has been suspended.
[TERM_FILES_DEBUG] incomingTermRequestCheck {
  text: 'CS205 ke handouts abhi available nahi hain.',
  termType: null,
  subjectCodes: [ 'CS205' ],
  wantsFiles: false,
  wantsHandouts: true
}
Drive Error: Permission denied: Consumer 'api_key:AIzaSyDhJCdx5SWH2nNikcg4mRMmdCiqyUy7m70' has been suspended.
[TERM_FILES_DEBUG] incomingTermRequestCheck {
  text: 'CS205 ke handouts abhi available nahi hain.',
  termType: null,
  subjectCodes: [ 'CS205' ],
  wantsFiles: false,
  wantsHandouts: true
}
Drive Error: Permission denied: Consumer 'api_key:AIzaSyDhJCdx5SWH2nNikcg4mRMmdCiqyUy7m70' has been suspended.
[TERM_FILES_DEBUG] incomingTermRequestCheck {
  text: 'CS205 ke handouts abhi available nahi hain.',
  termType: null,
  subjectCodes: [ 'CS205' ],
  wantsFiles: false,
  wantsHandouts: true
}
Drive Error: Permission denied: Consumer 'api_key:AIzaSyDhJCdx5SWH2nNikcg4mRMmdCiqyUy7m70' has been suspended.
[TERM_FILES_DEBUG] incomingTermRequestCheck {
  text: 'CS205 ke handouts abhi available nahi hain.',
  termType: null,
  subjectCodes: [ 'CS205' ],
  wantsFiles: false,
  wantsHandouts: true
}
Drive Error: Permission denied: Consumer 'api_key:AIzaSyDhJCdx5SWH2nNikcg4mRMmdCiqyUy7m70' has been suspended.
[TERM_FILES_DEBUG] incomingTermRequestCheck {
  text: 'CS205 ke handouts abhi available nahi hain.',
  termType: null,
  subjectCodes: [ 'CS205' ],
  wantsFiles: false,
  wantsHandouts: true
}
Drive Error: Permission denied: Consumer 'api_key:AIzaSyDhJCdx5SWH2nNikcg4mRMmdCiqyUy7m70' has been suspended.
[TERM_FILES_DEBUG] incomingTermRequestCheck {
  text: 'CS205 ke handouts abhi available nahi hain.',
  termType: null,
  subjectCodes: [ 'CS205' ],
  wantsFiles: false,
  wantsHandouts: true
}
Drive Error: Permission denied: Consumer 'api_key:AIzaSyDhJCdx5SWH2nNikcg4mRMmdCiqyUy7m70' has been suspended.
[TERM_FILES_DEBUG] incomingTermRequestCheck {
  text: 'CS205 ke handouts abhi available nahi hain.',
  termType: null,
  subjectCodes: [ 'CS205' ],
  wantsFiles: false,
  wantsHandouts: true
}
Drive Error: Permission denied: Consumer 'api_key:AIzaSyDhJCdx5SWH2nNikcg4mRMmdCiqyUy7m70' has been suspended.
[TERM_FILES_DEBUG] incomingTermRequestCheck {
  text: 'CS205 ke handouts abhi available nahi hain.',
  termType: null,
  subjectCodes: [ 'CS205' ],
  wantsFiles: false,
  wantsHandouts: true
}
Drive Error: Permission denied: Consumer 'api_key:AIzaSyDhJCdx5SWH2nNikcg4mRMmdCiqyUy7m70' has been suspended.
[TERM_FILES_DEBUG] incomingTermRequestCheck {
  text: 'CS205 ke handouts abhi available nahi hain.',
  termType: null,
  subjectCodes: [ 'CS205' ],
  wantsFiles: false,
  wantsHandouts: true
}
Drive Error: Permission denied: Consumer 'api_key:AIzaSyDhJCdx5SWH2nNikcg4mRMmdCiqyUy7m70' has been suspended.
[TERM_FILES_DEBUG] incomingTermRequestCheck {
  text: 'CS205 ke handouts abhi available nahi hain.',
  termType: null,
  subjectCodes: [ 'CS205' ],
  wantsFiles: false,
  wantsHandouts: true
}
Drive Error: Permission denied: Consumer 'api_key:AIzaSyDhJCdx5SWH2nNikcg4mRMmdCiqyUy7m70' has been suspended.
[TERM_FILES_DEBUG] incomingTermRequestCheck {
  text: 'CS205 ke handouts abhi available nahi hain.',
  termType: null,
  subjectCodes: [ 'CS205' ],
  wantsFiles: false,
  wantsHandouts: true
}
[TERM_FILES_DEBUG] incomingTermRequestCheck {
  text: '313 big red',
  termType: null,
  subjectCodes: [],
  wantsFiles: false,
  wantsHandouts: false
}
Drive Error: Permission denied: Consumer 'api_key:AIzaSyDhJCdx5SWH2nNikcg4mRMmdCiqyUy7m70' has been suspended.
[TERM_FILES_DEBUG] incomingTermRequestCheck {
  text: 'CS205 ke handouts abhi available nahi hain.',
  termType: null,
  subjectCodes: [ 'CS205' ],
  wantsFiles: false,
  wantsHandouts: true
}
Drive Error: Permission denied: Consumer 'api_key:AIzaSyDhJCdx5SWH2nNikcg4mRMmdCiqyUy7m70' has been suspended.
[TERM_FILES_DEBUG] incomingTermRequestCheck {
  text: 'CS205 ke handouts abhi available nahi hain.',
  termType: null,
  subjectCodes: [ 'CS205' ],
  wantsFiles: false,
  wantsHandouts: true
}
Drive Error: Permission denied: Consumer 'api_key:AIzaSyDhJCdx5SWH2nNikcg4mRMmdCiqyUy7m70' has been suspended.
[TERM_FILES_DEBUG] incomingTermRequestCheck {
  text: 'CS205 ke handouts abhi available nahi hain.',
  termType: null,
  subjectCodes: [ 'CS205' ],
  wantsFiles: false,
  wantsHandouts: true
}
Drive Error: Permission denied: Consumer 'api_key:AIzaSyDhJCdx5SWH2nNikcg4mRMmdCiqyUy7m70' has been suspended.
[TERM_FILES_DEBUG] incomingTermRequestCheck {
  text: 'CS205 ke handouts abhi available nahi hain.',
  termType: null,
  subjectCodes: [ 'CS205' ],
  wantsFiles: false,
  wantsHandouts: true
}
Drive Error: Permission denied: Consumer 'api_key:AIzaSyDhJCdx5SWH2nNikcg4mRMmdCiqyUy7m70' has been suspended.
[TERM_FILES_DEBUG] incomingTermRequestCheck {
  text: 'CS205 ke handouts abhi available nahi hain.',
  termType: null,
  subjectCodes: [ 'CS205' ],
  wantsFiles: false,
  wantsHandouts: true
}
Drive Error: Permission denied: Consumer 'api_key:AIzaSyDhJCdx5SWH2nNikcg4mRMmdCiqyUy7m70' has been suspended.
[TERM_FILES_DEBUG] incomingTermRequestCheck {
  text: 'CS205 ke handouts abhi available nahi hain.',
  termType: null,
  subjectCodes: [ 'CS205' ],
  wantsFiles: false,
  wantsHandouts: true
}
Drive Error: Permission denied: Consumer 'api_key:AIzaSyDhJCdx5SWH2nNikcg4mRMmdCiqyUy7m70' has been suspended.
[TERM_FILES_DEBUG] incomingTermRequestCheck {
  text: 'CS205 ke handouts abhi available nahi hain.',
  termType: null,
  subjectCodes: [ 'CS205' ],
  wantsFiles: false,
  wantsHandouts: true
}
Drive Error: Permission denied: Consumer 'api_key:AIzaSyDhJCdx5SWH2nNikcg4mRMmdCiqyUy7m70' has been suspended.
[TERM_FILES_DEBUG] incomingTermRequestCheck {
  text: 'CS205 ke handouts abhi available nahi hain.',
  termType: null,
  subjectCodes: [ 'CS205' ],
  wantsFiles: false,
  wantsHandouts: true
}
Drive Error: Permission denied: Consumer 'api_key:AIzaSyDhJCdx5SWH2nNikcg4mRMmdCiqyUy7m70' has been suspended.
[TERM_FILES_DEBUG] incomingTermRequestCheck {
  text: 'CS205 ke handouts abhi available nahi hain.',
  termType: null,
  subjectCodes: [ 'CS205' ],
  wantsFiles: false,
  wantsHandouts: true
}
Drive Error: Permission denied: Consumer 'api_key:AIzaSyDhJCdx5SWH2nNikcg4mRMmdCiqyUy7m70' has been suspended.
[TERM_FILES_DEBUG] incomingTermRequestCheck {
  text: 'CS205 ke handouts abhi available nahi hain.',
  termType: null,
  subjectCodes: [ 'CS205' ],
  wantsFiles: false,
  wantsHandouts: true
}
Drive Error: Permission denied: Consumer 'api_key:AIzaSyDhJCdx5SWH2nNikcg4mRMmdCiqyUy7m70' has been suspended.
[TERM_FILES_DEBUG] incomingTermRequestCheck {
  text: 'CS205 ke handouts abhi available nahi hain.',
  termType: null,
  subjectCodes: [ 'CS205' ],
  wantsFiles: false,
  wantsHandouts: true
}
Drive Error: Permission denied: Consumer 'api_key:AIzaSyDhJCdx5SWH2nNikcg4mRMmdCiqyUy7m70' has been suspended.
[TERM_FILES_DEBUG] incomingTermRequestCheck {
  text: 'CS205 ke handouts abhi available nahi hain.',
  termType: null,
  subjectCodes: [ 'CS205' ],
  wantsFiles: false,
  wantsHandouts: true
}
Drive Error: Permission denied: Consumer 'api_key:AIzaSyDhJCdx5SWH2nNikcg4mRMmdCiqyUy7m70' has been suspended.
[TERM_FILES_DEBUG] incomingTermRequestCheck {
  text: 'CS205 ke handouts abhi available nahi hain.',
  termType: null,
  subjectCodes: [ 'CS205' ],
  wantsFiles: false,
  wantsHandouts: true
}
Drive Error: Permission denied: Consumer 'api_key:AIzaSyDhJCdx5SWH2nNikcg4mRMmdCiqyUy7m70' has been suspended.
[TERM_FILES_DEBUG] incomingTermRequestCheck {
  text: 'CS205 ke handouts abhi available nahi hain.',
  termType: null,
  subjectCodes: [ 'CS205' ],
  wantsFiles: false,
  wantsHandouts: true
}
Drive Error: Permission denied: Consumer 'api_key:AIzaSyDhJCdx5SWH2nNikcg4mRMmdCiqyUy7m70' has been suspended.
[TERM_FILES_DEBUG] incomingTermRequestCheck {
  text: 'CS205 ke handouts abhi available nahi hain.',
  termType: null,
  subjectCodes: [ 'CS205' ],
  wantsFiles: false,
  wantsHandouts: true
}
Drive Error: Permission denied: Consumer 'api_key:AIzaSyDhJCdx5SWH2nNikcg4mRMmdCiqyUy7m70' has been suspended.
[TERM_FILES_DEBUG] incomingTermRequestCheck {
  text: 'CS205 ke handouts abhi available nahi hain.',
  termType: null,
  subjectCodes: [ 'CS205' ],
  wantsFiles: false,
  wantsHandouts: true
}
Drive Error: Permission denied: Consumer 'api_key:AIzaSyDhJCdx5SWH2nNikcg4mRMmdCiqyUy7m70' has been suspended.
[TERM_FILES_DEBUG] incomingTermRequestCheck {
  text: 'CS205 ke handouts abhi available nahi hain.',
  termType: null,
  subjectCodes: [ 'CS205' ],
  wantsFiles: false,
  wantsHandouts: true
}
Drive Error: Permission denied: Consumer 'api_key:AIzaSyDhJCdx5SWH2nNikcg4mRMmdCiqyUy7m70' has been suspended.
[TERM_FILES_DEBUG] incomingTermRequestCheck {
  text: 'CS205 ke handouts abhi available nahi hain.',
  termType: null,
  subjectCodes: [ 'CS205' ],
  wantsFiles: false,
  wantsHandouts: true
}
Drive Error: Permission denied: Consumer 'api_key:AIzaSyDhJCdx5SWH2nNikcg4mRMmdCiqyUy7m70' has been suspended.
[TERM_FILES_DEBUG] incomingTermRequestCheck {
  text: 'CS205 ke handouts abhi available nahi hain.',
  termType: null,
  subjectCodes: [ 'CS205' ],
  wantsFiles: false,
  wantsHandouts: true
}
Drive Error: Permission denied: Consumer 'api_key:AIzaSyDhJCdx5SWH2nNikcg4mRMmdCiqyUy7m70' has been suspended.
[TERM_FILES_DEBUG] incomingTermRequestCheck {
  text: 'CS205 ke handouts abhi available nahi hain.',
  termType: null,
  subjectCodes: [ 'CS205' ],
  wantsFiles: false,
  wantsHandouts: true
}
Drive Error: Permission denied: Consumer 'api_key:AIzaSyDhJCdx5SWH2nNikcg4mRMmdCiqyUy7m70' has been suspended.
[TERM_FILES_DEBUG] incomingTermRequestCheck {
  text: 'CS205 ke handouts abhi available nahi hain.',
  termType: null,
  subjectCodes: [ 'CS205' ],
  wantsFiles: false,
  wantsHandouts: true
}
Drive Error: Permission denied: Consumer 'api_key:AIzaSyDhJCdx5SWH2nNikcg4mRMmdCiqyUy7m70' has been suspended.
[TERM_FILES_DEBUG] incomingTermRequestCheck {
  text: 'CS205 ke handouts abhi available nahi hain.',
  termType: null,
  subjectCodes: [ 'CS205' ],
  wantsFiles: false,
  wantsHandouts: true
}
Drive Error: Permission denied: Consumer 'api_key:AIzaSyDhJCdx5SWH2nNikcg4mRMmdCiqyUy7m70' has been suspended.
[TERM_FILES_DEBUG] incomingTermRequestCheck {
  text: 'CS205 ke handouts abhi available nahi hain.',
  termType: null,
  subjectCodes: [ 'CS205' ],
  wantsFiles: false,
  wantsHandouts: true
}
Drive Error: Permission denied: Consumer 'api_key:AIzaSyDhJCdx5SWH2nNikcg4mRMmdCiqyUy7m70' has been suspended.
[TERM_FILES_DEBUG] incomingTermRequestCheck {
  text: 'CS205 ke handouts abhi available nahi hain.',
  termType: null,
  subjectCodes: [ 'CS205' ],
  wantsFiles: false,
  wantsHandouts: true
}
Drive Error: Permission denied: Consumer 'api_key:AIzaSyDhJCdx5SWH2nNikcg4mRMmdCiqyUy7m70' has been suspended.
[TERM_FILES_DEBUG] incomingTermRequestCheck {
  text: 'CS205 ke handouts abhi available nahi hain.',
  termType: null,
  subjectCodes: [ 'CS205' ],
  wantsFiles: false,
  wantsHandouts: true
}
Drive Error: Permission denied: Consumer 'api_key:AIzaSyDhJCdx5SWH2nNikcg4mRMmdCiqyUy7m70' has been suspended.
[TERM_FILES_DEBUG] incomingTermRequestCheck {
  text: 'CS205 ke handouts abhi available nahi hain.',
  termType: null,
  subjectCodes: [ 'CS205' ],
  wantsFiles: false,
  wantsHandouts: true
}
Drive Error: Permission denied: Consumer 'api_key:AIzaSyDhJCdx5SWH2nNikcg4mRMmdCiqyUy7m70' has been suspended.
[TERM_FILES_DEBUG] incomingTermRequestCheck {
  text: 'CS205 ke handouts abhi available nahi hain.',
  termType: null,
  subjectCodes: [ 'CS205' ],
  wantsFiles: false,
  wantsHandouts: true
}
Drive Error: Permission denied: Consumer 'api_key:AIzaSyDhJCdx5SWH2nNikcg4mRMmdCiqyUy7m70' has been suspended.
[TERM_FILES_DEBUG] incomingTermRequestCheck {
  text: 'CS205 ke handouts abhi available nahi hain.',
  termType: null,
  subjectCodes: [ 'CS205' ],
  wantsFiles: false,
  wantsHandouts: true
}
Drive Error: Permission denied: Consumer 'api_key:AIzaSyDhJCdx5SWH2nNikcg4mRMmdCiqyUy7m70' has been suspended.
[TERM_FILES_DEBUG] incomingTermRequestCheck {
  text: 'CS205 ke handouts abhi available nahi hain.',
  termType: null,
  subjectCodes: [ 'CS205' ],
  wantsFiles: false,
  wantsHandouts: true
}
Drive Error: Permission denied: Consumer 'api_key:AIzaSyDhJCdx5SWH2nNikcg4mRMmdCiqyUy7m70' has been suspended.
[TERM_FILES_DEBUG] incomingTermRequestCheck {
  text: 'CS205 ke handouts abhi available nahi hain.',
  termType: null,
  subjectCodes: [ 'CS205' ],
  wantsFiles: false,
  wantsHandouts: true
}
Drive Error: Permission denied: Consumer 'api_key:AIzaSyDhJCdx5SWH2nNikcg4mRMmdCiqyUy7m70' has been suspended.
[TERM_FILES_DEBUG] incomingTermRequestCheck {
  text: 'CS205 ke handouts abhi available nahi hain.',
  termType: null,
  subjectCodes: [ 'CS205' ],
  wantsFiles: false,
  wantsHandouts: true
}
Drive Error: Permission denied: Consumer 'api_key:AIzaSyDhJCdx5SWH2nNikcg4mRMmdCiqyUy7m70' has been suspended.
[TERM_FILES_DEBUG] incomingTermRequestCheck {
  text: 'CS205 ke handouts abhi available nahi hain.',
  termType: null,
  subjectCodes: [ 'CS205' ],
  wantsFiles: false,
  wantsHandouts: true
}
Drive Error: Permission denied: Consumer 'api_key:AIzaSyDhJCdx5SWH2nNikcg4mRMmdCiqyUy7m70' has been suspended.
[TERM_FILES_DEBUG] incomingTermRequestCheck {
  text: 'CS205 ke handouts abhi available nahi hain.',
  termType: null,
  subjectCodes: [ 'CS205' ],
  wantsFiles: false,
  wantsHandouts: true
}
Drive Error: Permission denied: Consumer 'api_key:AIzaSyDhJCdx5SWH2nNikcg4mRMmdCiqyUy7m70' has been suspended.
[TERM_FILES_DEBUG] incomingTermRequestCheck {
  text: 'CS205 ke handouts abhi available nahi hain.',
  termType: null,
  subjectCodes: [ 'CS205' ],
  wantsFiles: false,
  wantsHandouts: true
}
Drive Error: Permission denied: Consumer 'api_key:AIzaSyDhJCdx5SWH2nNikcg4mRMmdCiqyUy7m70' has been suspended.
[TERM_FILES_DEBUG] incomingTermRequestCheck {
  text: 'CS205 ke handouts abhi available nahi hain.',
  termType: null,
  subjectCodes: [ 'CS205' ],
  wantsFiles: false,
  wantsHandouts: true
}
Drive Error: Permission denied: Consumer 'api_key:AIzaSyDhJCdx5SWH2nNikcg4mRMmdCiqyUy7m70' has been suspended.
[TERM_FILES_DEBUG] incomingTermRequestCheck {
  text: 'CS205 ke handouts abhi available nahi hain.',
  termType: null,
  subjectCodes: [ 'CS205' ],
  wantsFiles: false,
  wantsHandouts: true
}
Drive Error: Permission denied: Consumer 'api_key:AIzaSyDhJCdx5SWH2nNikcg4mRMmdCiqyUy7m70' has been suspended.
[TERM_FILES_DEBUG] incomingTermRequestCheck {
  text: 'CS205 ke handouts abhi available nahi hain.',
  termType: null,
  subjectCodes: [ 'CS205' ],
  wantsFiles: false,
  wantsHandouts: true
}
Drive Error: Permission denied: Consumer 'api_key:AIzaSyDhJCdx5SWH2nNikcg4mRMmdCiqyUy7m70' has been suspended.
[TERM_FILES_DEBUG] incomingTermRequestCheck {
  text: 'CS205 ke handouts abhi available nahi hain.',
  termType: null,
  subjectCodes: [ 'CS205' ],
  wantsFiles: false,
  wantsHandouts: true
}
Drive Error: Permission denied: Consumer 'api_key:AIzaSyDhJCdx5SWH2nNikcg4mRMmdCiqyUy7m70' has been suspended.
[TERM_FILES_DEBUG] incomingTermRequestCheck {
  text: 'CS205 ke handouts abhi available nahi hain.',
  termType: null,
  subjectCodes: [ 'CS205' ],
  wantsFiles: false,
  wantsHandouts: true
}
Drive Error: Permission denied: Consumer 'api_key:AIzaSyDhJCdx5SWH2nNikcg4mRMmdCiqyUy7m70' has been suspended.
[TERM_FILES_DEBUG] incomingTermRequestCheck {
  text: 'CS205 ke handouts abhi available nahi hain.',
  termType: null,
  subjectCodes: [ 'CS205' ],
  wantsFiles: false,
  wantsHandouts: true
}
Drive Error: Permission denied: Consumer 'api_key:AIzaSyDhJCdx5SWH2nNikcg4mRMmdCiqyUy7m70' has been suspended.
[TERM_FILES_DEBUG] incomingTermRequestCheck {
  text: 'CS205 ke handouts abhi available nahi hain.',
  termType: null,
  subjectCodes: [ 'CS205' ],
  wantsFiles: false,
  wantsHandouts: true
}
Drive Error: Permission denied: Consumer 'api_key:AIzaSyDhJCdx5SWH2nNikcg4mRMmdCiqyUy7m70' has been suspended.
[TERM_FILES_DEBUG] incomingTermRequestCheck {
  text: 'CS205 ke handouts abhi available nahi hain.',
  termType: null,
  subjectCodes: [ 'CS205' ],
  wantsFiles: false,
  wantsHandouts: true
}
Drive Error: Permission denied: Consumer 'api_key:AIzaSyDhJCdx5SWH2nNikcg4mRMmdCiqyUy7m70' has been suspended.
[TERM_FILES_DEBUG] incomingTermRequestCheck {
  text: 'CS205 ke handouts abhi available nahi hain.',
  termType: null,
  subjectCodes: [ 'CS205' ],
  wantsFiles: false,
  wantsHandouts: true
}
Drive Error: Permission denied: Consumer 'api_key:AIzaSyDhJCdx5SWH2nNikcg4mRMmdCiqyUy7m70' has been suspended.
[TERM_FILES_DEBUG] incomingTermRequestCheck {
  text: 'CS205 ke handouts abhi available nahi hain.',
  termType: null,
  subjectCodes: [ 'CS205' ],
  wantsFiles: false,
  wantsHandouts: true
}
Drive Error: Permission denied: Consumer 'api_key:AIzaSyDhJCdx5SWH2nNikcg4mRMmdCiqyUy7m70' has been suspended.
[TERM_FILES_DEBUG] incomingTermRequestCheck {
  text: 'CS205 ke handouts abhi available nahi hain.',
  termType: null,
  subjectCodes: [ 'CS205' ],
  wantsFiles: false,
  wantsHandouts: true
}
Drive Error: Permission denied: Consumer 'api_key:AIzaSyDhJCdx5SWH2nNikcg4mRMmdCiqyUy7m70' has been suspended.
[TERM_FILES_DEBUG] incomingTermRequestCheck {
  text: 'CS205 ke handouts abhi available nahi hain.',
  termType: null,
  subjectCodes: [ 'CS205' ],
  wantsFiles: false,
  wantsHandouts: true
}
Drive Error: Permission denied: Consumer 'api_key:AIzaSyDhJCdx5SWH2nNikcg4mRMmdCiqyUy7m70' has been suspended.
[TERM_FILES_DEBUG] incomingTermRequestCheck {
  text: 'CS205 ke handouts abhi available nahi hain.',
  termType: null,
  subjectCodes: [ 'CS205' ],
  wantsFiles: false,
  wantsHandouts: true
}
Drive Error: Permission denied: Consumer 'api_key:AIzaSyDhJCdx5SWH2nNikcg4mRMmdCiqyUy7m70' has been suspended.
[TERM_FILES_DEBUG] incomingTermRequestCheck {
  text: 'CS205 ke handouts abhi available nahi hain.',
  termType: null,
  subjectCodes: [ 'CS205' ],
  wantsFiles: false,
  wantsHandouts: true
}
Drive Error: Permission denied: Consumer 'api_key:AIzaSyDhJCdx5SWH2nNikcg4mRMmdCiqyUy7m70' has been suspended.
[TERM_FILES_DEBUG] incomingTermRequestCheck {
  text: 'CS205 ke handouts abhi available nahi hain.',
  termType: null,
  subjectCodes: [ 'CS205' ],
  wantsFiles: false,
  wantsHandouts: true
}
Drive Error: Permission denied: Consumer 'api_key:AIzaSyDhJCdx5SWH2nNikcg4mRMmdCiqyUy7m70' has been suspended.
[TERM_FILES_DEBUG] incomingTermRequestCheck {
  text: 'CS205 ke handouts abhi available nahi hain.',
  termType: null,
  subjectCodes: [ 'CS205' ],
  wantsFiles: false,
  wantsHandouts: true
}
Drive Error: Permission denied: Consumer 'api_key:AIzaSyDhJCdx5SWH2nNikcg4mRMmdCiqyUy7m70' has been suspended.
[TERM_FILES_DEBUG] incomingTermRequestCheck {
  text: 'CS205 ke handouts abhi available nahi hain.',
  termType: null,
  subjectCodes: [ 'CS205' ],
  wantsFiles: false,
  wantsHandouts: true
}
Drive Error: Permission denied: Consumer 'api_key:AIzaSyDhJCdx5SWH2nNikcg4mRMmdCiqyUy7m70' has been suspended.
[TERM_FILES_DEBUG] incomingTermRequestCheck {
  text: 'CS205 ke handouts abhi available nahi hain.',
  termType: null,
  subjectCodes: [ 'CS205' ],
  wantsFiles: false,
  wantsHandouts: true
}
Drive Error: Permission denied: Consumer 'api_key:AIzaSyDhJCdx5SWH2nNikcg4mRMmdCiqyUy7m70' has been suspended.
[TERM_FILES_DEBUG] incomingTermRequestCheck {
  text: 'CS205 ke handouts abhi available nahi hain.',
  termType: null,
  subjectCodes: [ 'CS205' ],
  wantsFiles: false,
  wantsHandouts: true
}
Drive Error: Permission denied: Consumer 'api_key:AIzaSyDhJCdx5SWH2nNikcg4mRMmdCiqyUy7m70' has been suspended.
[TERM_FILES_DEBUG] incomingTermRequestCheck {
  text: 'CS205 ke handouts abhi available nahi hain.',
  termType: null,
  subjectCodes: [ 'CS205' ],
  wantsFiles: false,
  wantsHandouts: true
}
Drive Error: Permission denied: Consumer 'api_key:AIzaSyDhJCdx5SWH2nNikcg4mRMmdCiqyUy7m70' has been suspended.
[TERM_FILES_DEBUG] incomingTermRequestCheck {
  text: 'CS205 ke handouts abhi available nahi hain.',
  termType: null,
  subjectCodes: [ 'CS205' ],
  wantsFiles: false,
  wantsHandouts: true
}
Drive Error: Permission denied: Consumer 'api_key:AIzaSyDhJCdx5SWH2nNikcg4mRMmdCiqyUy7m70' has been suspended.
[TERM_FILES_DEBUG] incomingTermRequestCheck {
  text: 'CS205 ke handouts abhi available nahi hain.',
  termType: null,
  subjectCodes: [ 'CS205' ],
  wantsFiles: false,
  wantsHandouts: true
}
Drive Error: Permission denied: Consumer 'api_key:AIzaSyDhJCdx5SWH2nNikcg4mRMmdCiqyUy7m70' has been suspended.
[TERM_FILES_DEBUG] incomingTermRequestCheck {
  text: 'CS205 ke handouts abhi available nahi hain.',
  termType: null,
  subjectCodes: [ 'CS205' ],
  wantsFiles: false,
  wantsHandouts: true
}
Drive Error: Permission denied: Consumer 'api_key:AIzaSyDhJCdx5SWH2nNikcg4mRMmdCiqyUy7m70' has been suspended.
[TERM_FILES_DEBUG] incomingTermRequestCheck {
  text: 'CS205 ke handouts abhi available nahi hain.',
  termType: null,
  subjectCodes: [ 'CS205' ],
  wantsFiles: false,
  wantsHandouts: true
}
Drive Error: Permission denied: Consumer 'api_key:AIzaSyDhJCdx5SWH2nNikcg4mRMmdCiqyUy7m70' has been suspended.
[TERM_FILES_DEBUG] incomingTermRequestCheck {
  text: 'CS205 ke handouts abhi available nahi hain.',
  termType: null,
  subjectCodes: [ 'CS205' ],
  wantsFiles: false,
  wantsHandouts: true
}
Drive Error: Permission denied: Consumer 'api_key:AIzaSyDhJCdx5SWH2nNikcg4mRMmdCiqyUy7m70' has been suspended.
[TERM_FILES_DEBUG] incomingTermRequestCheck {
  text: 'CS205 ke handouts abhi available nahi hain.',
  termType: null,
  subjectCodes: [ 'CS205' ],
  wantsFiles: false,
  wantsHandouts: true
}
Drive Error: Permission denied: Consumer 'api_key:AIzaSyDhJCdx5SWH2nNikcg4mRMmdCiqyUy7m70' has been suspended.
[TERM_FILES_DEBUG] incomingTermRequestCheck {
  text: '314 small red',
  termType: null,
  subjectCodes: [],
  wantsFiles: false,
  wantsHandouts: false
}
[TERM_FILES_DEBUG] incomingTermRequestCheck {
  text: 'CS205 ke handouts abhi available nahi hain.',
  termType: null,
  subjectCodes: [ 'CS205' ],
  wantsFiles: false,
  wantsHandouts: true
}
Drive Error: Permission denied: Consumer 'api_key:AIzaSyDhJCdx5SWH2nNikcg4mRMmdCiqyUy7m70' has been suspended.
[TERM_FILES_DEBUG] incomingTermRequestCheck {
  text: 'CS205 ke handouts abhi available nahi hain.',
  termType: null,
  subjectCodes: [ 'CS205' ],
  wantsFiles: false,
  wantsHandouts: true
}
Drive Error: Permission denied: Consumer 'api_key:AIzaSyDhJCdx5SWH2nNikcg4mRMmdCiqyUy7m70' has been suspended.
[TERM_FILES_DEBUG] incomingTermRequestCheck {
  text: 'CS205 ke handouts abhi available nahi hain.',
  termType: null,
  subjectCodes: [ 'CS205' ],
  wantsFiles: false,
  wantsHandouts: true
}
Drive Error: Permission denied: Consumer 'api_key:AIzaSyDhJCdx5SWH2nNikcg4mRMmdCiqyUy7m70' has been suspended.
[TERM_FILES_DEBUG] incomingTermRequestCheck {
  text: 'CS205 ke handouts abhi available nahi hain.',
  termType: null,
  subjectCodes: [ 'CS205' ],
  wantsFiles: false,
  wantsHandouts: true
}
Drive Error: Permission denied: Consumer 'api_key:AIzaSyDhJCdx5SWH2nNikcg4mRMmdCiqyUy7m70' has been suspended.
[TERM_FILES_DEBUG] incomingTermRequestCheck {
  text: 'CS205 ke handouts abhi available nahi hain.',
  termType: null,
  subjectCodes: [ 'CS205' ],
  wantsFiles: false,
  wantsHandouts: true
}
Drive Error: Permission denied: Consumer 'api_key:AIzaSyDhJCdx5SWH2nNikcg4mRMmdCiqyUy7m70' has been suspended.
[TERM_FILES_DEBUG] incomingTermRequestCheck {
  text: 'CS205 ke handouts abhi available nahi hain.',
  termType: null,
  subjectCodes: [ 'CS205' ],
  wantsFiles: false,
  wantsHandouts: true
}
Drive Error: Permission denied: Consumer 'api_key:AIzaSyDhJCdx5SWH2nNikcg4mRMmdCiqyUy7m70' has been suspended.
[TERM_FILES_DEBUG] incomingTermRequestCheck {
  text: 'CS205 ke handouts abhi available nahi hain.',
  termType: null,
  subjectCodes: [ 'CS205' ],
  wantsFiles: false,
  wantsHandouts: true
}
Drive Error: Permission denied: Consumer 'api_key:AIzaSyDhJCdx5SWH2nNikcg4mRMmdCiqyUy7m70' has been suspended.
[TERM_FILES_DEBUG] incomingTermRequestCheck {
  text: 'CS205 ke handouts abhi available nahi hain.',
  termType: null,
  subjectCodes: [ 'CS205' ],
  wantsFiles: false,
  wantsHandouts: true
}
Update C:\Users\Adeel Mehar\OneDrive\Desktop\Abdulbot-main\Abdulbot-main\index.js
Drive Error: Permission denied: Consumer 'api_key:AIzaSyDhJCdx5SWH2nNikcg4mRMmdCiqyUy7m70' has been suspended.
🔄 Connecting to WhatsApp...
[TERM_FILES_DEBUG] incomingTermRequestCheck {
  text: 'CS205 ke handouts abhi available nahi hain.',
  termType: null,
  subjectCodes: [ 'CS205' ],
  wantsFiles: false,
  wantsHandouts: true
}
Drive Error: Permission denied: Consumer 'api_key:AIzaSyDhJCdx5SWH2nNikcg4mRMmdCiqyUy7m70' has been suspended.
[TERM_FILES_DEBUG] incomingTermRequestCheck {
  text: 'CS205 ke handouts abhi available nahi hain.',
  termType: null,
  subjectCodes: [ 'CS205' ],
  wantsFiles: false,
  wantsHandouts: true
}
Drive Error: Permission denied: Consumer 'api_key:AIzaSyDhJCdx5SWH2nNikcg4mRMmdCiqyUy7m70' has been suspended.
Connection closed due to Error: Stream Errored (conflict), reconnecting true
Reconnecting...
 
🌿Connected to => {
  "id": "923195845103:16@s.whatsapp.net",
  "name": "ABDUL",
  "lid": "86041650311258:16@lid"
}
Closing session: SessionEntry {
  _chains: {
    'BQw+rcIyMfZWIcW3i80aAXjKJtEjd62VKIKcvege/q9A': { chainKey: [Object], chainType: 2, messageKeys: {} },
    'BWlDGRZYP+ZmNZFHSuxbAh+WE6+E5E0AUj3c5iHicvkE': { chainKey: [Object], chainType: 2, messageKeys: {} },
    BY30ZBwMHyTJ1w0BBO1BEmNIT6QhlPL03WfeEd933N5Q: { chainKey: [Object], chainType: 1, messageKeys: {} }
  },
  registrationId: 487531349,
  currentRatchet: {
    ephemeralKeyPair: {
      pubKey: <Buffer 05 8d f4 64 1c 0c 1f 24 c9 d7 0d 01 04 ed 41 12 63 48 4f a4 21 94 f2 f4 dd 67 de 11 df 77 dc de 50>,
      privKey: <Buffer c8 09 10 0e 37 c4 fc 9c df 05 05 d0 34 fa 66 58 65 59 97 af 85 ce 6b 5f 7b 3b 1e cd ff b8 2f 55>
    },
    lastRemoteEphemeralKey: <Buffer 05 69 43 19 16 58 3f e6 66 35 91 47 4a ec 5b 02 1f 96 13 af 84 e4 4d 00 52 3d dc e6 21 e2 72 f9 04>,
    previousCounter: 2,
    rootKey: <Buffer 1f 6e 25 27 28 7c c8 96 da f2 fc e2 6e 1b 88 f0 af 14 2c a4 e0 33 09 c2 55 38 e8 cb f7 2f 36 16>
  },
  indexInfo: {
    baseKey: <Buffer 05 4a 74 a8 9d 47 be 33 68 65 e8 8f 0a 2f 48 64 b5 9e b8 0f e7 06 24 9b 8b 44 0e fb f2 7b c2 0a 37>,
    baseKeyType: 1,
    closed: -1,
    used: 1776834578350,
    created: 1776834503777,
    remoteIdentityKey: <Buffer 05 e8 41 33 19 1e 98 08 0b 04 7f 4a 05 53 1b 22 1b 56 2c c3 06 91 b9 52 3e d5 e0 87 75 ce 4d 53 27>
  }
}


                  [ Abdul BOT ]


< ================================================== >

• YT CHANNEL: null
• GITHUB: null
• WA NUMBER: 910000000000,917023951514
• CREDIT: Abdul
• 🤖 Bot Connected Successfully! ✅
Bot Version: 3.0.7
🔄 Connecting to WhatsApp...
Connection closed due to Error: Connection Failure, reconnecting true
Reconnecting...
🔄 Connecting to WhatsApp...
Connection closed due to Error: Stream Errored (conflict), reconnecting true
Reconnecting...
 
🌿Connected to => {
  "id": "923195845103:16@s.whatsapp.net",
  "name": "ABDUL",
  "lid": "86041650311258:16@lid"
}
Closing session: SessionEntry {
  _chains: {
    BbaNPSzMrt87jpyagbRPyVraLml747xfIONzvLxPhmRW: { chainKey: [Object], chainType: 1, messageKeys: {} }
  },
  registrationId: 487531349,
  currentRatchet: {
    ephemeralKeyPair: {
      pubKey: <Buffer 05 b6 8d 3d 2c cc ae df 3b 8e 9c 9a 81 b4 4f c9 5a da 2e 69 7b e3 bc 5f 20 e3 73 bc bc 4f 86 64 56>,
      privKey: <Buffer 78 62 ec 7e b4 a3 2f b2 b7 01 c0 d0 b3 c4 cc a7 4e a1 b9 fa 0a e0 7a 3b 82 1f b5 29 63 97 1c 7d>
    },
    lastRemoteEphemeralKey: <Buffer 05 0f 77 ff dc 47 2d 1b 2f d6 68 a9 21 2c 34 87 89 ef 60 fe 64 6d a7 5c 01 8d f7 b6 ed 54 88 fe 13>,
    previousCounter: 0,
    rootKey: <Buffer eb fd 5c 31 d3 0b 68 b9 76 17 44 60 a7 16 1d 0c 33 f1 52 c5 1e f5 94 4c 9f f3 db f9 6e a3 d9 c7>
  },
  indexInfo: {
    baseKey: <Buffer 05 13 6c 05 d9 be 12 c5 f9 05 de 39 7e 1b 32 ba 04 6e 1d c8 21 6d d5 2c 87 1c 27 4e eb 2e 51 b8 15>,
    baseKeyType: 1,
    closed: -1,
    used: 1776834819440,
    created: 1776834819440,
    remoteIdentityKey: <Buffer 05 e8 41 33 19 1e 98 08 0b 04 7f 4a 05 53 1b 22 1b 56 2c c3 06 91 b9 52 3e d5 e0 87 75 ce 4d 53 27>
  },
  pendingPreKey: {
    signedKeyId: 948913,
    baseKey: <Buffer 05 13 6c 05 d9 be 12 c5 f9 05 de 39 7e 1b 32 ba 04 6e 1d c8 21 6d d5 2c 87 1c 27 4e eb 2e 51 b8 15>,
    preKeyId: 3520755
  }
}
[TERM_FILES_DEBUG] incomingTermRequestCheck {
  text: 'Bot Connected Successfully!\n\nTime: \nStatus: Online and Ready!',
  termType: null,
  subjectCodes: [],
  wantsFiles: false,
  wantsHandouts: false
}
Connection closed due to Error: Stream Errored (conflict), reconnecting true
Reconnecting...


                  [ Abdul BOT ]


< ================================================== >

• YT CHANNEL: null
• GITHUB: null
• WA NUMBER: 910000000000,917023951514
• CREDIT: Abdul
• 🤖 Bot Connected Successfully! ✅
Bot Version: 3.0.7
🔄 Connecting to WhatsApp...
▄▄▄▄▄▄▄▄▄▄▄▄▄▄▄▄▄▄▄▄▄▄▄▄▄▄▄▄▄▄▄▄▄▄▄▄▄▄▄▄▄▄▄▄▄▄▄▄▄▄▄▄▄▄▄▄▄▄▄
█ ▄▄▄▄▄ █ ▀▄ ▄█▀ ██▀█▄▀▄▄▄▀▄▄ ▄  █▄█▄▀█▄▀▄    ▀▄ ██ ▄▄▄▄▄ █
█ █   █ █ ▀  █▀▄▄ █▄█▄▄ ▄▄▀█▄▀█  ██ ▄█▄▀▀▀█▀ █ ▄ ██ █   █ █
█ █▄▄▄█ █▀██▀▄  ▀█  ▀█▄ ▀   ▄▄▄   ▄▀█▄█ ▄▄  █ ▄▀▄██ █▄▄▄█ █
█▄▄▄▄▄▄▄█▄█ █▄█▄▀ ▀ ▀ █ ▀▄█ █▄█ ▀▄█▄█ ▀▄▀ █▄█▄█ █ █▄▄▄▄▄▄▄█
█▄ ██▄▄▄▀▀ █  ▄▄▄▄▄ ▀▀ ▀▀▀█▄▄   ▄ ▄█▀ ▄▀▄▀ ▀▀ ▀█▀▀█▀ █▄ ▄▄█
█▀▀▀  █▄▄▀██ █▄ ▄▀▄█▀▀▀██  █▀██▀█▀  █▀██▀ ██▀▄▄ ▀▄ █ ▄▄▄███
█▀▀▄▀ █▄ ▀ ▄▄▀▀▀▄▄▀ █▀▄▄ ▀█▄ █▀█▀▄▀▄█ █▀▄▀▀ ▀ ▀▄  █  ▀▀▄█ █
█ ▀█ ▄▄▄█▄ ▀▀▄▀▀▀██▀ ▄ █ ▄▀▄ ▀▄█▄▀ █▄▀██▄▄ ▄   ██ █▄▄█▄▄▄▀█
██▀ ▄▄ ▄▄▀█▀▀██▄ ▄▀▄▄ ▀▀ ▀▀█▄   █ ▄█ ▄▄▀ █▀▀ ▄█▄ ▀█  █▄▄ ██
██▀███ ▄▀▄▄█▀█▀█ ███▀▀▀▄▀▄██▀▀█▀▀ █▀ ▀▀█▄  ▄▀▀██▀██▀ █▄▄▄▀█
█ █▄▀██▄█ █ ▀▀▄ ▀▀▄▄▀  █▀▄██ ▀▀  ▄ █▄    ▀▀▀▄▄▀█▄▀▄▀▄▀█▀▄▄█
█▄▄▄ █▀▄ ▄█  █▄█▄█ ▄▄█ █▄ ▀  ▄▄█▄███ ▄▄▄▄▄▀▄▀ ▄▀█▄▄▀█  █▀██
█▄█ ▄▀▄▄▀▄▄▄     ▄   ▀▄█▀ ▄  ▀▀▀▀█▀ ▄ ▄▀▄▀▀▀▄ █▄  █ ▄▀▄▀███
█▀▀▄▀ ▄▄▄ █▀████ ▀▀  ▀▄ ▀█▀ ▄▄▄   ▄▄▄█▀▄██▀▀▄ ██▄ ▄▄▄ ▄█▄▀█
█▀ ▀  █▄█ ▀▄▄▀█ ▀▄▄▀█ ▀█ ▀▄ █▄█ ▀▄▀▄▄ ▄▀ ▀  █▄▀▄  █▄█ ▀   █
█▄▄  ▄▄▄ ▄█ ▄█▄▀▄▄████▄▀▄██▄    ▀▀████▀▀▀▄ ▀█ █    ▄▄ ██ ██
█ █▀ █▀▄▄▀▄█▀▀█  █ ▄▄ ▄█▀▀ ▄▀█▀ ▀ ▄█▄▄█▀ █  ▀  ██▀▄▀▀█▄▄█▄█
█▀▀▄ ▀▀▄ ▀ ▀ ▀▀ ▀██ █▀ ▄█▀▄▄▀▄▄█▄▄▄▀██ █▄██▄██▀▀█▄▀▀█▄██ ██
█▄█▀▄▄▀▄▀▄█▀▀▀ █▄█▄ ▄▄ █▄  ▀▄█▀▀▀  ▄   ▀ █▀▀█▄▄▄█▀▄█ ▄▄█ ▄█
█▄▀▀▀ ▄▄▀▄█▀▀▀ █▀ ▀▀▀ █▀▀█▄▀▀ ▀█▀▄▀ ▄▄▄  █ ▀▄▀█▀▄▀ ▀ ▄██▄▄█
█▀▄██▀▄▄▀█ ▄▀ █▀▀█  ▀▀ ▀ ▀ ▄▀▄ █▄ ▄█▄ █  █▀▀█ ▄█▀▀ ▀ █  ▄ █
█   ▄▀▄▄█▀▄▀▄█▀  ▄▄█▀█▀█ ▄▀▀▀ ▀██▀█ █▀ ▀█▄▄█▄ █▀ ▀ ▀████ ▀█
█▄█▀█▄▀▄▄▄▄█▀ █ ▀▄▀ █ ▄▄ ▀▀█▀▄▄ █▄ ▄▄   ▄▀▀▀▄▄▀███▄▀ ▄█▀▄▄█
█ ▀ ▀▀▄▄▀▄█▄ █▄▄▄▄▀▀ █ ▀▄█▀ ▀ ██▄▀▄█▄▄▀▄  █▄▀  █▄▀ █▀ █▄▀██
███████▄█ █▄▀██▄█▄▄ ▄ ▄█▀ ▄ ▄▄▄ ▀ ▀█ ▄█ ▄▀▀▀▄ ▀▄█ ▄▄▄ █ ▄ █
█ ▄▄▄▄▄ █▀ ▀█▀█▄█▄▄▀▀▄ ▀ ▄▄ █▄█ █▀█ █▄█ ▄▀█ ▄█▀ ▀ █▄█ █▄▄██
█ █   █ █▄▀▀▀▄ ▀▀▀▄▄▀  ▀▀▄▄▄▄  ▄█▄ █ ▄▄ ▄█▄ █ ▀█▀▄  ▄ █  ▀█
█ █▄▄▄█ █▀ ▀   █▄███▄█ █▄ ▄▀█ ▄ ████▄ ▄▀▀▄▀▄█  ▄▀█▄█▀▄▀████
█▄▄▄▄▄▄▄█▄███▄█▄▄▄█▄████▄▄█▄███▄███▄█▄▄█▄█▄██▄███▄████▄██▄█

QR saved: C:\Users\Adeel Mehar\OneDrive\Desktop\Abdulbot-main\Abdulbot-main\whatsapp-qr.png
📱 QR Code generated. Please scan with WhatsApp.
🔄 Connecting to WhatsApp...
▄▄▄▄▄▄▄▄▄▄▄▄▄▄▄▄▄▄▄▄▄▄▄▄▄▄▄▄▄▄▄▄▄▄▄▄▄▄▄▄▄▄▄▄▄▄▄▄▄▄▄▄▄▄▄▄▄▄▄
█ ▄▄▄▄▄ █▄ ▀    ▄█▀█ ▀▄█▄  █▀█▄▄ ▄ ▀▄█▄█▀██ ▄█ ▄ ██ ▄▄▄▄▄ █
█ █   █ █ ██▀  █▄▄ ▀▄▄▄█▀  ██▄ ▄ ███▀▀▀ ███▄▀▄▀▄ ██ █   █ █
█ █▄▄▄█ █▄█▀▀███▀▀▄  ▀▄  █▀ ▄▄▄ █▄ ▀█▄ ▄▀▄█▀▄▄▄▀▄██ █▄▄▄█ █
█▄▄▄▄▄▄▄█▄█ ▀▄█ █▄▀ ▀▄█ ▀▄█ █▄█ ▀ ▀ █ █ ▀▄█▄▀ ▀ █ █▄▄▄▄▄▄▄█
█▄  ▄▀█▄▀  ██▀██▄▄ ▀ ▄▄▄ ▀▀ ▄▄   █ ▄█▀ ▄▄▄▀▀▀██▄▄  █▀▄▄ ▀▄█
██ ▄ ▄▄▄▄▀▀▄█  ▀▄▄ ██ ▄▄▄████▀▀▀▀ ██▀▀▄██ ▄ ▄██▄▄▀▀ ▄▀ ▄  █
█ ▄ ▄▄ ▄ ▀▀▄▀▀▄ ▀▄█▄▀ █▄ █▀▄███▀ █ █▄▄█▀▀▀█▄ █▀▄▀█▀▀█▀▀  ██
██ █▀ █▄▄▄█▄ █▀  █  ▄ ▄██ ▀█ ▄▀██ ▀▄█ █ █ █▄▄ ███▄▄▀  ▀▀▀██
█▀█ ██▄▄▀▄▄▄ █▄▄▀▀██▄▄▄█▄▄▀▄▄▄ ██ █▀█▀█▄██ █▄ ▀▀ █▄▄▄█▀█▀▄█
██▄█▀█ ▄█▀█ ▄▄▀▀ ▄▀   ▄▄█▀  ▀ ▀▄▀▀█ ▄ █ █ ▀ ██▀▀▄▄█▀ ███▄██
█ ▄  ▀▄▄█▄█▄█▄ ██ ▄████ ▀█▀▀    ▀██▄ ██▄▄ ▄ ███▄▄ █▄  ▀ ▀▀█
█▀▀█▀▀█▄█ █▀█  ▀▀▄▄  ▄ ▀  █▀▀█▄█▀█▀█▀▀▄█▄█▀ ▀▄▀▄▀█ ▀█▀ ▄█▄█
█ ▀▄  ▀▄▄█▀▀▀██▀▄▄▄ █ ██ █▀▀ ▀▄█▄▄  █▄  ████ █ █ █ ▀█▀▀▄▄▄█
█ █▀▄ ▄▄▄ ▀█ ▄   ▀▄▄▀▀█▄ ▀█ ▄▄▄ █ █ ██▄████ ▄▀▀▀  ▄▄▄ ▀▀▀██
█▀ ▄▄ █▄█ ▀▀▄  ▀▀ █▄▄█▀▀█▄█ █▄█  ▄█▀▀█▄▄▄██▄▀▄    █▄█ ▄████
█ ▀▄ ▄▄▄ ▄▄▄ ▀█ ▄▄█ █▄█▄▀▄   ▄  ▀ ▀ ▄ ███ █▀▀█▀█▄ ▄ ▄▄▀▄ ▀█
█▀▄▄█▀ ▄▀ ▀▄▀▄▀█ █▄█▀█▄▄▀▀▄█▄▄▀▀▀▀ ▄█▀ █▄ ▀ ▄███▀   ▄█▄ ███
█▄█▀▄ █▄▄ █▄▀▀▀███▄▄█▄▀█ ▀ ▀▄▀ ███▀▄ ▀▄█ ██▄▄ ▄   █ ▄ ▀█▄▄█
████▀▀▄▄█▀ ██▄ ████ ▀█ ▀ ▄█▄███▀▄▀▀▄▄▄ ▀▄█▄▄ ██▄█▄█ █▄█ █▄█
█▀▄█▄  ▄▄▀▀▄█  █ ▄ ▀   ▄▄▀█▀ ▄▄█▀█▀▄ ▀█▄█ █▄ ▀ ▀█▄▀███  █▄█
██▀ ▀▄█▄▄█▀▀▄█ █▀▀█▀ █▄▀ █▀ ▀▀▀██▄▄▀▀▀▄█ ▀▀▄█  ▀▄▀▀▄▀   ▀ █
█▀▄█▀ █▄▄▀ █▀ ▄ █▀█▄ ██ █ ██ ▀█ █▀▀█▄▄▀██▄▄▀▀██▄█  ▀▄ ▄█ ██
█ ▄▄▀▄▄▄ ▀█▀ ▄█▄▄▄▀▀▀█ █  ▄▄▄█▄▄██▄▄ █ ▄▄   ██▄█▀▄  ▄█▀▀▄▀█
█ ▀ ▀▀▄▄ █▀▀▀██ ▄█ ██▀▀█▄▀  ███▀▀▀▀▄ ▄▀█ ▄█▄███  ▀█ ▄▄▀▄▄▄█
███████▄▄▀▄█▄▀ ▀▀█ ▄▀ ███▄  ▄▄▄ ▄▀▄█ ▄▀ ▄▀▄█ ▀██▀ ▄▄▄ ▀ ▄██
█ ▄▄▄▄▄ ███ ▄██▀ █▀▀▄▀  ▄█▄ █▄█  ▄ █▀ ▄▄▄ ▄█▀▀▄█▄ █▄█  ▀▀██
█ █   █ █▀▄ █▄█▀▀█▀▀ ▄▄▀ ▀█ ▄      ▀▀▀ ▄▄▀▄█ ▄ ▀▀ ▄▄▄ ██ ▄█
█ █▄▄▄█ █ ▀▄▀▀▄▀   ▄▄▀███▀▄▀█▀█▀█  ▀▀▀█▄▄▀▀▀ ▀ █▀▄▀▀▀▀███▀█
█▄▄▄▄▄▄▄█▄▄██████▄▄█▄█▄▄████▄▄███▄██▄███▄▄██████▄██████████

QR saved: C:\Users\Adeel Mehar\OneDrive\Desktop\Abdulbot-main\Abdulbot-main\whatsapp-qr.png
📱 QR Code generated. Please scan with WhatsApp.
Connection closed due to Error: Stream Errored (restart required), reconnecting true
Reconnecting...
🔄 Connecting to WhatsApp...
File Request Error: Cannot read properties of undefined (reading 'attrs')
Closing open session in favor of incoming prekey bundle
Closing session: SessionEntry {
  _chains: {
    'Bc/UbJGet1wXgPUcsQSrqMLoxC99RDCHtjKwaJ+jHFYb': { chainKey: [Object], chainType: 1, messageKeys: {} }
  },
  registrationId: 487531349,
  currentRatchet: {
    ephemeralKeyPair: {
      pubKey: <Buffer 05 cf d4 6c 91 9e b7 5c 17 80 f5 1c b1 04 ab a8 c2 e8 c4 2f 7d 44 30 87 b6 32 b0 68 9f a3 1c 56 1b>,
      privKey: <Buffer d0 78 10 da e5 4c fd 93 c6 a2 a6 5f f3 d6 bb 47 17 5e 9b 2f bd d1 59 bb bd 86 2b 14 8f c7 f8 49>
    },
    lastRemoteEphemeralKey: <Buffer 05 0f 77 ff dc 47 2d 1b 2f d6 68 a9 21 2c 34 87 89 ef 60 fe 64 6d a7 5c 01 8d f7 b6 ed 54 88 fe 13>,
    previousCounter: 0,
    rootKey: <Buffer f8 e7 d0 de 58 d3 6b ee d6 6f d6 34 bb 69 85 22 34 15 7b fa 29 3d 19 6b b1 d1 93 0b bd b1 f5 89>
  },
  indexInfo: {
    baseKey: <Buffer 05 bd 68 b5 62 e2 53 55 21 5f 36 93 38 d5 57 95 85 36 e9 83 7e 69 b3 68 18 4a 35 5e 5e ba f3 a1 62>,
    baseKeyType: 1,
    closed: -1,
    used: 1776834846502,
    created: 1776834846502,
    remoteIdentityKey: <Buffer 05 e8 41 33 19 1e 98 08 0b 04 7f 4a 05 53 1b 22 1b 56 2c c3 06 91 b9 52 3e d5 e0 87 75 ce 4d 53 27>
  },
  pendingPreKey: {
    signedKeyId: 948913,
    baseKey: <Buffer 05 bd 68 b5 62 e2 53 55 21 5f 36 93 38 d5 57 95 85 36 e9 83 7e 69 b3 68 18 4a 35 5e 5e ba f3 a1 62>,
    preKeyId: 3521229
  }
}
 
🌿Connected to => {
  "id": "923195845103:17@s.whatsapp.net",
  "name": "ABDUL",
  "lid": "86041650311258:17@lid"
}
Closing session: SessionEntry {
  _chains: {
    'BZnEC2LttX1ttuxclI+aNobve8D7UE65p2ZCLTs6P4UL': { chainKey: [Object], chainType: 2, messageKeys: {} },
    'Bfa1oR6H/Y08eUXUn+kNvPiTFNzaJR7pUUVGGg0eukB3': { chainKey: [Object], chainType: 1, messageKeys: {} }
  },
  registrationId: 487531349,
  currentRatchet: {
    ephemeralKeyPair: {
      pubKey: <Buffer 05 f6 b5 a1 1e 87 fd 8d 3c 79 45 d4 9f e9 0d bc f8 93 14 dc da 25 1e e9 51 45 46 1a 0d 1e ba 40 77>,
      privKey: <Buffer 10 e6 e6 cd 5b ee e9 75 8f 45 36 f5 35 f2 d9 20 3f 5b 32 b6 d5 2b 66 d9 63 72 e7 f5 d7 d8 98 59>
    },
    lastRemoteEphemeralKey: <Buffer 05 99 c4 0b 62 ed b5 7d 6d b6 ec 5c 94 8f 9a 36 86 ef 7b c0 fb 50 4e b9 a7 66 42 2d 3b 3a 3f 85 0b>,
    previousCounter: 0,
    rootKey: <Buffer df c0 77 88 96 70 88 69 05 66 9b 31 87 34 9d 46 09 1e 04 48 7f 30 16 ac 81 3e de c6 00 74 dc 75>
  },
  indexInfo: {
    baseKey: <Buffer 05 28 03 af 32 85 88 9a c2 1b 26 fe e4 b6 f0 73 68 ab 70 13 94 9d c3 0c bb 2d 54 98 78 20 54 7f 63>,
    baseKeyType: 2,
    closed: -1,
    used: 1776834881198,
    created: 1776834881198,
    remoteIdentityKey: <Buffer 05 e8 41 33 19 1e 98 08 0b 04 7f 4a 05 53 1b 22 1b 56 2c c3 06 91 b9 52 3e d5 e0 87 75 ce 4d 53 27>
  }
}
[TERM_FILES_DEBUG] incomingTermRequestCheck {
  text: 'Bot Connected Successfully!\n\nTime: \nStatus: Online and Ready!',
  termType: null,
  subjectCodes: [],
  wantsFiles: false,
  wantsHandouts: false
}


                  [ Abdul BOT ]


< ================================================== >

• YT CHANNEL: null
• GITHUB: null
• WA NUMBER: 910000000000,917023951514
• CREDIT: Abdul
• 🤖 Bot Connected Successfully! ✅
Bot Version: 3.0.7
Closing open session in favor of incoming prekey bundle
Closing session: SessionEntry {
  _chains: {
    'Bb3tSfnu3yLO8KQ22Y8QWAEEQWSiVW7F5JbU8MO/zRNO': { chainKey: [Object], chainType: 1, messageKeys: {} }
  },
  registrationId: 728,
  currentRatchet: {
    ephemeralKeyPair: {
      pubKey: <Buffer 05 bd ed 49 f9 ee df 22 ce f0 a4 36 d9 8f 10 58 01 04 41 64 a2 55 6e c5 e4 96 d4 f0 c3 bf cd 13 4e>,
      privKey: <Buffer 60 09 83 be ba cc 23 41 4f df 05 ba b4 4a 9f 82 9d 01 09 4c 8f fd d2 e5 df 32 12 a1 d9 bd ea 7f>
    },
    lastRemoteEphemeralKey: <Buffer 05 7d 78 ee 56 1b 94 b8 c8 1a 89 62 1d 89 5f 27 f2 a5 5c 36 0c c5 ae 67 c9 b9 be 21 e0 00 dd 54 2c>,
    previousCounter: 0,
    rootKey: <Buffer b7 c2 1a 58 d5 c4 74 c2 7c 97 fc 45 b8 13 94 75 21 51 01 94 6a 41 fc 11 06 8c c9 2a 7b 03 dc c4>
  },
  indexInfo: {
    baseKey: <Buffer 05 44 7a 59 c0 03 d3 56 9e 73 2a 7b ec 3c af 98 33 81 b3 91 68 b0 c5 40 4a 76 dc fb 04 aa 8a ae 72>,
    baseKeyType: 1,
    closed: -1,
    used: 1776834355827,
    created: 1776834355826,
    remoteIdentityKey: <Buffer 05 b6 26 72 c8 07 64 eb 7d f2 2b 21 78 9c b6 ac e1 e4 d1 47 23 4f e4 44 9c 56 3f 31 55 09 74 2a 5e>
  },
  pendingPreKey: {
    signedKeyId: 1,
    baseKey: <Buffer 05 44 7a 59 c0 03 d3 56 9e 73 2a 7b ec 3c af 98 33 81 b3 91 68 b0 c5 40 4a 76 dc fb 04 aa 8a ae 72>,
    preKeyId: 896
  }
}
[TERM_FILES_DEBUG] incomingTermRequestCheck {
  text: '.ping',
  termType: null,
  subjectCodes: [],
  wantsFiles: false,
  wantsHandouts: false
}
📝 Command used in private: .ping
[TERM_FILES_DEBUG] incomingTermRequestCheck {
  text: 'Pong!',
  termType: null,
  subjectCodes: [],
  wantsFiles: false,
  wantsHandouts: false
}
[TERM_FILES_DEBUG] incomingTermRequestCheck {
  text: '.mode',
  termType: null,
  subjectCodes: [],
  wantsFiles: false,
  wantsHandouts: false
}
📝 Command used in group: .mode
[TERM_FILES_DEBUG] incomingTermRequestCheck {
  text: 'Current bot mode: *private*\n' +
    '\n' +
    'Usage: .mode public/private\n' +
    '\n' +
    'Example:\n' +
    '.mode public - Allow everyone to use bot\n' +
    '.mode private - Restrict to owner only',
  termType: null,
  subjectCodes: [],
  wantsFiles: false,
  wantsHandouts: false
}
Closing session: SessionEntry {
  _chains: {
    'BVIVj4UeyeqE8KftFb5xU6K4/IiiRd3Dj4i/Og75xHV5': { chainKey: [Object], chainType: 2, messageKeys: {} },
    'BZyeyFXpNJxhqhJPlLZbeThMcpT+/s2CDakyb94O/UU5': { chainKey: [Object], chainType: 2, messageKeys: {} },
    BawQO7FtDc9M65s9uyTk9rIfKc62NgN1yu9mRYIEI0gU: { chainKey: [Object], chainType: 1, messageKeys: {} }
  },
  registrationId: 487531349,
  currentRatchet: {
    ephemeralKeyPair: {
      pubKey: <Buffer 05 ac 10 3b b1 6d 0d cf 4c eb 9b 3d bb 24 e4 f6 b2 1f 29 ce b6 36 03 75 ca ef 66 45 82 04 23 48 14>,
      privKey: <Buffer 30 21 b1 29 73 d3 fa f3 45 62 b9 fc f9 f0 a0 ad a6 b0 4b da 1e ef 5e 4f 8e 63 05 78 d3 ce 7a 7c>
    },
    lastRemoteEphemeralKey: <Buffer 05 9c 9e c8 55 e9 34 9c 61 aa 12 4f 94 b6 5b 79 38 4c 72 94 fe fe cd 82 0d a9 32 6f de 0e fd 45 39>,
    previousCounter: 2,
    rootKey: <Buffer 96 47 90 c1 00 6b c0 44 23 71 3d 32 79 4a 3a d6 b7 63 e2 a7 50 46 20 bd 82 20 55 39 36 06 a4 1a>
  },
  indexInfo: {
    baseKey: <Buffer 05 63 ba 4c 25 86 dc f2 34 a5 7c d6 7f d1 12 a8 23 60 b4 96 46 e7 30 0b 1b fa f0 01 b4 41 13 34 7e>,
    baseKeyType: 1,
    closed: -1,
    used: 1776834899613,
    created: 1776834882024,
    remoteIdentityKey: <Buffer 05 e8 41 33 19 1e 98 08 0b 04 7f 4a 05 53 1b 22 1b 56 2c c3 06 91 b9 52 3e d5 e0 87 75 ce 4d 53 27>
  }
}
Closing session: SessionEntry {
  _chains: {
    BZ4Q1s5nozWPbN9ydYaaHS5n9QBN9oOcvp4RCIDHTMYz: { chainKey: [Object], chainType: 2, messageKeys: {} },
    BZwgA7EtqTxiD7adWjonVOCO1NKTthin9R5q2muuL5Js: { chainKey: [Object], chainType: 2, messageKeys: {} },
    BZcseNcmlC4cN9pW9xKS0geoqvSKjB67Z8m6rWrAXIJm: { chainKey: [Object], chainType: 2, messageKeys: {} },
    BWIKhx29xCrRLOBH7s5SREBi1qM1yIMGZ9dDaeBGPDBm: { chainKey: [Object], chainType: 1, messageKeys: {} }
  },
  registrationId: 423087678,
  currentRatchet: {
    ephemeralKeyPair: {
      pubKey: <Buffer 05 62 0a 87 1d bd c4 2a d1 2c e0 47 ee ce 52 44 40 62 d6 a3 35 c8 83 06 67 d7 43 69 e0 46 3c 30 66>,
      privKey: <Buffer 88 91 dc 10 0b 65 ba 6e 4e 17 ee 18 4f 2f e6 02 97 ad fb 86 0c f7 0b 87 87 13 0b 24 52 67 e3 62>
    },
    lastRemoteEphemeralKey: <Buffer 05 97 2c 78 d7 26 94 2e 1c 37 da 56 f7 12 92 d2 07 a8 aa f4 8a 8c 1e bb 67 c9 ba ad 6a c0 5c 82 66>,
    previousCounter: 0,
    rootKey: <Buffer bc 2b 00 17 bc 46 24 94 a9 a0 71 cf fb 16 bf 67 e4 9d d5 4e 5a fa 63 6a 0c ab 8e 82 02 b3 e0 ea>
  },
  indexInfo: {
    baseKey: <Buffer 05 e9 37 02 23 a4 bb 63 40 0b be 99 2e ea e5 14 80 18 77 85 d4 b7 b0 0e 5c 20 41 5d 63 81 11 aa 26>,
    baseKeyType: 2,
    closed: -1,
    used: 1776834610042,
    created: 1776834374675,
    remoteIdentityKey: <Buffer 05 3f 72 60 86 a1 fe 19 fe b7 fc 08 d4 0f 40 b6 de 29 b4 cc be 9e ab f4 45 76 bb 54 ef 3d a0 f2 4c>
  }
}
Closing session: SessionEntry {
  _chains: {
    'BdKYoMzAR+Jzc+P/2iBwcX+cK023hr5A7FRbAG4Anvxb': { chainKey: [Object], chainType: 2, messageKeys: {} },
    'BST7fFR2rTKjeXr9m16W4SHKNWT+1JuKVRJnoHNrF6RH': { chainKey: [Object], chainType: 1, messageKeys: {} }
  },
  registrationId: 728,
  currentRatchet: {
    ephemeralKeyPair: {
      pubKey: <Buffer 05 24 fb 7c 54 76 ad 32 a3 79 7a fd 9b 5e 96 e1 21 ca 35 64 fe d4 9b 8a 55 12 67 a0 73 6b 17 a4 47>,
      privKey: <Buffer 08 ae 13 90 18 61 e4 c3 57 ed e9 4f e1 5d 84 fb d5 18 58 6e c6 81 d9 fc 44 8a 0f ba 18 ec 7a 73>
    },
    lastRemoteEphemeralKey: <Buffer 05 d2 98 a0 cc c0 47 e2 73 73 e3 ff da 20 70 71 7f 9c 2b 4d b7 86 be 40 ec 54 5b 00 6e 00 9e fc 5b>,
    previousCounter: 0,
    rootKey: <Buffer 15 a8 e9 86 5a ab 68 2c 7f 97 76 91 a7 65 ca 91 ac b6 7a cf 1f 08 ca 3f 2b de 13 a6 a0 3a c3 ff>
  },
  indexInfo: {
    baseKey: <Buffer 05 4d b0 16 91 f2 59 6d e8 55 6f 99 b9 51 7c 9b ea b9 1f d3 63 50 f5 c5 62 11 e5 d0 3e 45 3a c2 39>,
    baseKeyType: 2,
    closed: -1,
    used: 1776834892186,
    created: 1776834892186,
    remoteIdentityKey: <Buffer 05 b6 26 72 c8 07 64 eb 7d f2 2b 21 78 9c b6 ac e1 e4 d1 47 23 4f e4 44 9c 56 3f 31 55 09 74 2a 5e>
  }
}
Closing session: SessionEntry {
  _chains: {
    BRsANM9iehPgpnxpfpNsA0nxnGRq70OkOo68BGW7tnQe: { chainKey: [Object], chainType: 1, messageKeys: {} }
  },
  registrationId: 728,
  currentRatchet: {
    ephemeralKeyPair: {
      pubKey: <Buffer 05 1b 00 34 cf 62 7a 13 e0 a6 7c 69 7e 93 6c 03 49 f1 9c 64 6a ef 43 a4 3a 8e bc 04 65 bb b6 74 1e>,
      privKey: <Buffer f0 79 d7 fd 0b 41 ff 6b 2b dc 1f 61 ec 9b d8 59 14 37 45 c6 23 ca 81 83 0f 40 88 35 97 42 69 62>
    },
    lastRemoteEphemeralKey: <Buffer 05 7d 78 ee 56 1b 94 b8 c8 1a 89 62 1d 89 5f 27 f2 a5 5c 36 0c c5 ae 67 c9 b9 be 21 e0 00 dd 54 2c>,
    previousCounter: 0,
    rootKey: <Buffer a1 0c 84 42 f3 1e ac 6f 01 cf eb 10 96 3d e4 79 8a b8 d8 b3 ca e9 e8 43 69 f6 74 ab 20 5f e1 27>
  },
  indexInfo: {
    baseKey: <Buffer 05 d2 b5 6c da 24 0b 93 34 55 6d 75 e6 ae 88 08 cb d7 96 46 b7 ff d3 82 0a 4b 25 b8 04 89 23 ff 72>,
    baseKeyType: 1,
    closed: -1,
    used: 1776834905520,
    created: 1776834905520,
    remoteIdentityKey: <Buffer 05 b6 26 72 c8 07 64 eb 7d f2 2b 21 78 9c b6 ac e1 e4 d1 47 23 4f e4 44 9c 56 3f 31 55 09 74 2a 5e>
  },
  pendingPreKey: {
    signedKeyId: 1,
    baseKey: <Buffer 05 d2 b5 6c da 24 0b 93 34 55 6d 75 e6 ae 88 08 cb d7 96 46 b7 ff d3 82 0a 4b 25 b8 04 89 23 ff 72>,
    preKeyId: 843
  }
}
▄▄▄▄▄▄▄▄▄▄▄▄▄▄▄▄▄▄▄▄▄▄▄▄▄▄▄▄▄▄▄▄▄▄▄▄▄▄▄▄▄▄▄▄▄▄▄▄▄▄▄▄▄▄▄▄▄▄▄
█ ▄▄▄▄▄ █▀▄▄ ▄▀▄ ▀▄  ▀▄▄▄▄▄▀▀ ▄ █ ▀▀▄▀▀▀  █▄▀▄▄▄ ██ ▄▄▄▄▄ █
█ █   █ █▀▀█▀▄▀▄▄█ ▀█▄▄█▀▀▀█▄▄ █ ███▄▀▄▀██ ▄ █ ▄ ██ █   █ █
█ █▄▄▄█ █▀▄█▀▀██▄█  ▄ ▀ ▀ █ ▄▄▄ ▄█▀▀▀▀ █▄█  █▄▀▀▄██ █▄▄▄█ █
█▄▄▄▄▄▄▄█▄▀ █▄█▄▀▄█▄▀ █▄█ █ █▄█ ▀▄█ ▀▄▀▄▀▄▀ █▄█▄▀▄█▄▄▄▄▄▄▄█
█▄▄   ▀▄ ▄ ▄█▀▀▀▀▄▄ ▄▄█▀▀▀▄     ▀█▀█▀ ▀▄▀▀ ▀▄█▄█▀  █ ▀▄▀ ▀█
█▄▀▀ ▄ ▄█▄█▄▄ ▄ ▄▄▀ ▀▀▀  █ ▄▀  ▄█▀ █ ▄▀█▀█  ▀▄ █▄▄▀█ █▀▀███
█▀▄▄▄ █▄▄▀▄▄▄▀▄▄▀▄▀  ▄▀▄ ▀▀▀██▀█▄▀█▄█ ▀▄▀▀▀▀▄███▀  █▀█▀▄ ██
█▀ ▄ ▀▀▄█▄ ▄▄▀▀▀▀ █▀ ▄███▀▀▄ █▀ ▄▀███▄▄  ▀▀▄▄▄▄▄▀▄█▄▄▀▀ ▄▀█
█▄ ▄ ▄ ▄▀▄ ▀▀█ ▀▄█▄ ▀▄▀▀  ▄ ▀  ▀ █▀▄   ███ ▀ ▀▄█ ▀ ████▄█ █
█▀▀  ▄▀▄▀▄▄ ▄ ▀█▀█  █▄▀▀▀▀██▀▄ ▄▀ █▄▀▀▀▄▄▀▄ ▄██▀▄ ▀▀  ▀▀ ██
█▄▄▀▄  ▄ █    ▀█▄▀▄▄▄███▀▄  █▀▀ ▀▀██ ▄██▄▀▀▀ ▀▄█▄▀▀█▀▀█▀▀▀█
█▀▄▄ ▄ ▄▄ ▄█████▄ █▀▄█  ▀█▀  ▀▀ ▄▄█ █ ▄▄▄▀▄▀▀▀▄▄ ▀▀▄▀▀█ ▀██
█▄ █▀▄ ▄█▀ ▄▄ ███▄  █▄▀█▀ █▀█▀▀▀▄ ▄ ▄ ▀▄▀▀▀▀▀█ ▄▀  ██▀▄▀  █
█▄▀▄▀ ▄▄▄ ▄█ ▄   ▄▄█ ▀▄█▄ ▄ ▄▄▄    █▀ ▀▄█  ▄▄ █▄  ▄▄▄ ▀ ▄▀█
█▀██▀ █▄█ ▄ ▄▀▀█▄▄▄▀ █▄█ ▀█ █▄█ ▄▀██▄ ▀██▀   ▀▄█▄ █▄█  ▀███
█ █▄█▄▄▄▄▄██▀ ▄▀▄▀ ▀██▄▄▀ ▄  ▄▄▄▀▀█ ▄▄█▄██▄█▀▄▀ █▄▄▄▄▄ ▀ ██
█ ▄▀▄█▀▄▀ ▀█▀▀ ███▄▄▀█▀█ ▀█▀▄█▀ ▄█▀█   ██▀▄ ▄█████▀▄████▄▀█
█▀▄██▄▄▄▀  ▄█▄▀ █▄ █▀▄ ▀▄█▄▄▄█▀ ▄ ▄▄ ▄ ▄▀▀ ▀▀▄ █▀▀▀▀█   ▄██
██▀▄▀▄▀▄▄▀ ▀▀▀█ ▀█▄ ▀▀██▄ █▄▀█▀▄▀▀█▄▀▄█▄▀▀▀▀ ▀▀▄█▀▀ █▄▄█▄▀█
█▀▀▀▀█▀▄▀▄ ▄▀▄▀ ▀█▄▄▀ █▄▄ ▄▀▀█ ▄ █▀█  ▄ ▀▀█▄█▀█▄▀▄ ▀ ▀  ▄▄█
█▀▀  ▀▀▄▄ ▄▄██▄ ▄█  ▄▄█▀ ▀█▀▄▄ █▀█▀█▄  ███▀▀ █▀█▀▀█ ██▄▄▀██
██  ▄█▄▄█▀▄ ▀█▀▄ ▀▀ ▀█▀ █▀█▀▀█▄ █▀██ ▄ ▀█▀▀ ▄ ▀▄▀▀▄██ ▀  ▀█
█▄ ▀  ▄▄▀█▀ ▀ ▀▄▄▄▀  █▀▄ ▀█▄▄▄▄  ▀█▄▄ █▄▀▀▄▀▀▀██▀▄▄▄▄█▄█▀▀█
█ ▀ ▀▀▄▄███▀█ ▄▄▄▀ █ █▄▀▀  ▀▀█  ▄▀▄▀▀▀ ▄▄█▄▀▀▄▄▀▄▄▄▀ ▀ ▀▀██
███████▄▄▀ ▄▀█ ▀▄█▄ ▀██▀▀▀▀ ▄▄▄ ▄█▄█▄▄▀█▀█ ▀▄▀▄█▀ ▄▄▄ ▄▀███
█ ▄▄▄▄▄ █▄ ▄ ▄█▄█ ▀▄▄▄ ▄▄▀▄ █▄█ ▀███▀█▄▀  ▀▄ █▀██ █▄█  ▀ ▀█
█ █   █ █ ▄▀ ▄█▄▄▀▄▄▄██▀▀▄▀ ▄  ▄▄▀██ ▄▀█▀█▄ ▄▀▄█▀▄▄▄  █ █▄█
█ █▄▄▄█ █ █▀█▀▄▄▄   ▄█  ▀█▄▀▄█▀█▄▄█ ▀▄▄▀  ▄▀▄  ▀▄ ▄█▄▀▄ ███
█▄▄▄▄▄▄▄█▄▄▄▄█▄▄█▄█▄▄▄▄█▄▄▄█▄██▄▄▄▄▄█▄█▄██▄█▄█▄██▄▄▄▄█▄█▄██

QR saved: C:\Users\Adeel Mehar\OneDrive\Desktop\Abdulbot-main\Abdulbot-main\whatsapp-qr.png
📱 QR Code generated. Please scan with WhatsApp.
Closing session: SessionEntry {
  _chains: {
    'BczTtE6cXpdhnzByaaOv7oWON/gPmnrIRYCPtzxc08VA': { chainKey: [Object], chainType: 1, messageKeys: {} }
  },
  registrationId: 423087678,
  currentRatchet: {
    ephemeralKeyPair: {
      pubKey: <Buffer 05 cc d3 b4 4e 9c 5e 97 61 9f 30 72 69 a3 af ee 85 8e 37 f8 0f 9a 7a c8 45 80 8f b7 3c 5c d3 c5 40>,
      privKey: <Buffer f0 6a 20 ed 21 30 63 b6 a8 16 24 92 20 40 dc ab 72 28 c8 70 d1 79 9b 33 55 fa 38 c0 23 d5 80 70>
    },
    lastRemoteEphemeralKey: <Buffer 05 90 f3 9e 75 18 bd 70 ca e8 7e 14 ec 5a 29 2c b3 7b 3a a2 e2 8b 27 13 b1 98 fc 8c 75 c0 ab db 40>,
    previousCounter: 0,
    rootKey: <Buffer d8 ef fb 30 e0 f8 a6 4a 62 d6 0e cf 4b bd 1c 70 14 2e 13 53 d1 73 ab c4 82 c6 b0 f3 8b 86 d4 10>
  },
  indexInfo: {
    baseKey: <Buffer 05 eb ef 9a 87 d7 35 78 9c c0 ea 14 e3 80 16 1f 49 a6 ad 2f 5a 9f 1c 65 43 1e 62 00 ae 3f e8 9b 0f>,
    baseKeyType: 1,
    closed: -1,
    used: 1776834903167,
    created: 1776834903167,
    remoteIdentityKey: <Buffer 05 3f 72 60 86 a1 fe 19 fe b7 fc 08 d4 0f 40 b6 de 29 b4 cc be 9e ab f4 45 76 bb 54 ef 3d a0 f2 4c>
  },
  pendingPreKey: {
    signedKeyId: 8119375,
    baseKey: <Buffer 05 eb ef 9a 87 d7 35 78 9c c0 ea 14 e3 80 16 1f 49 a6 ad 2f 5a 9f 1c 65 43 1e 62 00 ae 3f e8 9b 0f>,
    preKeyId: 10380036
  }
}
[TERM_FILES_DEBUG] incomingTermRequestCheck {
  text: 'Cs435 handouts',
  termType: null,
  subjectCodes: [ 'CS435' ],
  wantsFiles: false,
  wantsHandouts: true
}
Drive Error: Permission denied: Consumer 'api_key:AIzaSyDhJCdx5SWH2nNikcg4mRMmdCiqyUy7m70' has been suspended.
[TERM_FILES_DEBUG] incomingTermRequestCheck {
  text: 'CS435 ke handouts abhi available nahi hain.',
  termType: null,
  subjectCodes: [ 'CS435' ],
  wantsFiles: false,
  wantsHandouts: true
}
Drive Error: Permission denied: Consumer 'api_key:AIzaSyDhJCdx5SWH2nNikcg4mRMmdCiqyUy7m70' has been suspended.
[TERM_FILES_DEBUG] incomingTermRequestCheck {
  text: 'CS435 ke handouts abhi available nahi hain.',
  termType: null,
  subjectCodes: [ 'CS435' ],
  wantsFiles: false,
  wantsHandouts: true
}
Drive Error: Permission denied: Consumer 'api_key:AIzaSyDhJCdx5SWH2nNikcg4mRMmdCiqyUy7m70' has been suspended.
[TERM_FILES_DEBUG] incomingTermRequestCheck {
  text: 'CS435 ke handouts abhi available nahi hain.',
  termType: null,
  subjectCodes: [ 'CS435' ],
  wantsFiles: false,
  wantsHandouts: true
}
Drive Error: Permission denied: Consumer 'api_key:AIzaSyDhJCdx5SWH2nNikcg4mRMmdCiqyUy7m70' has been suspended.
[TERM_FILES_DEBUG] incomingTermRequestCheck {
  text: 'CS435 ke handouts abhi available nahi hain.',
  termType: null,
  subjectCodes: [ 'CS435' ],
  wantsFiles: false,
  wantsHandouts: true
}
Drive Error: Permission denied: Consumer 'api_key:AIzaSyDhJCdx5SWH2nNikcg4mRMmdCiqyUy7m70' has been suspended.
[TERM_FILES_DEBUG] incomingTermRequestCheck {
  text: 'CS435 ke handouts abhi available nahi hain.',
  termType: null,
  subjectCodes: [ 'CS435' ],
  wantsFiles: false,
  wantsHandouts: true
}
Drive Error: Permission denied: Consumer 'api_key:AIzaSyDhJCdx5SWH2nNikcg4mRMmdCiqyUy7m70' has been suspended.
[TERM_FILES_DEBUG] incomingTermRequestCheck {
  text: 'CS435 ke handouts abhi available nahi hain.',
  termType: null,
  subjectCodes: [ 'CS435' ],
  wantsFiles: false,
  wantsHandouts: true
}
Drive Error: Permission denied: Consumer 'api_key:AIzaSyDhJCdx5SWH2nNikcg4mRMmdCiqyUy7m70' has been suspended.
[TERM_FILES_DEBUG] incomingTermRequestCheck {
  text: 'CS435 ke handouts abhi available nahi hain.',
  termType: null,
  subjectCodes: [ 'CS435' ],
  wantsFiles: false,
  wantsHandouts: true
}
Drive Error: Permission denied: Consumer 'api_key:AIzaSyDhJCdx5SWH2nNikcg4mRMmdCiqyUy7m70' has been suspended.
[TERM_FILES_DEBUG] incomingTermRequestCheck {
  text: 'CS435 ke handouts abhi available nahi hain.',
  termType: null,
  subjectCodes: [ 'CS435' ],
  wantsFiles: false,
  wantsHandouts: true
}
Drive Error: Permission denied: Consumer 'api_key:AIzaSyDhJCdx5SWH2nNikcg4mRMmdCiqyUy7m70' has been suspended.
[TERM_FILES_DEBUG] incomingTermRequestCheck {
  text: 'CS435 ke handouts abhi available nahi hain.',
  termType: null,
  subjectCodes: [ 'CS435' ],
  wantsFiles: false,
  wantsHandouts: true
}
Drive Error: Permission denied: Consumer 'api_key:AIzaSyDhJCdx5SWH2nNikcg4mRMmdCiqyUy7m70' has been suspended.
[TERM_FILES_DEBUG] incomingTermRequestCheck {
  text: 'CS435 ke handouts abhi available nahi hain.',
  termType: null,
  subjectCodes: [ 'CS435' ],
  wantsFiles: false,
  wantsHandouts: true
}
Drive Error: Permission denied: Consumer 'api_key:AIzaSyDhJCdx5SWH2nNikcg4mRMmdCiqyUy7m70' has been suspended.
[TERM_FILES_DEBUG] incomingTermRequestCheck {
  text: 'CS435 ke handouts abhi available nahi hain.',
  termType: null,
  subjectCodes: [ 'CS435' ],
  wantsFiles: false,
  wantsHandouts: true
}
Drive Error: Permission denied: Consumer 'api_key:AIzaSyDhJCdx5SWH2nNikcg4mRMmdCiqyUy7m70' has been suspended.
[TERM_FILES_DEBUG] incomingTermRequestCheck {
  text: 'CS435 ke handouts abhi available nahi hain.',
  termType: null,
  subjectCodes: [ 'CS435' ],
  wantsFiles: false,
  wantsHandouts: true
}
Drive Error: Permission denied: Consumer 'api_key:AIzaSyDhJCdx5SWH2nNikcg4mRMmdCiqyUy7m70' has been suspended.
[TERM_FILES_DEBUG] incomingTermRequestCheck {
  text: 'CS435 ke handouts abhi available nahi hain.',
  termType: null,
  subjectCodes: [ 'CS435' ],
  wantsFiles: false,
  wantsHandouts: true
}
[TERM_FILES_DEBUG] incomingTermRequestCheck {
  text: '316 small red',
  termType: null,
  subjectCodes: [],
  wantsFiles: false,
  wantsHandouts: false
}
Drive Error: Permission denied: Consumer 'api_key:AIzaSyDhJCdx5SWH2nNikcg4mRMmdCiqyUy7m70' has been suspended.
[TERM_FILES_DEBUG] incomingTermRequestCheck {
  text: 'CS435 ke handouts abhi available nahi hain.',
  termType: null,
  subjectCodes: [ 'CS435' ],
  wantsFiles: false,
  wantsHandouts: true
}
Drive Error: Permission denied: Consumer 'api_key:AIzaSyDhJCdx5SWH2nNikcg4mRMmdCiqyUy7m70' has been suspended.
▄▄▄▄▄▄▄▄▄▄▄▄▄▄▄▄▄▄▄▄▄▄▄▄▄▄▄▄▄▄▄▄▄▄▄▄▄▄▄▄▄▄▄▄▄▄▄▄▄▄▄▄▄▄▄▄▄▄▄
█ ▄▄▄▄▄ █▀▄▄ ▄▀▄██▄▀ ▀█▄ ▄▄▀▀ ▄ █ ▀█▄█ █▄▄ ▄▄▀▄▄ ██ ▄▄▄▄▄ █
█ █   █ █▀▀██▄▀▄██ ▀██▄█  ▀█▄▄ █ ▄██▀ ▄▀▀▄ ▄▀█ ▄ ██ █   █ █
█ █▄▄▄█ █▀ █████▄█  ▄ ▀ ▀ █ ▄▄▄ ▀▄▀▀▀▀ ███   █▀▀▄██ █▄▄▄█ █
█▄▄▄▄▄▄▄█▄█ █▄█▄▀▄█▄▀ █▄█ █ █▄█ ▀▄█ ▀▄▀▄▀▄▀ █▄█▄▀▄█▄▄▄▄▄▄▄█
█▄▄   █▄ ▄▄▄██▀▀▀▄▄ ▄▄█▀▀▀ ▄    ▀█▀█▀ ▀▄▀▀ ▀▄█▄█▄▀ █ ▀▄▀ ▀█
█▄▀▀ █ ▄█▀   ▀▄ ▄▄▀ ▀▀▀  █▀▄█▄ ▄█▀ █ ▄█▀▀█▄ ▀▄▄██▀ ▄█ ▀▀███
█▀▄▄█ █▄▀▀▄▀▄▀▄▄▀▄▀  ▄▀▄ ▀ ▀█▀▀█▄▀▄▄█ ▀█▀▀ ▀▄█▄▄▀▀ █▀█▀▄ ██
█▀ ▄ ▀▀▄▄▄ ▄▄▀▀▀▀    ▄█▀█▀▀▄▀█▀ ▄▀▀▀█ █ ▄▀▀▀ ▄ ████▄▄▀ ▀▄▀█
█▄   ▄ ▄▀▄ ▀▀█ ▀▄▄▀▄▀█▀▀▄▀▄ ▀ ▀▀ █▀█ ▄▀██▀ ▀▄█▀█ ▀ ████▄█ █
██▀ █▄█▄▀▄▄ ▄ ▀█ ▄   █▀▀█ ██▀▄▀█▀ █▄▀▄▀▄█▄█▀█▄█ ▄ █▀  ▀▀███
█▀▀▀▄█ ▄ █  ▀ ▀█▄▀▄▄▄███▀▄  █▀▀  ████ ███▀▀▀ █▄█▄▀▄█▀▀█▀▀▀█
█▀▄▄ ██▄▄▄ ▀▀▀▄▀▄ █▀▄█  ▀█▀  ▀▀ ███ █ ▄▄█▀▄▀▀▀▄▄ ▀▄ ▀▀█ ▀██
█▄ █▀▄█▄  ▀██▀▀██▄  █▄▀█▀ ▀██▀▀▀▄ ▄ ▄ ▀▄▀▀▀▀▀█ ▄ ▀▀▄█▀▄▀  █
█▄▀▄▀ ▄▄▄ ▄▀███  ▄▄█ ▀▄█▄ ▀ ▄▄▄   ▄█▀ █▄█ ▄ ▄ █ ▀ ▄▄▄ ▀ ▄▀█
█▀█ █ █▄█ ▄█▄▀ ▄▄▄▄▀ █▄█ ▀▀ █▄█ ▄▀█▄▄  ██▀▄▀ ▀██▄ █▄█ ▀████
█ ▀▀▄▄▄▄ ▄██▀ ▄▀▄▀▄▄██▄ ▀ ▄  ▄▄▄▀▀▄ ▄▄█▀▀▀▄▀▀▄ █▄▄ ▄ ▄▀▀ ██
█▄▄  █▀▄▄ ▀█▀▀ ████▄ ▄▀▀▄▀█▀▀▄▀ ▄█▀█▄▄▄▄▀▀  ▄█▄▄██▀▄█▄█▄ ▀█
█▄▄▄ ▄▄▄▄  ▄█▄▀    █ ▄ ▀█ ▄▄  ▀   ▄▄▀▄▀▄ ▀▀ ▀▄▀▄▀▀▀▀▄█  █▀█
█▄ ▄▀▄▀▄▄▀ ▀▀▀█ ▀█▄ ▀▀██▄ █▄▀█▀█▀██▄▄▄█▄▀▀▀▀▄▀▀▄█▀▀ █▄▄██ █
█▀▀▀▀█▀▄▀▄▀█▀█▀█▀█▄▄▀ █▄▄ ▄▀▀█▀▄ █▀█▀ ▄ ▀ █▄▄▀█▄▀▄ ▀ ▀  ▄▄█
█▀▀  ▀ ▄▄    ▀ ▀▄█  ▄▄█▀ ▀█▀▄▄ █▀█▀█▄  ███▀▀ █▀█▀▀▀▄██  ▀██
██  ▄▄ ▄█▀▄ ▄▄▀▄ ▀▀ ▀█▀ █▀█▀▀█▄ █▀██ ▄ ██▀▀ ▄ █ ▀▀ ▀█  ▀ ▀█
█▄  ▀█▄▄▄█▄ ▀ ██▄▄▀  █▀▄ ▀█▄▄▄▄  ▀▄█▄  ▄▀▀  ▀▀ ▄█▀▄█▄█ █▀▀█
█ ▀ ▀▀▄▄▀▀█▀█ ▄▄▄▀ █ ███▀   ▀█  ▄▀█▀▀█▀ ▄█  █ █▄▀█▄▀ █▀▀▀██
███████▄█  ▄▀█ ▀██▄  ▄▄▀ ▀▀ ▄▄▄ ▄█▄██▄ ▄▀▀▀  █▄▄█ ▄▄▄ ▄▀█▀█
█ ▄▄▄▄▄ █▄ ▄ ▄█▄▄█▀▄▄▄ ▄█▀▄ █▄█ ▀███▀▀▄  ▄ █▀▀▀▄  █▄█  ▀ ▀█
█ █   █ █ ▄▀ ▄█▄▄▀▄▄▄██▀▀▄▀    ▄ ███ ▄▀█▀▀▄  ▀▄█▀▄▄▄▄ █ ▄██
█ █▄▄▄█ █ █▄▀▀▄▄▄   ▄█  ▀█▄▀█▀▀██▄█ ▀▄▄▀ ▀▄▀▄▀ ▀▄ ▄█▀▀▄ ███
█▄▄▄▄▄▄▄█▄▄▄▄█▄██▄█▄▄▄▄█▄▄▄████▄▄▄▄▄█▄█▄██▄█▄█▄██▄▄▄▄▄▄█▄██

QR saved: C:\Users\Adeel Mehar\OneDrive\Desktop\Abdulbot-main\Abdulbot-main\whatsapp-qr.png
📱 QR Code generated. Please scan with WhatsApp.
[TERM_FILES_DEBUG] incomingTermRequestCheck {
  text: 'CS435 ke handouts abhi available nahi hain.',
  termType: null,
  subjectCodes: [ 'CS435' ],
  wantsFiles: false,
  wantsHandouts: true
}
Drive Error: Permission denied: Consumer 'api_key:AIzaSyDhJCdx5SWH2nNikcg4mRMmdCiqyUy7m70' has been suspended.
[TERM_FILES_DEBUG] incomingTermRequestCheck {
  text: 'CS435 ke handouts abhi available nahi hain.',
  termType: null,
  subjectCodes: [ 'CS435' ],
  wantsFiles: false,
  wantsHandouts: true
}
Drive Error: Permission denied: Consumer 'api_key:AIzaSyDhJCdx5SWH2nNikcg4mRMmdCiqyUy7m70' has been suspended.
[TERM_FILES_DEBUG] incomingTermRequestCheck {
  text: 'CS435 ke handouts abhi available nahi hain.',
  termType: null,
  subjectCodes: [ 'CS435' ],
  wantsFiles: false,
  wantsHandouts: true
}
Drive Error: Permission denied: Consumer 'api_key:AIzaSyDhJCdx5SWH2nNikcg4mRMmdCiqyUy7m70' has been suspended.
[TERM_FILES_DEBUG] incomingTermRequestCheck {
  text: 'CS435 ke handouts abhi available nahi hain.',
  termType: null,
  subjectCodes: [ 'CS435' ],
  wantsFiles: false,
  wantsHandouts: true
}
Drive Error: Permission denied: Consumer 'api_key:AIzaSyDhJCdx5SWH2nNikcg4mRMmdCiqyUy7m70' has been suspended.
[TERM_FILES_DEBUG] incomingTermRequestCheck {
  text: 'CS435 ke handouts abhi available nahi hain.',
  termType: null,
  subjectCodes: [ 'CS435' ],
  wantsFiles: false,
  wantsHandouts: true
}
Drive Error: Permission denied: Consumer 'api_key:AIzaSyDhJCdx5SWH2nNikcg4mRMmdCiqyUy7m70' has been suspended.
[TERM_FILES_DEBUG] incomingTermRequestCheck {
  text: 'CS435 ke handouts abhi available nahi hain.',
  termType: null,
  subjectCodes: [ 'CS435' ],
  wantsFiles: false,
  wantsHandouts: true
}
Drive Error: Permission denied: Consumer 'api_key:AIzaSyDhJCdx5SWH2nNikcg4mRMmdCiqyUy7m70' has been suspended.
[TERM_FILES_DEBUG] incomingTermRequestCheck {
  text: 'CS435 ke handouts abhi available nahi hain.',
  termType: null,
  subjectCodes: [ 'CS435' ],
  wantsFiles: false,
  wantsHandouts: true
}
Drive Error: Permission denied: Consumer 'api_key:AIzaSyDhJCdx5SWH2nNikcg4mRMmdCiqyUy7m70' has been suspended.
[TERM_FILES_DEBUG] incomingTermRequestCheck {
  text: 'CS435 ke handouts abhi available nahi hain.',
  termType: null,
  subjectCodes: [ 'CS435' ],
  wantsFiles: false,
  wantsHandouts: true
}
Drive Error: Permission denied: Consumer 'api_key:AIzaSyDhJCdx5SWH2nNikcg4mRMmdCiqyUy7m70' has been suspended.
[TERM_FILES_DEBUG] incomingTermRequestCheck {
  text: 'CS435 ke handouts abhi available nahi hain.',
  termType: null,
  subjectCodes: [ 'CS435' ],
  wantsFiles: false,
  wantsHandouts: true
}
Drive Error: Permission denied: Consumer 'api_key:AIzaSyDhJCdx5SWH2nNikcg4mRMmdCiqyUy7m70' has been suspended.
[TERM_FILES_DEBUG] incomingTermRequestCheck {
  text: 'CS435 ke handouts abhi available nahi hain.',
  termType: null,
  subjectCodes: [ 'CS435' ],
  wantsFiles: false,
  wantsHandouts: true
}
Drive Error: Permission denied: Consumer 'api_key:AIzaSyDhJCdx5SWH2nNikcg4mRMmdCiqyUy7m70' has been suspended.
[TERM_FILES_DEBUG] incomingTermRequestCheck {
  text: 'CS435 ke handouts abhi available nahi hain.',
  termType: null,
  subjectCodes: [ 'CS435' ],
  wantsFiles: false,
  wantsHandouts: true
}
Drive Error: Permission denied: Consumer 'api_key:AIzaSyDhJCdx5SWH2nNikcg4mRMmdCiqyUy7m70' has been suspended.
[TERM_FILES_DEBUG] incomingTermRequestCheck {
  text: 'CS435 ke handouts abhi available nahi hain.',
  termType: null,
  subjectCodes: [ 'CS435' ],
  wantsFiles: false,
  wantsHandouts: true
}
Drive Error: Permission denied: Consumer 'api_key:AIzaSyDhJCdx5SWH2nNikcg4mRMmdCiqyUy7m70' has been suspended.
[TERM_FILES_DEBUG] incomingTermRequestCheck {
  text: 'CS435 ke handouts abhi available nahi hain.',
  termType: null,
  subjectCodes: [ 'CS435' ],
  wantsFiles: false,
  wantsHandouts: true
}
Drive Error: Permission denied: Consumer 'api_key:AIzaSyDhJCdx5SWH2nNikcg4mRMmdCiqyUy7m70' has been suspended.
[TERM_FILES_DEBUG] incomingTermRequestCheck {
  text: 'CS435 ke handouts abhi available nahi hain.',
  termType: null,
  subjectCodes: [ 'CS435' ],
  wantsFiles: false,
  wantsHandouts: true
}
Drive Error: Permission denied: Consumer 'api_key:AIzaSyDhJCdx5SWH2nNikcg4mRMmdCiqyUy7m70' has been suspended.
[TERM_FILES_DEBUG] incomingTermRequestCheck {
  text: 'CS435 ke handouts abhi available nahi hain.',
  termType: null,
  subjectCodes: [ 'CS435' ],
  wantsFiles: false,
  wantsHandouts: true
}
Drive Error: Permission denied: Consumer 'api_key:AIzaSyDhJCdx5SWH2nNikcg4mRMmdCiqyUy7m70' has been suspended.
[TERM_FILES_DEBUG] incomingTermRequestCheck {
  text: 'CS435 ke handouts abhi available nahi hain.',
  termType: null,
  subjectCodes: [ 'CS435' ],
  wantsFiles: false,
  wantsHandouts: true
}
Drive Error: Permission denied: Consumer 'api_key:AIzaSyDhJCdx5SWH2nNikcg4mRMmdCiqyUy7m70' has been suspended.
[TERM_FILES_DEBUG] incomingTermRequestCheck {
  text: 'CS435 ke handouts abhi available nahi hain.',
  termType: null,
  subjectCodes: [ 'CS435' ],
  wantsFiles: false,
  wantsHandouts: true
}
Drive Error: Permission denied: Consumer 'api_key:AIzaSyDhJCdx5SWH2nNikcg4mRMmdCiqyUy7m70' has been suspended.
[TERM_FILES_DEBUG] incomingTermRequestCheck {
  text: 'CS435 ke handouts abhi available nahi hain.',
  termType: null,
  subjectCodes: [ 'CS435' ],
  wantsFiles: false,
  wantsHandouts: true
}
Drive Error: Permission denied: Consumer 'api_key:AIzaSyDhJCdx5SWH2nNikcg4mRMmdCiqyUy7m70' has been suspended.
[TERM_FILES_DEBUG] incomingTermRequestCheck {
  text: 'CS435 ke handouts abhi available nahi hain.',
  termType: null,
  subjectCodes: [ 'CS435' ],
  wantsFiles: false,
  wantsHandouts: true
}
Drive Error: Permission denied: Consumer 'api_key:AIzaSyDhJCdx5SWH2nNikcg4mRMmdCiqyUy7m70' has been suspended.
[TERM_FILES_DEBUG] incomingTermRequestCheck {
  text: 'CS435 ke handouts abhi available nahi hain.',
  termType: null,
  subjectCodes: [ 'CS435' ],
  wantsFiles: false,
  wantsHandouts: true
}
Drive Error: Permission denied: Consumer 'api_key:AIzaSyDhJCdx5SWH2nNikcg4mRMmdCiqyUy7m70' has been suspended.
[TERM_FILES_DEBUG] incomingTermRequestCheck {
  text: 'CS435 ke handouts abhi available nahi hain.',
  termType: null,
  subjectCodes: [ 'CS435' ],
  wantsFiles: false,
  wantsHandouts: true
}
Drive Error: Permission denied: Consumer 'api_key:AIzaSyDhJCdx5SWH2nNikcg4mRMmdCiqyUy7m70' has been suspended.
[TERM_FILES_DEBUG] incomingTermRequestCheck {
  text: 'CS435 ke handouts abhi available nahi hain.',
  termType: null,
  subjectCodes: [ 'CS435' ],
  wantsFiles: false,
  wantsHandouts: true
}
Drive Error: Permission denied: Consumer 'api_key:AIzaSyDhJCdx5SWH2nNikcg4mRMmdCiqyUy7m70' has been suspended.
[TERM_FILES_DEBUG] incomingTermRequestCheck {
  text: 'CS435 ke handouts abhi available nahi hain.',
  termType: null,
  subjectCodes: [ 'CS435' ],
  wantsFiles: false,
  wantsHandouts: true
}
Drive Error: Permission denied: Consumer 'api_key:AIzaSyDhJCdx5SWH2nNikcg4mRMmdCiqyUy7m70' has been suspended.
[TERM_FILES_DEBUG] incomingTermRequestCheck {
  text: 'CS435 ke handouts abhi available nahi hain.',
  termType: null,
  subjectCodes: [ 'CS435' ],
  wantsFiles: false,
  wantsHandouts: true
}
Connection closed due to Error: Stream Errored (conflict), reconnecting false
Session folder deleted. Please re-authenticate.
Session logged out. Please re-authenticate.
▄▄▄▄▄▄▄▄▄▄▄▄▄▄▄▄▄▄▄▄▄▄▄▄▄▄▄▄▄▄▄▄▄▄▄▄▄▄▄▄▄▄▄▄▄▄▄▄▄▄▄▄▄▄▄▄▄▄▄
█ ▄▄▄▄▄ █▀▄▄ ▄▀▄▀▀█  █▄█▄ ▄▀▀ ▄ █ ▀▀   ▀▄█ ▄  ▄▄ ██ ▄▄▄▄▄ █
█ █   █ █▀▀█▀ ▀▄▄█ ▀█▄▄█  ▀█▄▄ █ ▄██▄▀▄▀▄█ ▄▀▄ ▄ ██ █   █ █
█ █▄▄▄█ █▀ ▀████▄█  ▄ ▀ ▀ █ ▄▄▄ ▄█▀▀ █ █ ▄  ▀█▀▀▄██ █▄▄▄█ █
█▄▄▄▄▄▄▄█▄▀ █ █▄▀▄█▄▀ █▄█ █ █▄█ ▀▄█ ▀▄▀▄▀▄▀ █▄█▄▀▄█▄▄▄▄▄▄▄█
█▄▄  ▄▀▄ ▄▄█ ▀▀▀▀▄▄ ▄▄█▀▀▀▄▄    ▀█▀█▀ ▀▄▀▀ ▀▄█▄█▀▀ █▄▀▄▀ ▀█
█▄▀▀ █▀▄▀▀▄ ██▄ ▄▄▀ ▀▀▀  █▀██▄ ▄█▀ █ ▄█▀▀█▄▄▀▄ ▀  ▀█▄ ▀▀███
█▀▄ ▄ █▄▄▀█▀▄▀▄▄▀▄▀  ▄▀▄ ▀▀▀▀▀▀█▄▀█▄█ █▄▀▀▀▀▄█▄█▀  ██▀█  ██
█▀██▀▀▀▄▄█ ▄▄▀▀▀▀ ▀▄ ▄ ▄█▀▀▄ ██ ▄▀▄▀█▄▄▄▄██▄▄ ▄█ ██▄█   ▄▀█
█ █ ▀▄ ▄▀▄ ▀▀█ ▀▄█▀▄ ▄██  ▄ ▀ ▀▀ █▀▄▄▄ ██▀  ▀▀█▄ ▀ ███▄██ █
█▀ ▀ ▄▀▄▀▄▄ ▄ ▀██   ▄▄▀▀  ██▀▄▀█▀▄█▄█▄▀▄  █▀█▄█ ▄ █▀  ▀▀▄██
██ ▀▄▀ ▄ █   █▀█▄▀▄▄▄███▀▄  █▀▀ ▄▀██  ████▀▀ █▄█▄▀▀█▀▀█▀ ▀█
█▀▄▄ ██▄    ▀▄▀▄▄ █▀▄█  ▀█▀  ▀▀ █▄█ █ ▄▄▄▀▄▀▀ ▄▄ ▀██▀▀█ ▀██
█▄ █▀▀█▄ █ ██ █ █▄  █▄▀█▀ ▀▀█▀▀▀▄ ▄ ▄ ▀▄▀▀▀▀▀█ ▄  ▀▄▄█▄▀  █
█▄▀▄▀ ▄▄▄ ▄▀  ▄█ ▄▄█ ▀▄█▄ ▀ ▄▄▄    ▀▀ ▀▄█   ▄ █▄▄ ▄▄▄ █ ▄▀█
█▀█▀  █▄█   ▄▀█▄▄▄▄▀ █▄█ ▀▀ █▄█ ▄▀▄▄▄ ███▀▀  ▀█▄█ █▄█  ▀███
█▄▀█▄ ▄▄ ▄██▀ ▄▀▄▀ ▄██▄█▀ █▄ ▄▄▄▀▀▄▀    ▀▀▄▀█ ▀▄▀    ▄▀▀ ██
█▄ ▄██▀▄▀█▀█▀▀ █▄▄  ▀█▀▀▀▀█▀▄▄▀ ▄█▀█▄▄ ▄▀▀█▀▀▀▄███▀▄▄██▄ ▀█
█▀▀▀ ▄▄▄█▄ ▄█▄▀  ▀ █▄▀ ▀ ▀▄▄ ▀▀  ▄▄▄▄ ▀█▄  ▀▄▄▀▄ ▀▀▀ ▄  ███
█ ▀▄▀▄▀▄▄▀ ▀  █ ▀█▄ ▀▀██▄ █▄▀█▀▄ ▀█▄▄ █▄▀▀▀▀▄█▀▄█▀▀ █▄▄█▄▀█
█▀▀▀▀█▀▄▀▄▀██  ▀▀█▄▄▀ █▄▄ ▄▀▀█▄ ▀█▀█ ▀▄ ▀▀█▄▄▀█▄▀▄ ▀ ▀  ▄▄█
█▀▀  ▀ ▄▄ ▀  ▀▀ ▄█  ▄▄█▀ ▀█▀▄▄ █▀█▀█▄  ███▀▀ █▀█▀▀  ██  ▀██
██  ▄██▄█▀▀  ▀▄█ ▀▀ ▀█▀ █▀▀▀▀█▄ █▀█▀ ▄▄██▀█ ▄ ▀▄▀▄ ██ ▀  ▀█
█▄ ▀▀▀ ▄█▄  ▀  ▄▄▄▀  █▀▄ ▀▄█▄▄▄  ▀▄█▄ ▀█▀▀▄ ▀▀█▄▀▄▀▄█▄█▀▀▀█
█ ▀ ▀▀▄▄▀██▀█ ▄▄▄▀▄▄ ██▄▀  ▀▀█  ▄▀▄▀▀█▀ ▄▀▄▀█  ▀ ▄▄█▀▄▄▀▀██
███████▄█  ▄▀█ ▀█▄▄▄▀█▀▀▄▀▀ ▄▄▄ ▄█▄█   ▄▀▀▀  ▀███ ▄▄▄ ▄▀▀██
█ ▄▄▄▄▄ █▄ ▄ ▄█▄█▄▀▄ ▄ ▄  ▄ █▄█ █▀███▀█ █▄▀█▀█ ██ █▄█  ▀ ██
█ █   █ █ ▄▀███▄▄▀▄▄▄██▀▀▄▀ ▄  ▄ ███▄ ▀█▀▀▄ ▄█▄█ ▄▄▄ ▄█ ▄▄█
█ █▄▄▄█ █ ████ █▄   ▄█  ▀█▄▀▄█▀██▄█  █▄▀▀▀▄▀█  ▀▄ ▄█▀█▄ ███
█▄▄▄▄▄▄▄█▄▄██▄▄▄█▄█▄▄▄▄█▄▄▄██▄█▄▄▄▄▄█▄█▄██▄█▄█▄██▄▄▄▄▄▄█▄██

QR saved: C:\Users\Adeel Mehar\OneDrive\Desktop\Abdulbot-main\Abdulbot-main\whatsapp-qr.png
📱 QR Code generated. Please scan with WhatsApp.
Drive Error: Permission denied: Consumer 'api_key:AIzaSyDhJCdx5SWH2nNikcg4mRMmdCiqyUy7m70' has been suspended.
File Request Error: Connection Closed
▄▄▄▄▄▄▄▄▄▄▄▄▄▄▄▄▄▄▄▄▄▄▄▄▄▄▄▄▄▄▄▄▄▄▄▄▄▄▄▄▄▄▄▄▄▄▄▄▄▄▄▄▄▄▄▄▄▄▄
█ ▄▄▄▄▄ █▄ ▄▄ ▀▀█▀ ███ ▄ ▄▄██  ▄█▄▀█▄█ ▀ ▄▄ ▀  ▄ ██ ▄▄▄▄▄ █
█ █   █ █  ▄██ ▄▄█  ▄██▄▀  ███ ▄▀▄▄▄▀▀█▀██ █▀█▀▄ ██ █   █ █
█ █▄▄▄█ █▄▀▀▀▄▀▄▀▀▀█ ▀▄▄ █▀ ▄▄▄  ▀▄██ ▄▄ █▀█▄█▄▀▄██ █▄▄▄█ █
█▄▄▄▄▄▄▄█▄▀▄█ █ █▄▀ ▀▄▀▄▀▄█ █▄█ ▀ ▀ █ ▀ █▄█▄█ ▀▄█ █▄▄▄▄▄▄▄█
█▄▄  ▀█▄█▄█▄   ▀ █▄▀█▄▄ ▀ █      █ ▄▀▀ ▄    ███▄   ██ ▄ ▀ █
█▀█ █ ▀▄ █ █▄  ▀▀  ██ ▄▄▀ ▄█▄▄▀▀▀ ██▀▀█ ▄▀█████▀▀▄█▄▄▀ ▄▀▄█
██▄▄▀ ▀▄ ▄▀█ █▄ █▄█▄  █▄▄█ █ ▀█▀▄█▀█▀▄▀ █▀▄█▄▀█▄██ ▀███  ▀█
█▄ ▄▀ ▀▄▄▄▀█▄  ▀ ▀▀█▀▄▀▀█  ▄▀▄▀▀█▀▀▄▀▀▀█▀   ▀  ▀█▀▄▄▄▀  █▀█
█▀▄▄▄ ▀▄████  ▄ ▀▀██▄▄ █ ▄ ▀▄▄▀█▄▄▄▀██▄▄▄█ ▄ ▄ ▀▀▄▄▄ ▀▄ ▀██
█▀▄█▀ ▀▄▀    ▄▀▀ ▄▄▄▄ █▀█▄█▀█▄█▀█ ▀▄  ▀▀▄█ ▄ ▀▀  ▄██▄ ██ ▀█
██▀▀█▀▀▄▀█▀▀ ▀ ██ ▄███▄▄▀█▀ ▄ ▀▀▀▀▄▄▀▀▄█  ▀ █▀█▄▄ ▄▄  █  ▀█
█▄ ██▄▄▄▄▀▀▀ █▄█▀▄▄▄ ▄█▄  █▀██ █▀▄ ▄█▄ █▀██▄▄ ▀ ▀▄ █ █▄██▄█
█  ▀█▀▀▄▀█▄▀ █ ▀▀▄▄▄█ ███▄▀▀▀▀██▄▄   ▄▀ █▀██▀▀▄▄█▄  ▄█ █ ▄█
██ ▄  ▄▄▄ █ ▄▄█▀▀█▄▄▀▀█▄▄▀  ▄▄▄ ▀ ▀▄▀▀▄ ▄▀ ▀█  █  ▄▄▄ ▀▀█▀█
█▄▀▄█ █▄█ ▀██▄▄█▀ █▄▄▄▀▀▀▄█ █▄█   ▄▀███▄ ███▄ ▀ ▀ █▄█ ▀▀▀▄█
██▀▄▄ ▄▄  ▀██▄▄█ ▀▀ █▀▄ █▄█ ▄▄  ▀█▀ ▄ ▀▀▀▀▄█▀ ▄▄▄▄▄▄ ▄▄█ ▀█
█▀▄ ▄▄▀▄█  ▄▀ ▀█ █ ▀▀█  ▀ ▄▀ █▀▀██ ▄█▀▀█▀▄▄▀▀▀▄█▀█ ▄█▄██▀▀█
█▀▄ █ █▄▄ █ ▄▀█▀▄▄▀ █▄██▄▀ ██  █ ▀▀ ▄▄█▄▄█▀▄  █  ▄█   ▀█▄ █
█ ▄ █▄█▄▄█▄▀▄██▄██ ▄▀█▀█ ▄█ ██▄▄▄█▀▄ ▄█ █▀██▄▀█▄▀█▀▄▀▄ ▀█▄█
█  ▀ ▄▀▄ ▄▄█▀▄▀█ ▄▄█  ▄█▄▀█▀ ▄▄▀▀▄ ▄▀▀█   ██▄▀▄█▀█▀▀▀  ▀█▄█
█▄█▀█▄█▄ ▀█  ▀  ▀▀▀█ █ █▀▄▀ ▀ ▀ █▄▄▀██▄▄ ▀ ▄▄▄▄▀ ▄▄  ▀▀██▄█
█▀ ▄ ▄ ▄██▀█ █  ▄▀█▄▀▀█ ▀█████ ▄████▄ ▄▀▀▀▀▄▄▄▀ ▀ ▄▀▀  █ ██
██▀ ▄▄█▄▄█ ▀▀▀█▄██▀▀▀█ █  ▄▄██▄▀▀▀▄▄▄▀▀▄  ▀  ▀█▄▀▄█▀▄▄   ▀█
█ ▀ ▀▀▄▄▀▀ █▄█ █▀███▄▄▀  ███▄▀▀█  ▀█  ████▀█▀▀▀█ ▄ ▄▄█ ██▄█
███████▄▄ ▄▄█▀ █ █▄▄▄ ▀█▄█▀ ▄▄▄ ▄▀ █▄ ▀ ██▀█▄▀▀██ ▄▄▄ ▀████
█ ▄▄▄▄▄ ██▀█ █▄▄▀█▀█▀▄▀█▀██ █▄█ ▄▀▄▄▀█▄▀▄▄ ▄▀▄▀██ █▄█   ▄██
█ █   █ █▀▀█ █▀█▀██▀ ▄ █ ▀█  ▄     ▀▄██▄▄▀██▄▄▀▀▀  ▄ ▄▄█ ██
█ █▄▄▄█ █ ▄█▀█▀█  ▄▄▄▀▄ █▀▄██▀█▀▄ ▀ ▄ ▄█▄▀ ███▄▀ ▄▄▀▄█ ▄█▀█
█▄▄▄▄▄▄▄█▄██▄███▄████▄█▄▄████▄███▄████▄▄▄▄▄▄███▄███▄██▄▄███

QR saved: C:\Users\Adeel Mehar\OneDrive\Desktop\Abdulbot-main\Abdulbot-main\whatsapp-qr.png
📱 QR Code generated. Please scan with WhatsApp.
▄▄▄▄▄▄▄▄▄▄▄▄▄▄▄▄▄▄▄▄▄▄▄▄▄▄▄▄▄▄▄▄▄▄▄▄▄▄▄▄▄▄▄▄▄▄▄▄▄▄▄▄▄▄▄▄▄▄▄
█ ▄▄▄▄▄ █▀▄▄ ▄ ███▄▀██▄█▄ ▄▀▀ ▄ █ ██ ▀▄▀█ ▄▄ ▄▄▄ ██ ▄▄▄▄▄ █
█ █   █ █▀▀██▄▀▄██ ▀▄█▄█▀▀▀█▄▄ █▄▄██▀▀▄▀▄▄ ▄ █ ▄ ██ █   █ █
█ █▄▄▄█ █▀ █▄▄██▄█  ▄ ▀ ▀ █ ▄▄▄ ▄▀▀▀█▀ █▀▄  ▀▀▀▀▄██ █▄▄▄█ █
█▄▄▄▄▄▄▄█▄█ █ █▄▀▄█▄▀ █▄█ █ █▄█ ▀▄█ ▀▄▀▄▀▄▀ █▄█▄▀▄█▄▄▄▄▄▄▄█
█▄▄   ▀▄▄▄██  ▀▀▀▄▄ ▄▄█▀▀▀ ▄    ▀█▀█▀ ▀▄▀▀ ▀▄█▄█▄▀ █ █▄▀ ▀█
█▄▀▀ █ ▄▄ ▄▄  ▄ ▄▄▀ ▀▀▀  █ █▀  ▄█▀ █ ▄█▀▀█▄ ▀▄▄█  ▀▄▀█▀▀███
█▀▄ ▀ █▄ █  ▄▀▄▄▀▄▀  ▄▀▄ ▀  █▀▀█▄▀ ▄█ ▀█▀▀ ▀▄███▄▀ █▀█▀  ██
█▀█▀ ▀▀▄██ ▄▄▀▀▀▀  ▄ ▄▄▄█▀▀▄▀▄█ ▄▀▀▄▀▄▄█ ██  ▄ █▄▄█▄▄   ▄▀█
█▀ ▄█▄ ▄▀▄ ▀▀█ ▀██▀▄▄▄█▀▀ ▄ ▀ ▀  █▀█ ▄ ███▄▀▄▀ ▄ ▀ ████▄█ █
█   ▀ █▄▀▄▄ ▄ ▀█ ▄  █▀▀▀▄ ██▀▄▀█▀▄█▄ ▄ █ ▀▄▀███ ▄ █▀  ▀▀▄▀█
█ ▀▀▄▄▀▄ █  ▀ ▀█▄▀▄▄▄███▀▄  █▀▀  ▀███▄██▀▀▀▀ █▄█▄▀▀█▀▀█▀▀▀█
█▀▄▄ ▄█▄▄ ▀▄▀▄  ▄ █▀▄█  ▀█▀  ▀▀ ▄▄█ █▀▄▄█ ▄▀▀ ▄▄ ▀█▀█▀█ ▀██
█▄ █▀▀▄▄▄█▄▀▄  ██▄  █▄▀█▀ ███▀▀▀▄ ▄ ▄ ▀▄▀▀▀▀▀█ ▄▄▀▄█▀█▄▀  █
█▄▀▄▀ ▄▄▄ █▄█▀ ▀ ▄▄█ ▀▄█▄ ▀ ▄▄▄   ▄█▀ █ █  ▄▄ ▀▄█ ▄▄▄ ▀ ▄▀█
█▀█ ▀ █▄█ ▀▄▄▀  ▄▄▄▀ █▄█ ▀▀ █▄█ ▄▀██▄  ██▀▀▀ ▀█▄▀ █▄█ ▀▄███
██   ▄ ▄▄▄██▀ ▄▀▄▀█ ████▀ █  ▄▄▄▀▀█ ▄▄▀█▀▀▀ ▀  ▀ ▄▄   ▀▀ ██
█ █▄▀█▀▄ █▀█▀▀ █▄█ ▄▀▄▀█▀▀█▀▄█▀ ▄█▀█▄  █▀█▀▀▄███▀█▀▄▄██▄ ▀█
█▄█ █▄▄▄   ▄█▄▀ ▀▄ ██  ▀ ▄▄▄  ▀ ▄ ▄▄▄▄ █   ▀ ▀▀▄▀▀▀▀██  ▄██
█ █▄▀▄▀▄▄▀ ▀▀▄█ ▀█▄ ▀▀██▄ █▄▀█ ▄ ██▄ ▄█▄▀█▀▀██▀▄█▀▀ █▄▄██ █
█▀▀▀▀█▀▄▀▄▀▀▄ ▀█▀█▄▄▀ █▄▄ ▄▀▀█ ▄ █▀█ ▀▄   █▄▄▀█▄▀▄ ▀ ▀  ▄▄█
█▀▀  ██▄▄ ▄▀█ ██▄█  ▄▄█▀ ▀█▀▄▄ █▀█▀█▄  ███▀▀ █▀█▀▀▀▄██  ▀██
██  ▄▀█▄█▀▀▄▀  █ ▀▀ ▀█▀ █▀▀▀▀█▄ █▀▀▀ ▄ ██▀█ ▄ ▀ ▀▀▄▀█    ▀█
█▄ ▀▀█ ▄█▀▀ ▀ ▀▄▄▄▀  █▀▄ ▀█▀▄▄▄  ▀▄█▄ ▀█▀▀ ▀▀▀███▄▀ █▄▀█▀▀█
█ ▀ ▀▀▄▄█▀█▀█ ▄▄▄▀▄▄ █▄ ▀  ▀▀█  ▄▀█ ███▄▄██ █▄▀▄▀▄ █▀▄▄▀▀██
███████▄█▀ ▄▀█ ▀▄▄  ▀▄▀█▀▀▀ ▄▄▄ ▄█▄█▄  ██▀▄▀▄▀▄██ ▄▄▄ ▄▀▀▀█
█ ▄▄▄▄▄ █▄ ▄ ▄█▄ ▀▀▄▄▄ ▄█▄▄ █▄█ ▀▀██▄▄▄ ▀▄▀█▀  █  █▄█  ▀███
█ █   █ █ ▄▀▀▀█▄▄▀▄▄▄██▀▀▄▀ ▄  ▄ ████ ▀███▄ █▀▄█ ▄▄▄  █ ███
█ █▄▄▄█ █ █ █▄▄▄▄   ▄█  ▀█▄▀▀▀▀████  █▄▀▀▀▄▀█  ▀▄ ▄█▀▀▄ ███
█▄▄▄▄▄▄▄█▄▄▄▄█▄▄█▄█▄▄▄▄█▄▄▄████▄▄▄▄▄█▄█▄██▄█▄█▄██▄▄▄█▄▄█▄██

QR saved: C:\Users\Adeel Mehar\OneDrive\Desktop\Abdulbot-main\Abdulbot-main\whatsapp-qr.png
📱 QR Code generated. Please scan with WhatsApp.
Connection closed due to Error: QR refs attempts ended, reconnecting true
Reconnecting...
Update C:\Users\Adeel Mehar\OneDrive\Desktop\Abdulbot-main\Abdulbot-main\index.js
🔄 Connecting to WhatsApp...
🔄 Connecting to WhatsApp...
▄▄▄▄▄▄▄▄▄▄▄▄▄▄▄▄▄▄▄▄▄▄▄▄▄▄▄▄▄▄▄▄▄▄▄▄▄▄▄▄▄▄▄▄▄▄▄▄▄▄▄▄▄▄▄▄▄▄▄
█ ▄▄▄▄▄ █▀▀▄▄▀▄▄█▀█ ▄██   ▀▀▀ ▄▄█▀██▀▀▄▀▀▄▀▄█▄▄▄ ██ ▄▄▄▄▄ █
█ █   █ █▀ ▄▀  █▄██ ▄▄█▄▀▀▀█▄▄█▀▄▄███▀ ▀ ▄▀▀ ▄ ▄ ██ █   █ █
█ █▄▄▄█ █▀ ▀▀ █▀▄█ ▀▄ ▀ ▀ █ ▄▄▄ ▀█▀█▄▀▀▀▄▄▄  █▀▀▄██ █▄▄▄█ █
█▄▄▄▄▄▄▄█▄▀▄▀▄█▄▀▄█ ▀ ▀▄█ █ █▄█ ▀▄█ ▀▄█▄▀ █ ▀▄▀▄▀▄█▄▄▄▄▄▄▄█
█▄▄▄▄▄█▄▄▄ ▄█▄▄███▄ ▀▄▀█ ▀▄▄▄▄▄ ▀█▀█▀ ▀▄██ ▀▄▀██ ▀ █▄▀▄▀ ▀█
█  ▄▀▄█▄▄▄  █▀▄ ██▀ ▀▀▀ ▀▀▀█▄█ ███ ▀▀██▀█ █▄▄█▀██ ▄ ██▀▀▀▀█
██▄ █ █▄ ▄▄▄  ▄▄▄█▀  ▄▀▄█▀ ▀▀▀▀█▄▀█▄▀▄ ▄▀▀  ▄█ ▄▀▀▀▄▀██▄▄ █
█ ██ █▀▄▄ ▄█▄▄  ▄ ▄▀█  ██▄ █ ▄█▄█▀ ██▄█ ▄▄█▄█ █▄ █▀▄▄ █▀▄██
██▀▀ ▀█▄▀█▀▄ ▄▄███▀▄▀██▀▀▀▀▄▀   ▄▀▀█▄▄ █▀▀▀ ▄███  ▀▄██ ▀ ██
█▀█▀▀ █▄█▀  █▀▀█ █▄ █▄▀██▀▄▄▀    ▄▀ █▀█▀▄ ▄ ▀▀▄ ▄██▀▄ █▀ ▀█
████▄▀ ▄▄█▄▄▄▄▀█▄▀ ▄▄█▀█▀▄  ▀▀▄▀▄▀██▄▄ █ █ ▀██▄█▄▀▀▄█▀▄▀▀ █
█▄█  ▀▀▄▀▀ █▄▄▄█▄  ▄▄█▀ ▀█▀  ▄▄█▄▄█▀█  █▀▀▀ ▀ ▄▄▄  █▀▀ ▀▀██
█▀███  ▄██▀▄██▀█▀▄▄ █▄▀▀ ▀███▀  ▄ ▄    ███  █▀█▄ ▀ █▀▀█▀▄ █
█ ▄ ▄ ▄▄▄ ▀▀ ▀█▄█ ▄█ ▀▄██ █ ▄▄▄ ▄  ▀▄▀▄ ██▀██▄ █  ▄▄▄ ▀ ▄██
██▀█▄ █▄█ ▄██ ▀▄▄█▄▀ █▄█  █ █▄█  ▀▄█▄▄ ▄▀█  ▄██▄█ █▄█ █   █
█▄ ▀▀▄▄▄ ▄  ▀█▄▄█▄█ ▀▄ ▄█▄ ▄ ▄▄ ██▄   ▀ ▄██▀▀█▄█▀▄   ▄▀▀ ██
█▄▄████▄▀▀ ▄▄ █▄█▄▄  ▄▄▀▀ ▄▀██▀ ▄█▀█▄ ▀▄▀▀▄  ▀█▄▀█▀ ▄▄█▀▄ █
█ ▀█ █ ▄█  █  ▄██▄   ▄█▀█▀▄▀  ▀ ▄▀  ▀█▀██▀▄█▄▀▀█▄▄ ▀▄█ ▀▀▀█
█▄ █  ▀▄█▀▀▄█▄▀▄▀█▀▄▀▀▀▀▄ ▄ ▀█▀  ▀▄█ ▄ ███▀▀▄█▄▄▀█▀ ▄▄▀▀▄▀█
█ █▄ ▀█▄▀▀   ▀▄ ▀███▀  ▄▄ █ ▀█▄▄▀▄ █▄██▄█▀▀▄█  ▄█▄▄▀ ▀▀ ▄▄█
██ ▀ ▄ ▄█  █▀▀█▀▄▄▀▄▄▄▀█▄▀█▀█▄█▀▀█▀█▄▄█▄▄█  ▄▀█▄█ ▀▄▄█▀██▀█
█▄▀   ▀▄▀▄  █▄▀▀█▄▀  ▄▀  ▀▀▀ ▀▄ ▀▀██▀▀▄ ▄█▀▀▀▀▄█▄█▄█ ▀ ▀ ██
██▀ ▀▀▀▄▀█ █▀█▀ ▄█▀ ▀█▀▄▀ ▄▀▀▄▄  ██▄   ▄▀▀   ▀▄█▀█ ▀▄████▀█
█ ▀ ▀▀▄▄▀██ █▀█ ▄▄▀▀   ▄▀▀▄▀▀▄▄▄▄ ▄▀▄ ▄█▄▄▀▀▀█ █▀  ▀██ ▀▄▀█
███████▄▄ ▄█▀▄ ▄██▄  █ ▀▄▀  ▄▄▄ ▄▀▄█   ██▀█▀▄▀█▄▀ ▄▄▄ ███ █
█ ▄▄▄▄▄ █▄▀▄▄ ██▄▄▀▄   ▄█ ▄ █▄█ █▄ ██▄▀█▄█ █ ▀█ █ █▄█ ▀  ██
█ █   █ █ ▄ ███▄▄▀▄▄▄█▀▀▀▄▄▄   ▄ ██▄█ ▀▄▀█  █▀██  ▄▄▄  ██▄█
█ █▄▄▄█ █ █ ▀▀█ ▄ ▀▄▄█▄█▀██▄▀▀▀█▄▄▄▀▀▄██▀ █▄▀▀▀█  ▀▄ ██▀███
█▄▄▄▄▄▄▄█▄▄▄███▄█▄▄▄█▄██▄▄▄█▄▄█▄▄▄▄▄▄▄██████▄█▄▄█▄████▄█▄██

▄▄▄▄▄▄▄▄▄▄▄▄▄▄▄▄▄▄▄▄▄▄▄▄▄▄▄▄▄▄▄▄▄▄▄▄▄▄▄▄▄▄▄▄▄▄▄▄▄▄▄▄▄▄▄▄▄▄▄
█ ▄▄▄▄▄ █▀▄▄▄██ ▀█▄█ ▀▀█   ▀ ▀▄ ▄ ▀█▄  ▀ ▄  ▄█▄▄ ██ ▄▄▄▄▄ █
█ █   █ █▀█▀ █▀▄▄▄▀ ██▄█  ▀█▄▄▄ ▄▄▄▄▄▀ █▀▄█▀▄▄ ▄ ██ █   █ █
█ █▄▄▄█ █▀▄▀▀▀▀█▄██▄▄   ▀ █ ▄▄▄ █▀▀▀█▀▄▀  ▄▄▀▄▀▀▄██ █▄▄▄█ █
█▄▄▄▄▄▄▄█▄▀ ▀ █ ▀▄▀ ▀ █ █ █ █▄█ ▀▄█ ▀▄▀ ▀▄█▄▀▄█ ▀▄█▄▄▄▄▄▄▄█
█▄ ▄▄ ▀▄  ▀▀ ▀▄█▀▄▄ ▄▄▄▀█▀ ▄▄   ▀█▀█▀▄██▀▀  ▄▀ █▄▀ █▄█▄▀▄▀█
█▀  ▀ █▄█▀▀   ▄ ▄▄▀ ▀▀▀ █▀▀███▀█▀▀▄█ ▄▀▄█▀   ██▄█▀▀█▄▀▀▀ ██
██▄▄ ▄█▄ █▀▀█▄▄▄█▄▀ ▀█▀▄▄▀█ ▀▀▀█▄██▄  ▀█▄█▀▀ ▀▄█▀  █▄██  ▀█
█ ▀█ ██▄ ▀▀▀██▄▀ ▄█▄█▀ █▀█▀▄ ▄█▄█▄  ▀███▀██▀▄▄▀█  ▄█▀█▀ ▄▀█
██▀█▀ ▀▄▀█▀▄▄▀▄▀▀▄▄▄▄▄▄▀  ▀▄▀ ▀  ▀▀█ ▄ ███▀ ▄▀▄█▀▀ ▄█▀▀  ▄█
█▄█▀ ▀ ▄▀▄▄▄ ▄▀█ ▄ ███▄ █▀ █▀▄ █▀▀▀ ▀▄█▄▄▀▀▄▀ ▄ █ █▄█ █▀ ▀█
█▀▄▄▀▄█▄▄█▄ █▄▀█▄▀▀▄▄█ ▀▀▄ ▀█▀▀  ▀▄█▀  █▀█  ▀█▄█▄▀ ▄█▀▀▀  █
█▄▄▀▄▀▄▄▀▀ ▄▀██▀▄ ▀▀▄███▀█▀ ▀▀▀▄█▄▄ ▀██ █▀█▄▀█▀▄█  ▄██  ▀██
█▄▄ ▄ █▄    ▀ ▄▄▀▄▄▄█▄▀█ ▀▀▀█▀▄▀▄ ▄    ▄▀█  ▄███▄▀▀▄█▀█▀  █
█▀▀▄  ▄▄▄ █▀█ ▀ ▀█▄█ ▀▄█▄██ ▄▄▄ ▄▄▄▀█▄▄█▀ ▄ ██ ▄█ ▄▄▄ █  ██
██▀▀▄ █▄█  ▀ █▄▄▄▄▄▀ █▄█▀▀▀ █▄█ ▄█▄█ ▄▀▄▀▀▄▀▄▀▄▄▄ █▄█ ▄█▄██
█    ▄ ▄▄▄▄█▀█ ▀▀ ▄  ▄ ▄ ▀   ▄ ▄▀ ▄▀ █▀█▀  ▀▄▀▄▀▄▄ ▄▄▄▀▀▄██
█▄▀ ██▀▄▀▀▀▄▀▄█ █▄▄▄ ███  █▀▄▄▀ ▀▀▀██  ▄▀▀▀  ▀▄██▄▀█▀▄ ▄█▄█
█ ██▄▄▀▄▄▀█▄██▀▄▄▄  ▀█▄ ▄██▄█▄▀ ▄▀  ▀▀ ▀  ▀███▀█▀█▄██  ▀ ██
█▄▀▀▄  ▄▄▀█▄▄  █▀█▄ ▀▀▀█▄ ▄▄▀█▄ ▀▀▄█ ▄▀██▀▀  ▀█▄█  ▀▄▄▀ █▀█
█▄█  ▄▄▄ ▀▄ ▀█▀▄▀█▀▄▀ ▄▀▄ ▄▄▀█▀▄▀▄▀█▀▀▄▄▀▀▄█▀█▄█ ▀▄█▀▀▀ ▄▄█
█▀▀ █▄▀▄▄█ ▄ █▄█▀▄▄ ▄▄▀█▀▀█▀██▄▄▀█▀█▄ ▀███▀▀ ▀██▀ ██▄▄█ ▀██
█▀█ █▄ ▄█▄ ▄▄  ▄▀▀▀ ▄▀▀ █▄█▀ ▄ ▄▀██▀▄▄█▀ █▄ ▀ ▀ █▄▀▀█▄   ██
██▀█ ▀ ▄▀▄█▄▀█ ▄ ▄▀ ▀█▀▄  ▄▀▄▄   █ ██  █▀█  ▄██▄▀ ▀▄▄██▀█ █
█ ▀ ▀▀▄▄▄▄▀▀▀▀  ▀ ██ ▄  █▀▀  ▄▄▄▀▄▄ █▀▄█▀▀▄▄▀  █ ▄▄█ ▀▀▀ ▀█
███████▄▄▀▀█▄▄█▀▄▄▀▄▀▄▄▀▀ ▄ ▄▄▄ ▄▀▄█▄  ██▀ ▀██▀██ ▄▄▄ █▄█▄█
█ ▄▄▄▄▄ █▄ ██▀█▀█▄ █ █▀▄ ▀█ █▄█ █  ████▄█ ▀▀▀▀█   █▄█    ██
█ █   █ █   █▄█ ▄▀▄▄▄██▀▀▄▄▄ ▄ ▄▀▀█▄█▄ ▄█▀  ▄▀▀▄▀  ▄  ▀▀█▄█
█ █▄▄▄█ █ ▀█▀   ▄ ▄▄▄█ ▀▀█▄ █▀▀██▄█▀▀▄█▄▄▀█▄▄▀▀▄▄▄ ▄█▀ ▀███
█▄▄▄▄▄▄▄█▄██▄▄▄██▄█▄████▄▄▄████▄▄▄▄▄█▄▄████▄▄█▄▄███████▄▄██

QR saved: C:\Users\Adeel Mehar\OneDrive\Desktop\Abdulbot-main\Abdulbot-main\whatsapp-qr.png
📱 QR Code generated. Please scan with WhatsApp.
QR saved: C:\Users\Adeel Mehar\OneDrive\Desktop\Abdulbot-main\Abdulbot-main\whatsapp-qr.png
📱 QR Code generated. Please scan with WhatsApp.
▄▄▄▄▄▄▄▄▄▄▄▄▄▄▄▄▄▄▄▄▄▄▄▄▄▄▄▄▄▄▄▄▄▄▄▄▄▄▄▄▄▄▄▄▄▄▄▄▄▄▄▄▄▄▄▄▄▄▄
█ ▄▄▄▄▄ █▀▀▄▄▀▄▄██▄ ▄█▄  ▄▀▀▀ ▄▄█▀█▀██ ▀▀▀▀▄▀ ▄▄ ██ ▄▄▄▄▄ █
█ █   █ █▀ ▄▀  █▄▄█ ▄██▄▀ ▀█▄▄█▀ ███▀  ▀█▄▀▀ █ ▄ ██ █   █ █
█ █▄▄▄█ █▀▄█▀▄█▀▄█ ▀▄ ▀ ▀ █ ▄▄▄ ██▀█ ▄▀▀▀▄▄   ▀▀▄██ █▄▄▄█ █
█▄▄▄▄▄▄▄█▄█ █▄█▄▀▄█ ▀ ▀▄█ █ █▄█ ▀▄█ ▀▄█▄▀ █ ▀▄▀▄▀▄█▄▄▄▄▄▄▄█
█▄▄▄▄▄█▄▄▄▀▀▄█▄███▄ ▀▄▀█ ▀▄▄▄▄▄ ▀█▀█▀ ▀▄██ ▀▄▀██  ▄█▄▀▄▀ ▀█
█  ▄▀▄▄▄█▄█ ▄█▄ ██▀ ▀▀▀ ▀▀▀▄▄▀ ███ ▀▀█▀██ ▀ ▄███  ▄ ▀ ▀▀▀▀█
██▄▀█ █▄ █▀█  ▄▄▄█▀  ▄▀▄█▀ ▀▀▀▀█▄▀▄▄▀▄▀▄▀▀ ▀▄██▄ ▀▀▄▀▀█ ▄ █
█▄▀█▄█▀▄█▀▄█▄▄  ▄ ▄▄█ █▀█▄ █ ██ █▀▄██▄█▀ ▄███▄▀  ▀▀▄▄ ▀ ▄██
██▀▀▀▀█▄▀█▀▄ ▄▄█▄▄ ▄ █▀▀▀▀▀▄▀ ▀ ▄▀▀▄  █▄██  ▄▀▄█  ▀▄██   ▀█
█▄▀▀  ▀▄█▀  █▀▀█▄▀▄  █▀█▄█▄▄▀ ▀▀ ▄▀ █ ▄ ▄ ▄ ▄▀█▀▄██▀▄ █▀▀▀█
█▄▄█▄  ▄▄█▄▄  ▀█▄▀ ▄▄█▀█▀▄  ▀▀▄▀▄███   █▄█ ▀██▄█▄▀ ▄█▀▄▀  █
█▄█  █▄▄██▀█ █▄ ▄  ▄▄█▀ ▀█▀  ▄▄██▄█▀█  █ ▀▀  ▀▄▄▄ █ ▀█ ▀▀██
█▀███ █▄ █ █▀ ▄█▀▄▄ █▄▀▀ ▀█▀█▀  ▄ ▄    ███  █▀█▄▀ ▀█▀██▀▄ █
█ ▄ ▄ ▄▄▄ ▀▀▀▄▄▄█ ▄█ ▀▄██ █ ▄▄▄ ▄ ▄█▄▀▄ █████▄▄█  ▄▄▄ ▀ ▄██
██▀█▄ █▄█ ▀ █ ▄▄▄█▄▀ █▄█  ▀ █▄█  ▀██▄▄ ▄▀█  ▄███▄ █▄█ ▀   █
█▀▀█▀▄ ▄▄   ▀█▄▄█▄▄▄▀▄▀ █▄ ▄ ▄▄ ██▄  ▄▀▄ ██▀▀▀▀▄▄▄▄ ▄▄▄▀ ██
█▀▀▀███▄█  ▄▄ █▄▄▄▄  █▀██▀▄▀▀▄▀ ▄█▀█ ▄▀▄▀▀ ▀ ▀▄▄█▄▀ ██▄▀▄ █
██▄ ▄█ ▄▄  █  ▄██▄  ▄ █▀▄▄▄▀ ▄▀  █  ▀▄▀▄▄ ██▀▄ ▄▄▄ ▀   ▀▀▀█
█ ▄█  ▀▄█▀▀▄▀▄▀▄▀█▀▄▀▀▀▀▄ ▄ ▀█▄█ ▀▄█   █▀█▀▀ █▄▄▀█▀ ▄▄▀▀▄ █
█ █▄ ▀█▄▀▀▀▀▀ █▀▀███▀  ▄▄ █ ▀█▀▄ █ ████▄▄ ▀▄▄▀ ▄█▄▄▀ ▀▀ ▄▄█
██ ▀ █▄▄█    ▄ ▀▄▄▀▄▄▄▀█▄▀█▀█▄█▀▀█▀█▄▄█▄▄█  ▄▀█▄█ ▄▄▄█▀██▀█
█▄▀  █ ▄▀▄▀  ▄ ▄█▄▀  ▄▀  ▀█▀ ▀▄ ▀▀██▀▀  ▄█▀▀▀▀▄█▄█▄▀ ▀▀▀ ██
██▀█ ▀ ▄▄█ ▄▀██▄▄█▀ ▀█▀▄▀ ▄█▀▄▄  █▄█   ▄▀▀▀  ▀█▄▀ ▀▄▀▄█▀█▀█
█ ▀ ▀▀▄▄▄▄█ █▀█ ▄▄▀▀  █▄▀▀▄▄▀▄▄▄▄ ▄  ▄    ▄▄██▀█ ▄▄█▄█  ▄▀█
███████▄█▀▄█▀▄ ▄▀▄▄▄█▄▄▀▀▀  ▄▄▄ ▄▀▄█▀  ████▀ █▀█▀ ▄▄▄ █▄█ █
█ ▄▄▄▄▄ █▄▀▄▄ ██  ▀▄ █ ▄▄▀▄ █▄█ ▀  ██ ▀█▄█ █ ▀█   █▄█ ▀ █▀█
█ █   █ █ ▄ ▀▄█▄▄▀▄▄▄█▀▀▀▄▄▄▄▄ ▄███▄▄ ▀▄▀█  ▀███  ▄▄   ████
█ █▄▄▄█ █ ▄▀██ █▄ ▀▄▄█▄█▀██▄█▀▀█▄▄▄▀ ▄██  █▄▀ ▀█  ▀▄▀▀█▀███
█▄▄▄▄▄▄▄█▄██▄▄███▄▄▄█▄██▄▄▄████▄▄▄▄▄▄▄██████▄█▄▄█▄██▄▄▄█▄██

QR saved: C:\Users\Adeel Mehar\OneDrive\Desktop\Abdulbot-main\Abdulbot-main\whatsapp-qr.png
📱 QR Code generated. Please scan with WhatsApp.
▄▄▄▄▄▄▄▄▄▄▄▄▄▄▄▄▄▄▄▄▄▄▄▄▄▄▄▄▄▄▄▄▄▄▄▄▄▄▄▄▄▄▄▄▄▄▄▄▄▄▄▄▄▄▄▄▄▄▄
█ ▄▄▄▄▄ █▀▄▄▄██ █▀██ █ █▄  ▀ ▀▄ ▄ █▀▀▄▄▀█▄▀▄▄▄▄▄ ██ ▄▄▄▄▄ █
█ █   █ █▀█▀ ▀▀▄▄█▀ ▄▄▄█  ▀█▄▄▄ ▀▄▄▄▀  █▄██▀▀▄ ▄ ██ █   █ █
█ █▄▄▄█ █▀▄▀ █▀█▄██▄▄   ▀ █ ▄▄▄ ▄▀▀▀ ▄▄▀ ▀▄▄▄▀▀▀▄██ █▄▄▄█ █
█▄▄▄▄▄▄▄█▄█▄▀▄█ ▀▄▀ ▀ █ █ █ █▄█ ▀▄█ ▀▄▀ ▀▄█▄▀▄█ ▀▄█▄▄▄▄▄▄▄█
█▄ ▄▄ █▄▄▄▄▀█▄▄█▀▄▄ ▄▄▄▀█▀▄ ▄   ▀█▀█▀▄██▀▀  ▄▀ █  ▄█▄▀▄▀▄▀█
█▀  ▀▀▄▄▄▀  ▀ ▄ ▄▄▀ ▀▀▀ █▀█▄▀▀▀█▀▀▄▀ ▄█▄█▀▄▄ █▀▄▀  ▄ █▀▀ ██
██▄█ ▄█▄▀▀ ▀█▄▄▄█▄▀ ▀█▀▄▄▀▄ ██▀█▄█▀█   ▄▄█▄▀ ▀▄▄   ██▀▀▄ ▀█
█▄▀▄▄██▄ ▀▀▀██▄▀ ▄ ██▀▄▀▀█▀▄▀██ █▄█▄██▄ █▀▄▀  ▄▄█▀▄█▀▄█▀▄▀█
█▀▀▄▀ ▀▄▀█▀▄▄▀▄▀▄▄ ▄▀▄██▄▀▀▄▀ ▀▀ ▀▀▄ ▄▀█ ▀ ▀▀██▄▀▀ ▄█▀ ▀▄ █
█ ▀ ▄█▄▄▀▄▄▄ ▄▀█ ▄ █▄▀▄ ▄  █▀▄▀█▀▀▀ █▀██▀ ▀▄▄▄▄ █ ▀ █ █▀ ██
█ █▄▀ ▄▄▄█▄ ▄▀▀█▄▀▀▄▄█ ▀▀▄ ▀█▀▀ █▀▄█▄▄ ██▀  ▄▀▄█▄▀▄██▀▀▀  █
█▄▄▀▄▄█▄▀▀▀   ▄▄▄ ▀▀▄███▀█▀ ▀▀▀▄██▄ ▀██ ▄ █▄▀▄▀▄█ ▄ █▀  ▀██
█▄▄ ▄▀█▄█  ▀▄▀ ▀▀▄▄▄█▄▀█ ▀█▀█▀▄▀▄ ▄    ▄▀█  ▄███▀▀ █ ▀█▀  █
█▀▀▄  ▄▄▄ █▀█▀ ▀▀█▄█ ▀▄█▄██ ▄▄▄ ▄▄ ▀█▄▄█▀ ▄ ██    ▄▄▄ ▀  ██
██▀▀█ █▄█  █ ███▄▄▄▀ █▄█▀▀▀ █▄█ ▄███ ▄▄█▀▀  ▄▀█▄▄ █▄█   ▄██
██ ▀▄▄ ▄▄ ▄█▀█ ▀▀ ██ ▄ ▄ ▀ ▄ ▄ ▄▀ █ ▄█  ▀▄█ ▄█▀▀▀▄▄   ▄ ▄██
█▀█▀██▀▄▄▄▀▄▀▄█ ▄▄   █▀█▄▀█▀██▀ ▀▀▀█▄▄ █▀▀▄  ████ ▀█ ▄ ██ █
█▀▄▄▄▄▀▄███▄██▀▄▄   ▀▀▄ █▄█▄▀▄▀ ▄█  ▀▀ ▀▀  █▄▄ ▄ █▄█▄▄ ▀ ▀█
█▀▄▀▄  ▄▄▀█▄ ▀ █▀█▄ ▀▀▀█▄ ▄▄▀█▀▄▄▀▄█  ▀██▀▀  ██▄█  ▀▄▄▀ █ █
█▄█  ▄▄▄ ▀▄ ▄▄▄ ▀█▀▄▀ ▄▀▄ ▄▄▀█   █▀█ ▀▄▄ ▀▄█ █▄█ ▀▄█▀▀▀ ▄▄█
█▀▀ █ ▀▄▄███▄█▄ ▀▄▄ ▄▄▀█▀▀█▀██▄▄▀█▀█▄ ▀███▀▀ ▀██▀ ▄▀▄▄█▄▀██
█▀█ █▄█▄█▄▀▄█▀█▀▀▀▀ ▄▀▀ █▄█▀ ▄ ▄▀███▄▄▀█ █▄ ▀ █▄▀▀ ▀█▄▄  ██
██▀█▄██▄▄▀ ▀▀█▀  ▄▀ ▀█▀▄  ▄▄▄▄   ██▄█ ██▀█▀▀▄██▄█▄ ▄█▄▄██ █
█ ▀ ▀▀▄▄██▀▀▀▀  ▀ ██ ▄  █▀▀▄ ▄▄▄▀▄█ ██▄ ▀█ ▀█▄▀█ ▄▄▀██   ▀█
███████▄▄▀▀█▄▄█▀▄█  ▀▄▀▀ ▀▄ ▄▄▄ ▄▀▄█▄▄▀▄▀▀ ▀▄██▄▀ ▄▄▄ █▄█▄█
█ ▄▄▄▄▄ █▄ ██▀█▀▀█ █  ▀▄▄▄█ █▄█ █▄ █▄ ██▀█▀ ▄▀█   █▄█   ▄▀█
█ █   █ █   █▄█ ▄▀▄▄▄██▀▀▄▄▄▄  ▄▄██▄ ▄ ▄██  ▄█▀▄▀  ▄  ▀▀███
█ █▄▄▄█ █ ▄ ▄▀█ ▄ ▄▄▄█ ▀▀█▄ ▄▀▀██▄█▀▀▄█▄█▀█▄▄▀▀▄▄▄ ▄▀▀ ▀███
█▄▄▄▄▄▄▄█▄▄█▄██▄█▄█▄████▄▄▄█▄██▄▄▄▄▄█▄▄████▄▄█▄▄████▄██▄▄██

QR saved: C:\Users\Adeel Mehar\OneDrive\Desktop\Abdulbot-main\Abdulbot-main\whatsapp-qr.png
📱 QR Code generated. Please scan with WhatsApp.
▄▄▄▄▄▄▄▄▄▄▄▄▄▄▄▄▄▄▄▄▄▄▄▄▄▄▄▄▄▄▄▄▄▄▄▄▄▄▄▄▄▄▄▄▄▄▄▄▄▄▄▄▄▄▄▄▄▄▄
█ ▄▄▄▄▄ █▀▀▄▄▀█████ ▄▀▄ ▄▄▀▀▀ ▄▄█▀▀▀  █▀  ▄▄▄▄▄▄ ██ ▄▄▄▄▄ █
█ █   █ █▀ ▄▀  █▄██ ▄██▄▀ ▀█▄▄█▀▄▄██▀  ▀▄█▀▀▀▄ ▄ ██ █   █ █
█ █▄▄▄█ █▀▄█ ██▀▄█ ▀▄ ▀ ▀ █ ▄▄▄ ██▀█▀ ▀▀▀▀▄ ▄ ▀▀▄██ █▄▄▄█ █
█▄▄▄▄▄▄▄█▄█ █ █▄▀▄█ ▀ ▀▄█ █ █▄█ ▀▄█ ▀▄█▄▀ █ ▀▄▀▄▀▄█▄▄▄▄▄▄▄█
█▄▄▄▄ █▄▄  ▄▄█▄███▄ ▀▄▀█ ▀▄▄▄▄▄ ▀█▀█▀ ▀▄██ ▀▄▀██   █ █▄▀ ▀█
█  ▄▀█▄▄▀▀▄▀▄▀▄ ██▀ ▀▀▀ ▀▀▄█▄▀ ███ █▀█▀▀█ ▀ ▄█▀▀ ▀█▀ ▀▀▀▀▀█
██▄█▄ █▄█▄█▄  ▄▄▄█▀  ▄▀▄█▀  █▀▀█▄▀██▀▄ █▀▀ ▀▄█▄▄▀▀▀▄▀▀▀▄▄ █
█▄▄███▀▄▄▀▄█▄▄  ▄  ██ ▄▀█▄ █▀▄█ █▀▄ █▄▄▀▄ ▀▄█▄▀▀▀▀▀▄█▀  ▄██
█ █ █▀█▄▀█▀▄ ▄▄█▄▄▄ ▄▄▄▀ ▀▀▄▀ ▀ ▄▀▀▄   ▄██▀  ▀▄█  ▀▄██▀ ▄▀█
█▄▄▀▄▄█▄█▀  █▀▀███▄  ▀▀███▄▄▀  ▀ ▄▀  ▄█  █▄ ██▄▀▄██▀▄ █▀▄▀█
█ ▄█▄▄ ▄▄█▄▄ ▀▀█▄▀ ▄▄█▀█▀▄  ▀▀▄▀ ███▀▄ ███ ▀ ▀▄█▄▀▀██▀▄▀ ▀█
█▄█  █▀▄▀▀▀██ ▄▀▄  ▄▄█▀ ▀█▀  ▄▄████▀█▀ █ ▀▀ ▀▀▄▄▄ ▀▀█▀ ▀▀██
█▀███ ▄▄▀▄▄▄ ▀██▀▄▄ █▄▀▀ ▀▀██▀  ▄ ▄    ███  █▀█▄▄▀▀████▀▄ █
█ ▄ ▄ ▄▄▄ █ ▄▀█▀█ ▄█ ▀▄██   ▄▄▄ ▄  █▄▀ ▄███▀█▄ █▄ ▄▄▄ ▀ ▄██
██▀▄  █▄█ ▀▀█  ▄▄█▄▀ █▄█  ▀ █▄█  ▀▄▄▄▄▀▄▀█ ▀▄████ █▄█ █▀  █
█ ▄▀ ▄▄▄▄   ▀█▄▄█▄ ▀▀▄███▄ ▄ ▄▄ ███  ▄▀▄ ▀██▀▀▀▄ ▄▄  ▄▀▀ ██
█▀ █ ██▄▄▀ ▄▄ █▄██▄ ▀▄▄▀▀ ▄▀▄█▀ ▄█▀█   █▀█   ▀█▄██▀ ▄▄█▀  █
█▀█  █ ▄▄█ █  ▄███   ██▀ ▄▄▀▀▄▀  ▀  █▀ █▀█▄▄   ▄█▄ ▀▀▀ ▀▀▀█
█▄▀█  ▀▄█▀▀▄ ▀▀▄▀█▀▄▀▀▀▀▄ ▄ ▀█▄ ██▄█   ███▀▀▀▀▄▄▀█▀ ▄▄▀▀█▀█
█ █▄ ▀█▄▀▀█  █▀▄▀███▀  ▄▄ █ ▀█ ▄▀▄ █▄▄█▄▄▀▀▄▄▀ ▄█▄▄▀ ▀▀ ▄▄█
██ ▀  ▀▄█ ▀▀  ▄▀▄▄▀▄▄▄▀█▄▀█▀█▄█▀▀█▀█▄▄█▄▄█  ▄▀█▄█ ▄▀▄██▀█▀█
█▄▀    ▄▀▄██▀ ▀ █▄▀  ▄▀  ▀▀▀ ▀▄ ▀▀▀█▀▀▄▄▄███▀▀ █ ▄▄█ ▀   ██
██▀▄█▀▄▄▄▀▀█▀█▄▀▄█▀ ▀█▀▄▀ █ ▀▄▄  █▄█  ▀▄▀▀▀▀ ▀██▀▄▄▀▀▄▀▄█▀█
█ ▀ ▀▀▄▄▀██ █▀█ ▄▄▄▀  █▀▀▀▄ ▀▄▄▄▄ ▄▀▄ ▄▀▄▄  █▀▄ ▀▀ █  ▀▀▄▀█
███████▄▄ ▄█▀▄ ▄▀▄▀▄ ▄ ▀▀▀  ▄▄▄ ▄▀▄█ ▄▀█▀█▀▀▄█▀▄█ ▄▄▄ █▄▀ █
█ ▄▄▄▄▄ █▄▀▄▄ ██▄▄▀▄▄  ▄▄▀▄ █▄█ █  █ ▄▀▄██▀█▀██ ▄ █▄█ ▀ ▄██
█ █   █ █ ▄ ▀ █▄▄▀▄▄▄█▀▀▀▄▄▄   ▄ ██▄█ ▀▄██  ▄███  ▄▄▄▄ ██▄█
█ █▄▄▄█ █ █▀█ ▀ ▄ ▀▄▄█▄█▀██▄▀▀▀█▄█▄▀ ▄██▀▀█▄▀ ▀█  ▀▄███▀███
█▄▄▄▄▄▄▄█▄▄▄███▄█▄▄▄█▄██▄▄▄████▄▄▄▄▄▄▄██████▄█▄▄█▄██▄▄▄█▄██

QR saved: C:\Users\Adeel Mehar\OneDrive\Desktop\Abdulbot-main\Abdulbot-main\whatsapp-qr.png
📱 QR Code generated. Please scan with WhatsApp.
▄▄▄▄▄▄▄▄▄▄▄▄▄▄▄▄▄▄▄▄▄▄▄▄▄▄▄▄▄▄▄▄▄▄▄▄▄▄▄▄▄▄▄▄▄▄▄▄▄▄▄▄▄▄▄▄▄▄▄
█ ▄▄▄▄▄ █▀▄▄▄██ ████▄█ ▄▄▄ ▀ ▀▄ ▄ ███▀▄█▄     ▄▄ ██ ▄▄▄▄▄ █
█ █   █ █▀█▀ ▀▀▄▄█▀ ▄█▄█▀ ▀█▄▄▄  █▄▄ ▀ █▄██▀ ▄ ▄ ██ █   █ █
█ █▄▄▄█ █▀ ██▀▀█▄██▄▄   ▀ █ ▄▄▄ ▄▀▀▀▀▀▄▀▀▄▄▄▄ ▀▀▄██ █▄▄▄█ █
█▄▄▄▄▄▄▄█▄▀ ▀▄█ ▀▄▀ ▀ █ █ █ █▄█ ▀▄█ ▀▄▀ ▀▄█▄▀▄█ ▀▄█▄▄▄▄▄▄▄█
█▄ ▄▄▄█▄ ▄ ▄ █▄█▀▄▄ ▄▄▄▀█▀ ▄▄   ▀█▀█▀▄██▀▀  ▄▀ █▀▀ █▄█▄▀▄▀█
█▀  ▀▀█▄▄▄█▀▄ ▄ ▄▄▀ ▀▀▀ █▀ ███▀█▀▀▄█ ▄█▄█▀▄  ██  ▀ █▄ ▀▀ ██
██▄█▀▄█▄▄▀▄ █▄▄▄█▄▀ ▀█▀▄▄▀█▀█▀▀█▄██▄   █▄█▀  ▀▀▄█▀ █▀▀█  ▀█
███ ▀██▄ ▀▀▀██▄▀ ▄█▀█▀▄▀▀█▀▄▀▄▀ █▄  ▀▀▀ ▀▀▀▀▄▄ ▄██▄█ █ ▀▄▀█
█▀█▀▄ ▀▄▀█▀▄▄▀▄▀▄▄▀▄▄▄▀▀  ▀▄▀    ▀▀█ ▄ ███▀▀ █▄▄▀▀ ▄█▀▀  ▄█
██▀▄█▀▄▄▀▄▄▄ ▄▀█ ▀ ██ ▄ ▀▀ █▀▄ ▄▀▀▀ ▄ ▄█▄▀▀▄█ ▄ █ █▄█ █▀ ██
██ ▄▀██▄▄█▄ ▄▀▀█▄▀▀▄▄█ ▀▀▄ ▀█▀▀ █▀▄█   ███  ▀▀▄█▄▀▀██▀▀▀▀▀█
█▄▄▀▄▄▄▄█▀▀▄██▄▀▄ ▀▀▄███▀█▀ ▀▀▀▄▄█▄  ▄█ █▀█▄▀▄▀▄█ ▄▄█▀  ▀██
█▄▄ ▄█▀▄▄▀▀ █▄ ▀▀▄▄▄█▄▀█ ▀▀██▀▄▀▄ ▄    ▄▀█  ▄███ ▀ ▄███▀  █
█▀▀▄  ▄▄▄  ▀ ▄▀▄▀█▄█ ▀▄█▄██ ▄▄▄ ▄▄▄▀█▄ █▀ ▄ ██  ▄ ▄▄▄ ▀  ██
██▀█▀ █▄█ ▀  █ █▄▄▄▀ █▄█▀▀▀ █▄█ ▄█▄█ ▄▀█▀▀ ▀▄▀█▄▄ █▄█  █▄██
█▄█▄▀  ▄▄ ▄█▀█ ▀▀ █  ▄▄  ▀ ▄ ▄ ▄▀ █  ▀█▄▀▄▀▄ ▀▄  ▄▄▄▄▄ ▀▄██
██▀█▀█▀▄▀▄▀▄▀▄█ ▀▄ ▄ ███  █▀▄▄▀ ▀▀▀█  █▄██  ▄▀▄███▀█▀▄ ▄▀▄█
█▄▀█▄▄▀▄ ██▄██▀▄▀▀  ▀█▄ ▄██▄▄ ▀  ▀       ▄ █▄█ ▄▀█▄██  ▀▄██
█  ▀▄  ▄▄▀█▄█▀ █▀█▄ ▀▀▀█▄ ▄▄▀█▀ ▄▀▄█▄ ▀██▀▀ ▄██▄█  ▀▄▄▀ █▀█
█▄█  ▄▄▄ ▀▄ █▄▄ ▀█▀▄▀ ▄▀▄ ▄▄▀██▄ ▄▀█▀▀▄▄▀▀▄█ ▄▄█ ▀▄█▀▀▀ ▄▄█
█▀▀ █ █▄▄█▀█▄█▀▄▀▄▄ ▄▄▀█▀▀█▀██▄▄▀█▀█▄ ▀███▀▀ ▀██▀ █▄▄▄▀ ▀██
█▀█ █▄ ▄█▄ ▀ ▄▄█▀▀▀ ▄▀▀ █▄▀▀ ▄ ▄▀█▀█▄▄█▀ █▄ ▀ █ ▀█▀▀█▄ ▀ ██
██▀▄███▄ ██▄▀█▀  ▄▀ ▀█▀▄  ▄ ▄▄   ██▄█ ▀▄▀█ ▀▄██▄▀▀▄▀█▄█▄█ █
█ ▀ ▀▀▄▄█▀▀▀▀▀  ▀ ██ ▄▄▀█▀ ▀ ▄▄▄▀▄█ ▀███▀▀  ▀ ▀▄▄▄▄▀▀ ▄  ▀█
███████▄▄▀▀█▄▄█▀▄▄▄▄▀▄▀██▀▄ ▄▄▄ ▄▀▄█▄▄ ██▀▀▀▄▀███ ▄▄▄ ██▀ █
█ ▄▄▄▄▄ █▄ ██▀█▀█▀ █▄ ▀▄▄▄█ █▄█ █▄ █ ▀██▄▀▀▀▄▀▄   █▄█   ███
█ █   █ █   ▄██ ▄▀▄▄▄██▀▀▄▄▄ ▄ ▄▄██▄▄▄ ▄▀█   █▀▄▀  ▄  ▀▀▄▄█
█ █▄▄▄█ █ █▄ ▄  ▄ ▄▄▄█ ▀▀█▄ █▀▀█▄██▀ ▄█▄▄▀█▄▄▀▀▄▄▄ ▄▀█ ▀███
█▄▄▄▄▄▄▄█▄▄▄█████▄█▄████▄▄▄█▄▄█▄▄▄▄▄█▄▄████▄▄█▄▄███████▄▄██

QR saved: C:\Users\Adeel Mehar\OneDrive\Desktop\Abdulbot-main\Abdulbot-main\whatsapp-qr.png
📱 QR Code generated. Please scan with WhatsApp.
▄▄▄▄▄▄▄▄▄▄▄▄▄▄▄▄▄▄▄▄▄▄▄▄▄▄▄▄▄▄▄▄▄▄▄▄▄▄▄▄▄▄▄▄▄▄▄▄▄▄▄▄▄▄▄▄▄▄▄
█ ▄▄▄▄▄ █▀▀▄▄▀▄▄█▀█▀▄▀▄   ▀▀▀ ▄▄█▀▀▀ ▀▄▀▀▄▄   ▄▄ ██ ▄▄▄▄▄ █
█ █   █ █▀ ▄█  █▄██ █▄█▄ ▀▀█▄▄█▀▄▄██▀▀ ▀▄▄▀▀ █ ▄ ██ █   █ █
█ █▄▄▄█ █▀ █▄ █▀▄█ ▀▄ ▀ ▀ █ ▄▄▄  ▄▀█▄▄▀▀ █▄ ▀▀▀▀▄██ █▄▄▄█ █
█▄▄▄▄▄▄▄█▄▀▄▀▄█▄▀▄█ ▀ ▀▄█ █ █▄█ ▀▄█ ▀▄█▄▀ █ ▀▄▀▄▀▄█▄▄▄▄▄▄▄█
█▄▄▄▄ █▄▄ █ ▄█▄███▄ ▀▄▀█ ▀ ▄▄▄▄ ▀█▀█▀ ▀▄██ ▀▄▀██▄▀ █▄▀▄▀ ▀█
█  ▄▀▄█▄▀█▀█▄█▄ ██▀ ▀▀▀ ▀▀ ▄ █ ███▄█▀██▀█ █▄▄████▄█ ▀█▀▀▀▀█
██▄▄  █▄▀▀ ▀  ▄▄▄█▀  ▄▀▄█▀ ▀▀▀▀█▄▀▀▄▀▄▄█▀▀▀ ▄█ █▀ ▀▄▀█▀ ▄ █
██▀███▀▄▄ ▄█▄▄  ▄  ██  ▀█▄ █ ▄▀ █▀█▄█▄  ▄▄███ ▀▄▀ ▀▄█▀ ▀▄██
█ ▀█▄▀█▄▀█▀▄ ▄▄█▀▄  ▀▄█▀▀▀▀▄▀ ▀ ▄▀▀▄  ▀██▀▀  ▀▄█  ▀▄██  ▄██
█▄▀██▄▀▄█▀  █▀▀██ ▄  █▀█▀▀▄▄▀     ▀ ▀▀█ ▄▀▄ ▄▀▄▀▄█▀█▄ █▀▄▀█
█▀██▄ █▄▄█▄▄▄▀▀█▄▀ ▄▄█▀█▀▄  ▀▀▄▀ ▀██▄▄ ██▀ ▀▄█▄█▄▀▄▄█▀▄▀ ▀█
█▄█  ▀▄▄▀▀  ▄▄ █▄  ▄▄█▀ ▀█▀  ▄▄█▄██▀▄  █ ▀▀ ▀ ▄▄▄   █▀ ▀▀██
█▀████▄▄ █ ▄ ▄▄ ▀▄▄ █▄▀▀ ▀▀██▀  ▄ ▄    ███  █▀█▄▀ ▀██▀█▀▄ █
█ ▄ ▄ ▄▄▄ ▄ ▄   █ ▄█ ▀▄██   ▄▄▄ ▄  █▄▀▄ ██▀██▄▄█▀ ▄▄▄ ▀ ▄██
██▀▄█ █▄█ █▀█ ▄ ▄█▄▀ █▄█  ▀ █▄█  ▀▄█▄▄▀█▀█▀▀▄█▀██ █▄█ ██  █
█▄ ▄█  ▄    ▀█▄▄█▄▀ ▀▄█▀█▄ ▄ ▄▄ ██▄  ▄▄█▄▀▀ ▀██ ▄▄▄▄▄▄▀  ██
█▄▄█ ██▄▀  ▄▄ █▄ ▄  ▄▄▀▀▀▀▄▀██▀ ▄█▀██ ▀▄▄▀▀▀▄▀█▄██▀ ▄▄█ ▄ █
██▄█▄█ ▄▀▄ █  ▄█▀▄   ▀█▀▀▄▄▀▄▄▀  ▀  ██ █ ▀█▄▀  ██▄ ▀▀▀ ▀ ▀█
█ ▄█  ▀▄█▀▀▄█ ▀▄▀█▀▄▀▀▀▀▄ ▄ ▀██▀▀█▄█ ▄ █▀▀▀▀█▀▄▄▀█▀ ▄▄▀▀█ █
█ █▄ ▀█▄▀▀ ▄██▀▄▀███▀  ▄▄ █ ▀█ ▄▀▄ ██▄█▄▄ ▀▄▄  ▄█▄▄▀ ▀▀ ▄▄█
██ ▀ ▄█▄█  ▄  ██▄▄▀▄▄▄▀█▄▀█▀█▄█▀▀█▀█▄▄█▄▄█  ▄▀█▄█ ▀▀▄██▀█▀█
█▄▀  ▄ ▄▀▄▀▀▀▄ ▀█▄▀  ▄▀  ▀▀▀ ▀▄ ▀▀▀█▀▀▄▄▄█▀▀▀▀▄█▄█ ▀ ▀▀▀ ██
██▀█▀█▄▄▄ ▄▄▀█▄ ▄█▀ ▀█▀▄▀ ▄█▀▄▄  ███   █▀▀ ▀ ▀██▀▄▄ █▄ ██▀█
█ ▀ ▀▀▄▄▀▄█ █▀█ ▄▄ ▄  ▀▄▀▀█ ▀▄▄▄▄ █  ▄▀█▄ ▀██▀▄▀██▄▀ ▄█ ▄▀█
███████▄█▀▄█▀▄ ▄▀▄▄ ▀█▀█▀▀  ▄▄▄ ▄▀▄█▄▄▀██▀▀▀▄▀██▀ ▄▄▄ ▄██ █
█ ▄▄▄▄▄ █▄▀▄▄ ██▄▀▀▄ █ ▄▄ ▄ █▄█ ▀  █▀▀ ▄█▀▀▄█▄▄ █ █▄█ ▀ ▀██
█ █   █ █ ▄ ▄▀█▄▄▀▄▄▄█▀▀▀▄▄▄▄  ▄▄██▄  ▀▄█▀  ▄▀██  ▄▄ ▄ █▄██
█ █▄▄▄█ █ ▀█  █▀▄ ▀▄▄█▄█▀██▄█▀▀███▄▀ ███  █▄▀ ▀█  ▀▄▀▀█▀███
█▄▄▄▄▄▄▄█▄▄█▄▄▄▄█▄▄▄█▄██▄▄▄████▄▄▄▄▄▄▄██████▄█▄▄█▄██▄▄▄█▄██

QR saved: C:\Users\Adeel Mehar\OneDrive\Desktop\Abdulbot-main\Abdulbot-main\whatsapp-qr.png
📱 QR Code generated. Please scan with WhatsApp.
▄▄▄▄▄▄▄▄▄▄▄▄▄▄▄▄▄▄▄▄▄▄▄▄▄▄▄▄▄▄▄▄▄▄▄▄▄▄▄▄▄▄▄▄▄▄▄▄▄▄▄▄▄▄▄▄▄▄▄
█ ▄▄▄▄▄ █▀▄▄▄██ ▀▀▄█▀█ ▄ ▄ ▀ ▀▄ ▄ ██▄ ▄▀▀▀▀▄▄█▄▄ ██ ▄▄▄▄▄ █
█ █   █ █▀█▀ ▀▀▄█▄▀ ▄█▄█  ▀█▄▄▄ ▀▄▄▄   █▄██▀▀█ ▄ ██ █   █ █
█ █▄▄▄█ █▀▄▀▄ ▀█▄██▄▄   ▀ █ ▄▄▄ ▄ ▀▀▄█▄▀▀▄▄▄▄ ▀▀▄██ █▄▄▄█ █
█▄▄▄▄▄▄▄█▄█ ▀ █ ▀▄▀ ▀ █ █ █ █▄█ ▀▄█ ▀▄▀ ▀▄█▄▀▄█ ▀▄█▄▄▄▄▄▄▄█
█▄ ▄▄▄█▄▄▄▀▀ █▄█▀▄▄ ▄▄▄▀█▀▄ ▄   ▀█▀█▀▄██▀▀  ▄▀ █▀▀ █ ▀▄▀▄▀█
█▀  ▀▀█▄ ▀▀█▄▀▄ ▄▄▀ ▀▀▀ █▀████▀█▀▀ █ ▄▀ █▀▄▄ █▀ █ ▀██ ▀▀ ██
██▄ ▀▄█▄   ██▄▄▄█▄▀ ▀█▀▄▄▀▄ ▀█▀█▄███  ▀▄▄██  ▀▀█▀▀ █▀██▄ ▀█
█▄ ▀ ██▄ ▀▀▀██▄▀ ▄█ █▀▀▄▀█▀▄ ██▄█▄▀ ▀█▀▄▀▀ ▀  █ ▀▀▄█ ▄█▀▄▀█
█  █▄ ▀▄▀█▀▄▄▀▄▀▄▄ ▄ ▄▀▀▀▀▀▄▀    ▀▀█▀▄ ▄█▀ ▀██▄█▀▀ ▄█▀ ▀ ▄█
██▀▄██ ▄▀▄▄▄ ▄▀█▄▀ █▄▄▄ ▄▄ █▀▄▀███▀ ▄███ █▀█▄▀▄ █ ▀▄█ █▀▄▀█
█ █▄▀▀▀▄▄█▄ ▀█▀█▄▀▀▄▄█ ▀▀▄ ▀█▀▀  ▀▄█▄  ██▀   ▀▄█▄▀▄▄█▀▀▀▀▀█
█▄▄▀▄▄ ▄██    ▀▄▄ ▀▀▄███▀█▀ ▀▀▀▄█▄▄ ▀██ █▀█▄▀▄▀▄█   ▀█  ▀██
█▄▄ ▄▄▄▄  ▄▄███ ▀▄▄▄█▄▀█ ▀▀██▀▄▀▄ ▄    ▄▀█  ▄███▄▀ ████▀  █
█▀▀▄  ▄▄▄ ▀  ██▀▀█▄█ ▀▄█▄█  ▄▄▄ ▄▄▄██▄ █▀   ██▄▄  ▄▄▄ █  ██
██▀▄█ █▄█  ▀ █▄▀▄▄▄▀ █▄█▀▀█ █▄█ ▄██▄ ▄ █▀▀▀ ▄▀▄█▄ █▄█ ▄▀▄██
█▀▄▄▄ ▄▄ ▄▄█▀█ ▀▀    ▄▄█ ▀   ▄ ▄▀ ▄ ▄▀█ ▀▄▀█ █▀ █▄▄▄ ▄█▀▄██
█▀▀▄██▀▄█ ▀▄▀▄█ ▄█▄ ▀▄▀█▄▀█▀█▄▀ ▀▀▀█  ▄▄██▀ ▄▀▄▄▀█▀█▀▄ ██ █
█▄█▀ ▄▀▄ ██▄██▀▄▀▄  █▄▄   █▄ ▀▀ ▄█  █ ▀ █▄ ██▄▀█▀█▄█ █ ▀▄▀█
█ ▀▀▄  ▄▄▀█▄█  █▀█▄ ▀▀▀█▄ ▄▄▀█▄▄▄▀▄█▄▄▀█▀█▀  ██▄█  ▀▄▄▀ ▄▀█
█▄█  ▄▄▄ ▀█   █▄▀█▀▄▀ ▄▀▄ ▄▄▀█  ▀█▀█▀ ▄▄  ▄█▀▄▄█ ▀▄█▀▀▀ ▄▄█
█▀▀ █▄▀▄▄█▄▄ ▄▄█▀▄▄ ▄▄▀█▀▀█▀██▄▄▀█▀█▄ ▀███▀▀ ▀██▀ ▀█▄▄▀ ▀██
█▀█ █▀▀▄█▄▀▀█ ██▀▀▀ ▄▀▀ █▄█▀ ▄ ▄▀█▀▀▄▄▀▀ █▄▄▀ █▄█▄▀▀█▄ ▀ ██
██▀██ ▀▄  █▄▀██▀ ▄▀ ▀█▀▄  ▄█▄▄   █▄██  ▄▀██ ▄█▄█▀ ▀▄█▄▄ █ █
█ ▀ ▀▀▄▄▄▀▀▀▀▀  ▀ ██ ▄█ █▀ █ ▄▄▄▀▄█▀▀▀▄ ▀▀ ▀▀ ▀█▀█ █▄▄▀  ▀█
███████▄█ ▀█▄▄█▀██  ▄▄▀▀▄▀▄ ▄▄▄ ▄▀▄█▄▄ ▄██▄▀ ▀▄█▀ ▄▄▄ ███ █
█ ▄▄▄▄▄ █▄ ██▀█▀ ▄ █▄▄▀▄ ██ █▄█ ▀  █ ██▄█▀ ▀█ ▄▀  █▄█    ▀█
█ █   █ █   █ █ ▄▀▄▄▄██▀▀▄▄▄▄▄ ▄ ▀█▄█▄ ▄ ▀   ▀▀▄▀  ▄▄ ▀▀█▄█
█ █▄▄▄█ █  ▀▀▀█▄▄ ▄▄▄█ ▀▀█▄ █▀▀█▄██▀▀██▄█▀█▄█▀▀▄▄▄ ▄▀█ ▀███
█▄▄▄▄▄▄▄█▄▄███▄▄█▄█▄████▄▄▄█▄██▄▄▄▄▄█▄▄████▄▄█▄▄████▄██▄▄██

QR saved: C:\Users\Adeel Mehar\OneDrive\Desktop\Abdulbot-main\Abdulbot-main\whatsapp-qr.png
📱 QR Code generated. Please scan with WhatsApp.
▄▄▄▄▄▄▄▄▄▄▄▄▄▄▄▄▄▄▄▄▄▄▄▄▄▄▄▄▄▄▄▄▄▄▄▄▄▄▄▄▄▄▄▄▄▄▄▄▄▄▄▄▄▄▄▄▄▄▄
█ ▄▄▄▄▄ █▀▀▄▄▀▄▄▄██  ▀▄▀ ▄▀▀▀ ▄▄█▀██▀█ ▀  ▄▄██▄▄ ██ ▄▄▄▄▄ █
█ █   █ █▀ ▄█  ████ ▄██▄▀ ▀█▄▄█▀ ▄██▄▀ ▀█▄▀▀▀▄ ▄ ██ █   █ █
█ █▄▄▄█ █▀ ▀▀▄█▀▄█ ▀▄ ▀ ▀ █ ▄▄▄ ▀█▀██▄▀▀▄ ▄ ██▀▀▄██ █▄▄▄█ █
█▄▄▄▄▄▄▄█▄▀ ▀ █▄▀▄█ ▀ ▀▄█ █ █▄█ ▀▄█ ▀▄█▄▀ █ ▀▄▀▄▀▄█▄▄▄▄▄▄▄█
█▄▄▄▄▄█▄  ▄ ▀ ▄███▄ ▀▄▀█ ▀ ▄▄▄▄ ▀█▀█▀ ▀▄██ ▀▄▀██▀  █▄█▄▀ ▀█
█  ▄▀▄▄▄▀ ▀  ▀▄ ██▀ ▀▀▀ ▀▀▀█▄▀ ███ █▀█▀██ █ ▄████ █▀▄▀▀▀▀▀█
██▄   █▄ █▄▀  ▄▄▄█▀  ▄▀▄█▀ ▀█▀▀█▄▀ ▄▀▄ ▄▀▀  ▄██▄▀ ▀▄ ██ ▄ █
█  ▄██▀▄█ ▄█▄▄  ▄  ▀█ ▄▀█▄ █ █▀ █▀▄▄█▄▀▄▄ █▀▀ ▀▀█ ▀▄█▀ ▀▄██
█  █▀▀█▄▀█▀▄ ▄▄█▄▄ ▄ █▄▀  ▀▄▀  ▀▄▀▀█▄  █▀▀▀▀ █▀▄  ▀▄██   ▀█
█▄▄▄▀ █▄█▀  █▀▀█▀▄▄ ▄▀▀█▄▀▄▄▀   ▄ ▀ ▄▄▄▀ ▄█   █ ▄███▄ █▀▀▀█
█▄▀█▄▀█▄▄█▄▄ ▀▀█▄▀ ▄▄█▀█▀▄  ▀▀▄▀ ▀██ ▄ █▀█ ▀ ▀▄█▄▀▀▄█▀▄▀ ▀█
█▄█    ▄▀▀▀▀ ▄█ ▄  ▄▄█▀ ▀█▀  ▄▄████▀█  █  ▀ ▀▀▄▄▄ ▀█▀█ ▀▀██
█▀█████▄▀▀ ▀ ▄▀▀▀▄▄ █▄▀▀ ▀███▀  ▄ ▄    ███  █▀█▄ ▀▀▄▀▀█▀▄ █
█ ▄ ▄ ▄▄▄   █ ▄▀█ ▄█ ▀▄██ █ ▄▄▄ ▄  ▀▄▀▄▄██▀██▄ ▀▀ ▄▄▄ ▀ ▄██
██▀▀█ █▄█ ▀▄█  █▄█▄▀ █▄█  ▀ █▄█  ▀█▄▄▄ █▀█▀ ▄█▄██ █▄█ █   █
██▀█▄▄▄▄ ▄  ▀█▄▄█▄██▀▄ ██▄   ▄▄ ██▄ ▄  ▄ ▀▀▄█▀██  ▄  ▄▀  ██
█▀▄▄▀██▄▀▀ ▄▄ █▄█▄ ▄▄▄▄▀▀▀▄▀▀▄▀ ▄█▀█▄▄ █▀▀▀  ▀█▄▀█▀ ▀▄█▀▄ █
█▄ ▄ █ ▄▄█ █  ▄█ ▄  ▀▄█▀█▀▄▀▄▀▀ ▄▀  ▄  █▀▀▄██ ▀██▄ ▀█▀ ▀▄██
██▀█  ▀▄█▀▀▄▄█▀▄▀█▀▄▀▀▀▀▄ ▄ ▀██▀▄▀▄█ ▄ ███▀▀ ▀▄▄▀█▀ ▄▄▀▀█ █
█ █▄ ▀█▄▀▀▄█▀▄▀▄▀███▀  ▄▄ █ ▀█▄ ▀█ █▄██▄█▀▀▄▄  ▄█▄▄▀ ▀▀ ▄▄█
██ ▀  █▄█ █▀   █▄▄▀▄▄▄▀█▄▀█▀█▄█▀▀█▀█▄▄█▄▄█  ▄▀█▄█   ▄████▀█
█▄▀  ▀█▄▀▄█▄ █  █▄▀  ▄▀  ▀▀▀ ▀▄ ▀▀██▀▀▄ ▄█▀▀▀▀▄█▄▄ ▀ ▀▄  ██
██▀▀▀ ▄▄    ▀█ ▄▄█▀ ▀█▀▄▀ ▄█▀▄▄  █▄█   █▀▀   ▀█▄██ ▀██ ██▀█
█ ▀ ▀▀▄▄█▀█ █▀█ ▄▄ ▄  ▀█▀▀▄▄▀▄▄▄▄ ▄▀▄▄▀█▄ ████▄▄▄▄▄▀ ▄▄▀▄▀█
███████▄▄▀▄█▀▄ ▄▄▄▄▄▀█ ▀▀▀  ▄▄▄ ▄▀▄█   █▄▀▀ ▄█▄█▀ ▄▄▄ ▄██ █
█ ▄▄▄▄▄ █▄▀▄▄ ██ ▀▀▄▄  ▄▄▄▄ █▄█ █  ██  ▄▀ ▀█▄ ▄ █ █▄█ ▀  ██
█ █   █ █ ▄ ▀ █▄▄▀▄▄▄█▀▀▀▄▄▄   ▄ ▀█▄▄ ▀▄█▀  ▄███▀ ▄▄ ▄ █▄██
█ █▄▄▄█ █   █  ▄▄ ▀▄▄█▄█▀██▄█▀▀██▄▄▀ ███▀▀█▄ ▀▀█  ▀▄███▀███
█▄▄▄▄▄▄▄█▄▄▄█▄▄▄█▄▄▄█▄██▄▄▄█▄▄█▄▄▄▄▄▄▄██████▄█▄▄█▄██▄▄▄█▄██

QR saved: C:\Users\Adeel Mehar\OneDrive\Desktop\Abdulbot-main\Abdulbot-main\whatsapp-qr.png
📱 QR Code generated. Please scan with WhatsApp.
▄▄▄▄▄▄▄▄▄▄▄▄▄▄▄▄▄▄▄▄▄▄▄▄▄▄▄▄▄▄▄▄▄▄▄▄▄▄▄▄▄▄▄▄▄▄▄▄▄▄▄▄▄▄▄▄▄▄▄
█ ▄▄▄▄▄ █▀▄▄▄██▀█▀▄▄▄▀ █ ▄ ▀ ▀▄ ▄ ████▄▀ ▄▄  ▄▄▄ ██ ▄▄▄▄▄ █
█ █   █ █▀█▀ ▀▀▄▄█▀ ██▄█  ▀█▄▄▄ ▀█▄▄▄▀ █▄██▀▀█ ▄ ██ █   █ █
█ █▄▄▄█ █▀ ▀▄ ▀█▄██▄▄   ▀ █ ▄▄▄ ▄▀▀▀▄▄▄▀▄▄▄▄  ▀▀▄██ █▄▄▄█ █
█▄▄▄▄▄▄▄█▄█▄█▄█ ▀▄▀ ▀ █ █ █ █▄█ ▀▄█ ▀▄▀ ▀▄█▄▀▄█ ▀▄█▄▄▄▄▄▄▄█
█▄ ▄▄▄▀▄  ▀▄█▀▄█▀▄▄ ▄▄▄▀█▀  ▄   ▀█▀█▀▄██▀▀  ▄▀ █▀▀▄█ █▄▀▄▀█
█▀  ▀▀█▄▄ ▀█▀█▄ ▄▄▀ ▀▀▀ █▀▀█▀█▀█▀▀▄█ ▄█ █▀▄▄ ██ ▄█ ▄█▀▀▀ ██
██▄▄▄▄█▄▀▄█ █▄▄▄█▄▀ ▀█▀▄▄▀█ █▀▀█▄█▄▄   █▄█ ▀ ▀▀█▀  █▄▀█  ▀█
█ █▀▀██▄▀▀▀▀██▄▀ ▄▀▀█▀▄▀▀█▀▄ ▄▀▄█▄ ▀▀▀▀█████▄▄▀  ▀▄█ █  ▄▀█
█▀▄▄▀ ▀▄▀█▀▄▄▀▄▀██▄ ▀█▄▀ ▀▀▄▀ ▀  ▀▀█ ▄ ▄▀█▀▀ ███▀▀ ▄█▀▀▀  █
█▀ ▀▄█ ▄▀▄▄▄ ▄▀█▄▀ █▀ ▄ ▀▀ █▀▄▀█▀▀▀ █▄██▀█ ▄▄▀█ █ ▀▄█ █▀▀██
██▀▄▀▀▄▄▄█▄ █▄▀█▄▀▀▄▄█ ▀▀▄ ▀█▀▀ ▀█▄█▄▄ ██▀  ▀█▄█▄▀ ██▀▀▀▀▀█
█▄▄▀▄█▀▄███▄▀█▄ ▄ ▀▀▄███▀█▀ ▀▀▀▄▄▄▄ ▀▄█ ▄▀█▄▀▄▀▄█ █▄██  ▀██
█▄▄ ▄▀█▄▄ ▀ █ ▄█▀▄▄▄█▄▀█ ▀███▀▄▀▄ ▄    ▄▀█  ▄███▀  ██▀█▀  █
█▀▀▄  ▄▄▄ ▀▄▀█ █▀█▄█ ▀▄█▄█▄ ▄▄▄ ▄▄▄██▄ ▀▀  ▄██▄▄▀ ▄▄▄ ▀  ██
██▀█  █▄█ ▀▀ █▀█▄▄▄▀ █▄█▀▀█ █▄█ ▄██▄ ▄▀▄▀▀ ▀▄▀▄▄█ █▄█ ██▄██
██▀▀█  ▄  ▄█▀█ ▀▀ █▄ ▄█▀ ▀   ▄ ▄▀ ▄  █▀▀▀ ▀▀ ▀ ▀█▄     ▀▄██
█ ▄█▀█▀▄▄▄▀▄▀▄█ ▄▄▄ ▀█▀█ ▀█▀▄█▀ ▀▀▀█▄ ▀███▀  ▀▄███▀█▄█▀█▀▄█
█  ▄▄▄▀▄▀██▄██▀▄█▀  ▄█▄ ▀ █▄▄ ▀ ▄█  ▀▀▀ ▄█▀█▄▀▀▄ █▄█ ▄ ▀ ▀█
█▀▄▀▄  ▄▄▀█▄█▀ █▀█▄ ▀▀▀█▄ ▄▄▀█   █▄█▄ ▀██▀▀ ▄▀█▄█  ▀▄▄▀ ▄▀█
█▄█  ▄▄▄ ▀ █▀ ▀▄▀█▀▄▀ ▄▀▄ ▄▄▀█ ▄▀█▀█  ▄▄ ▀▄█ █▄█ ▀▄█▀▀▀ ▄▄█
█▀▀ █▄▀▄▄█▀ █▄ ▄▀▄▄ ▄▄▀█▀▀█▀██▄▄▀█▀█▄ ▀███▀▀ ▀██▀ ▄ ▄▄▀▄▀██
█▀█ █▄█▄█▄ ▄▀ ██▀▀▀ ▄▀▀ █▄█▀ ▄ ▄▀█▀▀▄▄▀█ █▄ ▀ █▄██▄▀█▄▄  ██
██▀ ▀█ ▄▄██ ▀█ ▀ ▄▀ ▀█▀▄  ▄▀▄▄   ████ █▄▀█  ▄██▄▀▄█▄ ▄ ▀█ █
█ ▀ ▀▀▄▄█▀▀▀▀▀  ▀ ▀  ▄▄ █▀▀  ▄▄▄▀▄▄ ██▄▄█▀ ▄█ ▀▀█▄▀▀█▄▀  ▀█
███████▄█▀▀█▄▄█▀▄█   ▄▀█▀ ▄ ▄▄▄ ▄▀▄█  █▄█▀▀  ███▀ ▄▄▄ ▄▄▀▄█
█ ▄▄▄▄▄ █▄ ██▀█▀ ▄ ██▀▀▄ ▀█ █▄█ █▄ █▀▄▄▄ █▀ ▀▀▄▀  █▄█    ▀█
█ █   █ █   ▄▄█ ▄▀▄▄▄██▀▀▄▄▄ ▄ ▄ ██▄▀▄ ▄█▀   █▀▄   ▄ ▄▀▀█▄█
█ █▄▄▄█ █ █ ███▄▄ ▄▄▄█ ▀▀█▄ ▀█▀████▀▀▄█▄▄▀█▄█▀▀▄▄▄ ▄██ ▀███
█▄▄▄▄▄▄▄█▄▄▄█▄███▄█▄████▄▄▄█▄▄█▄▄▄▄▄█▄▄████▄▄█▄▄███████▄▄██

QR saved: C:\Users\Adeel Mehar\OneDrive\Desktop\Abdulbot-main\Abdulbot-main\whatsapp-qr.png
📱 QR Code generated. Please scan with WhatsApp.
▄▄▄▄▄▄▄▄▄▄▄▄▄▄▄▄▄▄▄▄▄▄▄▄▄▄▄▄▄▄▄▄▄▄▄▄▄▄▄▄▄▄▄▄▄▄▄▄▄▄▄▄▄▄▄▄▄▄▄
█ ▄▄▄▄▄ █▀▀▄▄▀███▀█▀▄▀█▀▄▄▀▀▀ ▄▄█▀▀█▄ ▄█ ▀▄ ▀▀▄▄ ██ ▄▄▄▄▄ █
█ █   █ █▀ ▄█  █▄██ █▄█▄  ▀█▄▄█▀ ███▀▀ ▀▀▄▀▀▀█ ▄ ██ █   █ █
█ █▄▄▄█ █▀ █▀ █▀▄█ ▀▄ ▀ ▀ █ ▄▄▄ ▄ ▀███▀▀ ▄▄  █▀▀▄██ █▄▄▄█ █
█▄▄▄▄▄▄▄█▄█ █▄█▄▀▄█ ▀ ▀▄█ █ █▄█ ▀▄█ ▀▄█▄▀ █ ▀▄▀▄▀▄█▄▄▄▄▄▄▄█
█▄▄▄▄ █▄  ▀█ ▄▄███▄ ▀▄▀█ ▀ ▄▄▄▄ ▀█▀█▀ ▀▄██ ▀▄▀██ ▀ █ ▀▄▀ ▀█
█  ▄▀▄▄▄█▀█ ▀▄▄ ██▀ ▀▀▀ ▀▀▀█▄█ ███ █▀██▀█ ▀▄▄█▀█  ▄ ▄█▀▀▀▀█
██▄█▀ █▄▀▄▄▀  ▄▄▄█▀  ▄▀▄█▀▀▀▀█▀█▄▀ ▄▀▄▀█▀▀▄▀▄█▄█▄▀▀▄█▀▀▄▄ █
█  ▀▄█▀▄▄ ▄█▄▄  ▄ ███   █▄ █ ▄█ █▀█ █▄▄█▄  ▀█ ▄█▄▀▀▄▄  ▀▄██
██ ▄▄▀█▄▀█▀▄ ▄▄█▀▄▄▄ ▄▄▀  ▀▄▀  ▀▄▀▀█  ▄███▀  █▄█  ▀▄██▀▀▄▀█
█▄█▀  ▀▄█▀  █▀▀█ ▄▄ ▄▀▀██▄▄▄▀ ▀▀▄ ▀  ▀▄ ▀ █▀█▀▄▀▄██▀▄ █▀█▀█
█▀██▄▀▄▄▄█▄▄ ▀▀█▄▀ ▄▄█▀█▀▄  ▀▀▄▀ ▀██ ▄ █▀▀ ▀ █▄█▄▀▀██▀▄▀  █
█▄█  █▀▄█▀▀▄▄▀ ▀▄  ▄▄█▀ ▀█▀  ▄▄█▄██▀▄  █ ▀▀ ▀ ▄▄▄ ▄▀█▀ ▀▀██
█▀███ ▀▄▀██▀▀█▄ ▀▄▄ █▄▀▀ ▀███▀  ▄ ▄    ███  █▀█▄▀▀▀▄ ▀█▀▄ █
█ ▄ ▄ ▄▄▄    ▀▄▀█ ▄█ ▀▄██ ▄ ▄▄▄ ▄ ▄█▄▀▄ ███▀█▄ ▀▄ ▄▄▄ ▀ ▄██
██▀▀█ █▄█ ▀ █  █▄█▄▀ █▄█  ▀ █▄█  ▀██▄▄▀█▀█  ▄█▀█▀ █▄█ ▄▄  █
██▄▄▄ ▄▄▄▄  ▀█▄▄█▄▄▄▀▄ ▄█▄ ▄ ▄▄ ██▄▀▄ ▄█ ▀▀█▀██▄  ▄▄  ▀  ██
██ ▄ ██▄▄▀ ▄▄ █▄██▄▄▀█▀▀▀▀▄▀█▄▀ ▄█▀█▄▄▀▄██▀ ▄▀▄▄█▀▀ ▄██ ▄ █
██▄▀▀█ ▄▄▀ █  ▄█▄█  ▄▀█▀██▄▀ ▀▀  ▀   ▄ █▄█▄▄█▀ █▄▄ ▀▀▀ ▀ ▀█
██▄█  ▀▄█▀▀▄ ▄▀▄▀█▀▄▀▀▀▀▄ ▄ ▀█▄▀▀█▄█▄▄ ███▀▀▄▀▄▄▀█▀ ▄▄▀▀▄▀█
█ █▄ ▀█▄▀▀█ ▄█▀▄▀███▀  ▄▄ █ ▀█▀▄▀▄ █▄▄█▄█ ▀▄█▀ ▄█▄▄▀ ▀▀ ▄▄█
██ ▀ ▀▄▄█ █ ▀█▀▀▄▄▀▄▄▄▀█▄▀█▀█▄█▀▀█▀█▄▄█▄▄█  ▄▀█▄█ ▄▀▄██▀█▀█
█▄▀  ▀█▄▀▄▀ ▄█  █▄▀  ▄▀  ▀█▀ ▀▄ ▀▀▀█▀▀▄▄▄█▀▀▀▀▄█▄▄ █ ▀█▀ ██
██▀█▀▀█▄█▄▀▄▀█ █▄█▀ ▀█▀▄▀ █ ▀▄▄  █ ▄  ▀█▀▀ ▀ ▀██▀▀█ ▄▄▄██▀█
█ ▀ ▀▀▄▄▄▄█ █▀█ ▄▄██  ▄▀▀▀▄▄▀▄▄▄▄ ▄ ▄▄██    █▀█▀▀█▄▀▀▄ ▀▄▀█
███████▄▄ ▄█▀▄ ▄▄█▄  ▄██ ▀  ▄▄▄ ▄▀▄█   ██▀ ▀▄▀ ▄▀ ▄▄▄ █▄█ █
█ ▄▄▄▄▄ █▄▀▄▄ ███ ▀▄██ ▄ ▀▄ █▄█ █  █ ▄ █▀█ ▄▄▀█ ▀ █▄█ ▀  ██
█ █   █ █ ▄ ▀ █▄▄▀▄▄▄█▀▀▀▄▄▄▄▄ ▄ ▀█▄█▄▀▄▀█   ███▀ ▄▄▄▄ ██▄█
█ █▄▄▄█ █ ▀ ▄▄██▄ ▀▄▄█▄█▀██▄▀█▀██▄▄▀▀▄██ ▀█▄▀▀▀█  ▀▄███▀███
█▄▄▄▄▄▄▄█▄█████▄█▄▄▄█▄██▄▄▄████▄▄▄▄▄▄▄██████▄█▄▄█▄████▄█▄██

QR saved: C:\Users\Adeel Mehar\OneDrive\Desktop\Abdulbot-main\Abdulbot-main\whatsapp-qr.png
📱 QR Code generated. Please scan with WhatsApp.
▄▄▄▄▄▄▄▄▄▄▄▄▄▄▄▄▄▄▄▄▄▄▄▄▄▄▄▄▄▄▄▄▄▄▄▄▄▄▄▄▄▄▄▄▄▄▄▄▄▄▄▄▄▄▄▄▄▄▄
█ ▄▄▄▄▄ █▀▄▄▄█▄▀███▄ █▀▄▄  ▀ ▀▄ ▄ ███▄ █   ▄▄█▄▄ ██ ▄▄▄▄▄ █
█ █   █ █▀█▀▄█▀▄██▀ █▄▄█  ▀█▄▄▄ ▄▄▄▄ ▀ █▄██▀ ▄ ▄ ██ █   █ █
█ █▄▄▄█ █▀▄▀█▄▀█▄██▄▄   ▀ █ ▄▄▄ █ ▀▀▄ ▄▀ ▀▄▄▄▀▀▀▄██ █▄▄▄█ █
█▄▄▄▄▄▄▄█▄▀ ▀▄█ ▀▄▀ ▀ █ █ █ █▄█ ▀▄█ ▀▄▀ ▀▄█▄▀▄█ ▀▄█▄▄▄▄▄▄▄█
█▄ ▄▄ ▀▄▄▄▄▀ █▄█▀▄▄ ▄▄▄▀█▀ ▄▄   ▀█▀█▀▄██▀▀  ▄▀ █▀▀▄█ █▄▀▄▀█
█▀  ▀ █▄█ ▄▄█ ▄ ▄▄▀ ▀▀▀ █▀▀▄█▀▀█▀▀ █ ▄█ █▀▄  █▀▄█▄▀▄██▀▀ ██
██▄▀ ▄█▄██ ██▄▄▄█▄▀ ▀█▀▄▄▀█▀ █▀█▄█▀█   ▄▄█▄  ▀██▀  █▀█▀  ▀█
█▄▄▀▄██▄▀ ▀▀██▄▀ ▄▄██▀  ▀█▀▄ ▄█▄█▄▀▄█▀█▄▀▀▄▀  ▄▀▀▀▄█▀█▄ ▄▀█
█▄ █▀ ▀▄▀█▀▄▄▀▄▀▄▄   ▄▀█  ▀▄▀    ▀▀█▄  ██▀▀▀ █▄▄▀▀ ▄█▀ ▀▄▄█
█▄ ▄▀█ ▄▀▄▄▄ ▄▀█   █▄▀▄ █▀ █▀▄ ██▀▀ ▄ ███▀▀▄ ▀█▀█ ▀▄█ █▀ ██
█ ▄▄▀██▄▄█▄ ▄█▀█▄▀▀▄▄█ ▀▀▄ ▀█▀▀ ▄▀▄█   █▀▀  ▄█▄█▄▀▀██▀▀▀ ▀█
█▄▄▀▄ █▄█▀ ▀█ ▄█▄ ▀▀▄███▀█▀ ▀▀▀▄▄█▄ ▀██ ▄▀█▄▀▄▀▄█ ▀▀▀█  ▀██
█▄▄ ▄ ▀▄▄ ▄█ ▀▀▀▀▄▄▄█▄▀█ ▀▀▀█▀▄▀▄ ▄    ▄▀█  ▄███ ▀ ▄▀██▀  █
█▀▀▄  ▄▄▄ ▄▀▀▄▄▄▀█▄█ ▀▄█▄█▄ ▄▄▄ ▄▄ ██▄▄▀▀ ▄▄██    ▄▄▄ █  ██
██▀█▄ █▄█  █ █▄▀▄▄▄▀ █▄█▀▀▀ █▄█ ▄█▄█ ▄ █▀▀▄ ▄▀▄▄▄ █▄█ ▄█▄██
█▀▀▀▀ ▄▄  ▄█▀█ ▀▀ ▀▀ ▄▀█ ▀   ▄ ▄▀ ▄▀▄█▀▄█ ▄▀ ▀ ▄    ▄▄▄ ▄██
█ █▄ █▀▄▀▄▀▄▀▄█ ▄█▄  ▄█▀▀ █▀▄█▀ ▀▀▀█▄  ▄██  ▄▀▀██▄▀███ █▀▄█
██ █▄▄▀▄███▄██▀▄██  ▄█▄ █▀█▄██▀  ▀  █▀▀ ▄▀▀██▀▀▄▀█▄█▀▀ ▀▄▀█
█▀ ▀▄  ▄▄▀█▄ ▀ █▀█▄ ▀▀▀█▄ ▄▄▀██▀ █▄█  ▀█ ▀▀ ▄██▄█  ▀▄▄▀ █ █
█▄█  ▄▄▄ ▀ ▀  ▄ ▀█▀▄▀ ▄▀▄ ▄▄▀█▄ ▀▄▀█▀▀▄▄  ▄█▀█▄█ ▀▄█▀▀▀ ▄▄█
█▀▀ █  ▄▄█▄▄█▀ ▀▀▄▄ ▄▄▀█▀▀█▀██▄▄▀█▀█▄ ▀███▀▀ ▀██▀ █▄▄▄█▄▀██
█▀█ ██▀▄█▄ ▄█▄ █▀▀▀ ▄▀▀ █▄█▀ ▄ ▄▀███▄▄▀█ █▄ ▀ ▀▄▀█ ▀█▄▀  ██
██▀▄█▄▀▄▀▄█▀▀█▄█ ▄▀ ▀█▀▄  ▄▀▄▄   █ ██ ▀█▀██▀▄███▀▀█ ▄▄▄ █ █
█ ▀ ▀▀▄▄▀ ▀▀▀▀  ▀  ▀ ▄ ▄█▀ ▄ ▄▄▄▀▄▄ ▀█▄▀▀▀ ▀█ ▄▄▀▄ ██▀ ▀ ▀█
███████▄█▀▀█▄▄█▀▄█▀▄▄▄█▀▄▀▄ ▄▄▄ ▄▀▄██ ▀██▀▀▀▄▀▄▄▀ ▄▄▄ ███▄█
█ ▄▄▄▄▄ █▄ ██▀█▀██ █ █▀▄▄ █ █▄█ █▄ █▀▄▄▄▄█▀▀ ▀▄▀▄ █▄█   ▄██
█ █   █ █   ▄ █ ▄▀▄▄▄██▀▀▄▄▄ ▄ ▄ ▀█▄█  ▄▀▀  ▀▀▀▄▀  ▄  ▀▀█▄█
█ █▄▄▄█ █ ██▀▄▄ ▄ ▄▄▄█ ▀▀█▄ █▀▀██▄█▀▀██▄█▀█▄▄ ▀▄▄▄ ▄██ ▀███
█▄▄▄▄▄▄▄█▄███████▄█▄████▄▄▄██▄█▄▄▄▄▄█▄▄████▄▄█▄▄███████▄▄██

QR saved: C:\Users\Adeel Mehar\OneDrive\Desktop\Abdulbot-main\Abdulbot-main\whatsapp-qr.png
📱 QR Code generated. Please scan with WhatsApp.
Connection closed due to Error: QR refs attempts ended, reconnecting true
Reconnecting...
Connection closed due to Error: QR refs attempts ended, reconnecting true
Reconnecting...
🔄 Connecting to WhatsApp...
🔄 Connecting to WhatsApp...
▄▄▄▄▄▄▄▄▄▄▄▄▄▄▄▄▄▄▄▄▄▄▄▄▄▄▄▄▄▄▄▄▄▄▄▄▄▄▄▄▄▄▄▄▄▄▄▄▄▄▄▄▄▄▄▄▄▄▄
█ ▄▄▄▄▄ █▄▄▀██▄▀▀▀ ▀█▀█ ▄▄ ▀ ██ ▄███▄▀▄█▄  ▄█  ▄ ██ ▄▄▄▄▄ █
█ █   █ █ ▄▄▄ █▄▄▄█ ██▄▄ ▀ ███▄██▄▄▄▀ ▄▄▄█▀▀█▄▀▄ ██ █   █ █
█ █▄▄▄█ █▄▄ █ ▄█▀▀█  ▀▀▀ █▀ ▄▄▄ ▀█ ▀ ▀  ▄▄██ █▄▀▄██ █▄▄▄█ █
█▄▄▄▄▄▄▄█▄▀▄▀ █▄█▄▀ ▀▄▀▄▀▄█ █▄█ ▀ ▀ █ █▄█ █ █▄█ █ █▄▄▄▄▄▄▄█
█ ▄▄ ▀█▄█  ██▀▀█▄▄▄█ ▄ ▄▀▀▀▄  ▄  █ ▄▀▀▀▄  ▀▀▀▀▀█▀  █▀ ▄ █ █
█   ▄ █▄  █▀ █ ▀▀▀ ██ ▄▄▄ ▄▄ ▄  █▄██  ▀ █▄▄▄▄ ▄ ▀██▄▀█ ▄  █
██▀▀█▀▄▄▀█  █▄▄ ▀██▄ ▀█▄▄██▄▀▀█▀▄▀ ▄▄▄█ ▀▀██ █ ▄██▀▀▄▀▀ ▄██
█▀███▄▄▄ ▀ ▀██▄▀▀█▀█▀▄██▄█▄▄ ▄▀▀▀▀ ▀▄▀▀▄▀ ▀▀▄█ █ ▄▀▄█ █▀█▀█
█▀██▄█▄▄▄▄█▀▀▄ ▄ ▀▀█▄▄▄▀ ▄ █▄▄ ▄█▄▄▀████ ▀ █  ▀  ███▀▀▀▄▄▄█
█▀▄▄█ ▄▄▀██▀ ▀▀▀█ ▀ ▄▄▄▀█▀  ▀  ▀▀▀█▄  ▄▄▄▀█  ▀ ▀▄▀▄▀ ▄▄█ ██
█▄ ███▄▄▀ ▀▄▄  ██ ▄███▄▄▀█▀    ▀▀▀▄█ ▀▀▄▄▄▀▀███▄▄  █   ▄ ▀█
███▀▀█ ▄   ▀██▄▄▀▄█  ▄▄   █▀▄ ▄ ▀█▀▄ ██ █▀ ▄▄ ▄ ▄▀ ▄█▀ ██▄█
█ █▄▄ ▄▄▄ ▀▀▄▄▄█ █ ▄█ ▀█▄██▀█▀▄█▄▄  ▄▄▀▀▀█▄█ ▀▀█▄▄  ██▀█ ▄█
█ ██▀ ▄▄▄ ▀▄▀▄  █ ▄▄▀▀█▄▄█  ▄▄▄ █ ▀▄▀▄▀██▀▀▀▄█ ██ ▄▄▄ ▀▀▄██
█▄▀█▄ █▄█   ▀███  █▄▄█▀▀▀██ █▄█   ▀ ████▀█▀█ ▄▀ █ █▄█ ▀▄█ █
██▄█▄▄▄▄ ▄ ▀█▀▄█  ▀ █  █ ▄▄▄ ▄   █   █▄▀▀  ▄▀▄ ▀▀ ▄▄ ▄█▄ ██
█ ▄ █ █▄▄█ ▄█ ▄▄█▄▄█ █▄ ▀▀▄▀▄█▀▀▀▀ ▄ █▀█▄  ▀▄▀▄▄▀▄▄██▄██▀ █
█▄▀▀█▀▀▄▄ █▄█▀▄▄▄ ▀ ▀ ▄▀▀▄▀▀▄▀ █▀▄█▄█▀█ ██▄▀█▀▀  █▄ ▄  ▄ ▄█
██▄▀██▀▄▀▄▄ ▄█▄███▄ ▀█▀▀ ▄█▄██▀▄ █ ▄▄▄▀ ▀██▄██ ▄█▄█▀ ▄ ▀███
█▄▀▄▄▄█▄█▀▄ ▄▀▀▀ ▄▄█  ▀▄▄▀▄  ▄▀█▀█▀▄█ ▀██ ▄█▄█ █▀ ▀▀ ▄▀▀█▄█
██▄█▀▄▄▄▄█▀ █  ▀▀  ▀ █▀█▀▄▀ ▀▀▄▀█▄▄▀█▀▄▄▀▀ █▄▄▀▀▄▀▄▄▄ ▄▄█ █
█▄  ▀  ▄▄▀█▀▄▀ █▄▄█▄▄ █ ▀ █████ ▀▀▀▀ ▀  █ ▄▄▄█▀▄▀ ▄█▀███▄██
█▀  ▄ ▀▄▀   ▄██▀██▀▀█▄ █▄ ██▄█ █▀▀▀█ █▀█▀▄▀ ▀▀▄▄█▄ ▄█▄▀▀▄ █
█ ▀ ▀▀▄▄▄███▄▀▀ █▄█ ▄▀▀▀ █ █   ▀█  ▄▀▀▀ ▀▀█ ▀▀▀▄▄▀ ▄██ █▀▄█
███████▄█  ▀▀▀▀▀█▄▄▄  ██ █  ▄▄▄  █ █   ▀▀▀ █ █▀▄█ ▄▄▄ ▀█▀▀█
█ ▄▄▄▄▄ ██ █ ▀█▀▀▀▀ ▀ █  ▄▄ █▄█ ▀██▀▀▀█▀█▄▄  ▀███ █▄█  ▀▀██
█ █   █ █▀▄██▀▄▀▀██▀ ▄▄█ ▀█  ▄  ▄▄▀▀█▀█▄▄███▄    ▄▄▄ ▄▄█ ▄█
█ █▄▄▄█ █ ▀▄█▀█▀  ▀█▄▀ ██▀█ ▀▀█▀█▀▀  █▀▀█▀ █▄▀▄▄▄ ▀  ▀███▀█
█▄▄▄▄▄▄▄█▄██▄█████▄██▄▄▄▄▄▄█▄▄███▄██▄█▄█▄▄█▄████▄███▄▄▄▄███

▄▄▄▄▄▄▄▄▄▄▄▄▄▄▄▄▄▄▄▄▄▄▄▄▄▄▄▄▄▄▄▄▄▄▄▄▄▄▄▄▄▄▄▄▄▄▄▄▄▄▄▄▄▄▄▄▄▄▄
█ ▄▄▄▄▄ █▀▄█ █▄  ▄██▄ █▄ ▄▄▄▄    ▄▄▄█    ▀   ██▄ ██ ▄▄▄▄▄ █
█ █   █ █▄█▀▄▀▀█▄▄▄█ █▄▄▄▄██ █▄ ███▀▄▄█ █▄█ ▄█▀▄ ██ █   █ █
█ █▄▄▄█ █ ▄▀▀▄████▄ ▀█  ▀▄  ▄▄▄ ▄  █  ▀▄██  █  ▀▄██ █▄▄▄█ █
█▄▄▄▄▄▄▄█ ▀ ▀ ▀ ▀ █▄▀ █▄▀▄█ █▄█ ▀▄█▄█ █ ▀▄█ █ ▀ █ █▄▄▄▄▄▄▄█
█▄▄█ ▀▀▄ █ ▄▀█ █▀█▀ ▄█  ▄█▄▄▄▄▄▄██ ▄▄▄ █ ▄██ ███▀██▄▄▄▀▄ ▀█
█▀ █▀▀█▄█▄▀▀██▀█▄▄▀▄▄▄  ▀█▄▀█▄▀  ▄████▄▀ ▄▄█  ▀ █▀  ▀▀▀█▀ █
█▀  ▄▄█▄▀▄ ▀ ▀▄█▄▀█▄ █ ▀██ █▄▄█▀  █▀▄ ▀▄▄  ▄  ▄▀█▄▀▄  █▄▀ █
█   ▀▀ ▄█  █  ▄█████ ▄ ▄▀▄█▄ ▄▄▄▄██▄▀▄▀█▄▄▀▀ █▀█▀▀▀▄▄ █▄███
█▄█ ▄▀▄▄  ▀ ▄ █▄▄▄█ █  █ ▄▄█  ▀█▀▄ ▄▄ ▄ ▄█ █▀▄ ▄▄█▄▀ █▀█▄ █
█▀▄ █▄▀▄▄▀▀█  ▀▄▄▀ ▄▄▀ ▄▄█▄█▄▀█▄▄▄ █ ▄█▀█▀███▄██ █  ▄ ▄█▄ █
█▄▀██▀ ▄█ ▀  ▄███ █  █ ▄▄ ▄ ▄▄█▄▄█ ▄█▄▄▄  █▄▄█▀▄▀██▄▄  ▀▄ █
███▄▀▀▄▄█▀▄▀▀▀▀▀█ ▀ ▀ ▀ ▀▀▄█▀██▀ ▀█  ▄▀▄ ██ █▄▄▄▄▀▀ ▀▄▀█▄ █
█▀█▀ ▀▄▄█▄▄  ██ █   ██▄ ██▀▄  ██▄▀██ ▄ █  ▀▄    █▄ █   █ ██
█▄▀▀▄ ▄▄▄ ▀█▄▀█▄▄█▀▀▄▀█▄▀▄  ▄▄▄   █ █ █▀█▀ ▀ ▄▄█▀ ▄▄▄ ▄▄ ██
█▀█▀▄ █▄█   ▀▀▄ ██▄██▀██ ▄  █▄█ ▀ ██  ▄ █▀ ▄█▄█▄▄ █▄█ ▀▄█▄█
█▀ ▄▄▄ ▄▄▄▀█▀ █▄█ █▀ █▀▀ █▄ ▄▄ ▄ ▀▄▄█  ▄▄▄▀█ █▄▄█▄▄ ▄ █▄▄ █
██▀  ██▄ ▀█ ▄▀██▄█▀▄▀▄  ▀█▀▄▄▄▄▄▀█ ▄▀ ▄▄▀ █▄ █▄█ █▄█▄▄█▄ ▄█
█▀▄ ▄██▄█▀ ▀ ▄▀ ▀█▄ ██ █▄▀█▀█▄▀▄█▄▀ ▀ █ ▀█▀██▄▄█▄ ▀▄▀▀▀█▀ █
█▀▄▀█ ▄▄█ █ █▀▄█    ▀ █▄ ▄█▄  ▀█ ▄ ▀█  █▄▄▄██▄▄▀█ ▄▄▄▀▀█▄ █
█ ▄ ▄ ▄▄▄▄▀█ ▄██ ▄█▀█ ▀▄▀▄ ▄ ▄▀ █▄ █▀ ▄▄▄▄▄ ▀ ▄█▄ ▀▀█ ▄▄ ▄█
█ ▄▄▀█▄▄▀▀▄█ ██▄█▄▀ ▀▀█▀▀▄ ▄█▄▀▄▄  █  █▀ █ █▀ ▄▄██ ██▄▄▀ ▄█
█▀ ██▄▄▄█▄▀ ▀█▄▄█▀█▄ █ █▄ █ █ ▄▄█ ▄ ▄ █▄████▄▀█▀█ ▄ █ ▄█▄▄█
█ █  ▀█▄  ▄█    ▄▄▄▄▄█ █▀█ ▄██▄▄ ▀███▄██▄ ▀▄▄█▀█▄█▄▄██▄█▀▀█
█ ▀ ▀▀▄▄▄ ▀█████▀ █  █ ▄█▀▀█▄▄▄ ▀ █▀▄▄▄▀▄▀ ██▄▄▄█▀█▄   ▄▀ █
███████▄▄ ██  █▄▄  ▄▀█▄ ▀█  ▄▄▄   █ ▄ ▀█▀ ▄▄▄ ▄ █ ▄▄▄ ██▀▀█
█ ▄▄▄▄▄ █▄▀▀█ ▄█▄▀▄█▄██ ▄█  █▄█   ▀██▄ █▄▀    ▀▀▀ █▄█ ▀▄█▀█
█ █   █ █▀▀ ▀▄▄▄█▀▄ ▀  ▀▀ ▀ ▄   █ ██▄▄█▀ ▀▄▄█ ██ ▄  ▄ ▄▀  █
█ █▄▄▄█ █▀  ▄▄█▀██▀█▄▄▀ █▀███▄█▀█▄█▄▄ █▄▀  ▀█ ▀█▄  ▄▄▄▄▄█▄█
█▄▄▄▄▄▄▄█▄███▄██▄▄█▄▄▄▄▄▄▄▄█▄█▄▄▄▄███▄▄█▄▄█▄▄██▄▄█▄█▄█▄█▄██

QR saved: C:\Users\Adeel Mehar\OneDrive\Desktop\Abdulbot-main\Abdulbot-main\whatsapp-qr.png
📱 QR Code generated. Please scan with WhatsApp.
QR saved: C:\Users\Adeel Mehar\OneDrive\Desktop\Abdulbot-main\Abdulbot-main\whatsapp-qr.png
📱 QR Code generated. Please scan with WhatsApp.
Connection closed due to Error: Stream Errored (restart required), reconnecting true
Reconnecting...
🔄 Connecting to WhatsApp...
 
🌿Connected to => {
  "id": "923195845103:18@s.whatsapp.net",
  "name": "ABDUL",
  "lid": "86041650311258:18@lid"
}
Closing session: SessionEntry {
  _chains: {
    BUDGKDVilAN5JPcZIprXZ4MqTER96G5t4xXNYtf9fRl3: { chainKey: [Object], chainType: 2, messageKeys: {} },
    'BSPwS8yRgr3scQMIKYXiS4so0Jj9rtuRBCfvw+V0LldM': { chainKey: [Object], chainType: 1, messageKeys: {} }
  },
  registrationId: 487531349,
  currentRatchet: {
    ephemeralKeyPair: {
      pubKey: <Buffer 05 23 f0 4b cc 91 82 bd ec 71 03 08 29 85 e2 4b 8b 28 d0 98 fd ae db 91 04 27 ef c3 e5 74 2e 57 4c>,
      privKey: <Buffer 40 59 2d c7 66 3e 09 24 2d d5 e4 78 b8 9f 54 30 26 b8 ba 27 cb f3 62 3e 8c 80 69 7c 94 87 85 7d>
    },
    lastRemoteEphemeralKey: <Buffer 05 40 c6 28 35 62 94 03 79 24 f7 19 22 9a d7 67 83 2a 4c 44 7d e8 6e 6d e3 15 cd 62 d7 fd 7d 19 77>,
    previousCounter: 0,
    rootKey: <Buffer 0e d5 6f b7 3e 07 63 2e 93 9c 4c c9 55 6b 53 4d 4b 59 eb 92 ec 74 01 76 26 2d 42 ca 62 57 c7 02>
  },
  indexInfo: {
    baseKey: <Buffer 05 ef 57 78 f7 f9 5e 18 b7 50 06 d7 f4 66 67 7a c4 85 97 6c dc 63 91 77 bd c8 a7 33 68 9c dd 61 69>,
    baseKeyType: 2,
    closed: -1,
    used: 1776835204903,
    created: 1776835204903,
    remoteIdentityKey: <Buffer 05 e8 41 33 19 1e 98 08 0b 04 7f 4a 05 53 1b 22 1b 56 2c c3 06 91 b9 52 3e d5 e0 87 75 ce 4d 53 27>
  }
}


                  [ Abdul BOT ]


< ================================================== >

• YT CHANNEL: null
• GITHUB: null
• WA NUMBER: 910000000000,917023951514
• CREDIT: Abdul
• 🤖 Bot Connected Successfully! ✅
Bot Version: 3.0.7
📝 Command used in group: .mode
[TERM_FILES_DEBUG] incomingTermRequestCheck {
  text: 'Cs432 handouts',
  termType: null,
  subjectCodes: [ 'CS432' ],
  wantsFiles: false,
  wantsHandouts: true
}
Drive Error: Permission denied: Consumer 'api_key:AIzaSyDhJCdx5SWH2nNikcg4mRMmdCiqyUy7m70' has been suspended.
▄▄▄▄▄▄▄▄▄▄▄▄▄▄▄▄▄▄▄▄▄▄▄▄▄▄▄▄▄▄▄▄▄▄▄▄▄▄▄▄▄▄▄▄▄▄▄▄▄▄▄▄▄▄▄▄▄▄▄
█ ▄▄▄▄▄ █▄▄▀██▄ ▀█▀▀ █▄▀   ▀ ██ ▄██▀█▄ ▀▀▄▄ ▄█ ▄ ██ ▄▄▄▄▄ █
█ █   █ █ ▄▄ ▄█▄█▄█ █▄▄▄▀  ███▄█ ▄▄▄▀ ▄▄█▄▀▀▀█▀▄ ██ █   █ █
█ █▄▄▄█ █▄   ▀▄█▀▀█  ▀▀▀ █▀ ▄▄▄ ▄█ ▀▄▄   ▄███ ▄▀▄██ █▄▄▄█ █
█▄▄▄▄▄▄▄█▄▀ ▀ █▄█▄▀ ▀▄▀▄▀▄█ █▄█ ▀ ▀ █ █▄█ █ █▄█ █ █▄▄▄▄▄▄▄█
█ ▄▄ ▀█▄█ █ ▄ ▀█▄▄▄█ ▄ ▄▀▀▀   ▄  █ ▄▀▀▀▄  ▀▀▀▀▀█   ██▄▄ █ █
█   ▄▀█▄█▄▄ ▄▀ ▀▀▀ ██ ▄▄▄ ▀▄▄   █▄█▀  █▄█▄ ▄▄ ▄   ▄▄▀█ ▄  █
██▀██▀▄▄▀ ███▄▄ ▀██▄ ▀█▄▄█▄▄█▀█▀▄▀▀▄▄▄▀ ▀▀▄█ █ █ █▀▀▄█▀▄▄██
█▄▄▀▄▄▄▄   ▀██▄▀▀█▀ ▀▄ ▄▄█▄▄ █▀▀▀▀▀▄ ▀▀▄▀▄▀▀▄█▀▄  ▀▄▄ ▄▀█▀█
█▀▄███▄▄▄▄█▀▀▄ ▄▀▀████▀█▀▄ █▄▄▀██▄▄ ▀█▄█ █▀█  █▀ ███▀▀ ▄▄ █
█▀▄▀█▄▄▄▀██▀ ▀▀▀█▄▀ ▀▄▄▀ ▄  ▀ ▀ █▀█▄▄ ▄▄███ █▄▀ ▄▀▄▀ ▄▄█▀▀█
█▄ ███▀▄▀ ▀▄█▀ ██ ▄███▄▄▀█▀    ▀▀█▄█ █▀▄▄▄▀▀█▀█▄▄  █   ▄▀▀█
███▀▀▄▄▄▄▄ █ ▄█▀▀▄█  ▄▄   █▀▄ ▄ ▀▄▀▄▀██ █  ▄█ ▄ ▄▀▀██▀ ██▄█
█ █▄▄▀ ▄▀ █▀█▄▀█ █ ▄█ ▀█▄█▀▀█▀▄█▄▄  ▄▄▀▀▀█▄█ ▀▀████ █▀▀█ ▄█
█ ██▀ ▄▄▄  █▄▄▀▄█ ▄▄▀▀█▄▄██ ▄▄▄ █ ▀▄▀▄█▀█▀▀█▄█ █▄ ▄▄▄ ▀▀▄██
█▄▀██ █▄█   ▀█▀   █▄▄█▀▀▀██ █▄█     ██▄▄▀█▀▄ ▄ ▀  █▄█ █ █ █
█ ▀█▀ ▄▄ ▄ ▀█▀▄█  █▀█ ▄▄ ▄▄  ▄   █ ▀▄▀█▀█ ▀█▀  ██  ▄▄▄▄█ ██
███ ▀ █▄▀█ ▄█ ▄▄▄█▄▀ █ ▄ ▀▄▀██▀▀▀▀ ▄▄▀ ▄▄▄ ▀███▄█▄▄██▄█▄▀▄█
█▀█▀█▀▀▄█▀█▄█▀▄▄▀▀▀  █▄▀▀▄▀▀█▄ █▀▄█▄█▀▄ ▄ ▄ █  ▀▀█▄  ▀ ▄▄ █
█▄ ▀██▀▄▀▄▄ ▀█▄███▄ ▀█▀▀ ▄█▄██▄█▄█ ▄  ▀ ▀▀█▄ █ ▄█▄█▀ ▄ ▀▄▄█
█▄▀▄▄▄█▄█▀█▀▀██▄ ▄▄█  ▀▄▄▀▄  ▄ █▀█▀▄█▀▀██▀▄██▄ █▀ ▀▀ ▄▀▀█▄█
██▄█▀▀▀▄▄█▀▀▄  █▀  ▀ █▀█▀▄▀ ▀▀▄▀█▄▄▀█▀▄▄▀▀ █▄▄▀▀▄▀▄█▄  ▄█ █
█▄  ▀█▄▄▄▀▄ ▀█▄ ▄▄█▄▄ █ ▀ ▀████ ▀▀██ ▀▄▄█ ▄ ▄██▄█▀▄█▀█ ▄▄██
█▀ ▀▄▀█▄▀ ▄ ▄█  ██▀▀█▄ █▄ ▄█▄█ █▀▀ ▄ █ █▀▄▀▀▀▀▄▄█ █▀██ ▄▄ █
█ ▀ ▀▀▄▄█▄██▄▀▀ █▄█ ▄▀▄  █     ▀█ ▀▄▀▀▀▄█▀ ▄██▀ ▀▀     ▄▀▄█
███████▄█  ▀▀▀▀▀▀█ ▄ ▀▀▀██  ▄▄▄  █ █▀▄▄▀██▄█▄▀█▄▀ ▄▄▄ ▀▄███
█ ▄▄▄▄▄ ██ █ ▀█▀▄▀▀ ▄▄█ ▄ ▄ █▄█ ███▀███ ▀█▄▀▄▀▄█  █▄█  ▀▄██
█ █   █ █▀▄█▄█▄▀▀██▀ ▄▄█ ▀█  ▄  ▄ ▀▀▀██▄▄▀██▀   ▀▄▄▄▄▄▄█ ▄█
█ █▄▄▄█ █ █▀   ▄  ▀█▄▀ ██▀█ ▀▀█▀█ ▀  █▀▀█  █▄ ▄▄▄ ▀ ▀████▀█
█▄▄▄▄▄▄▄█▄█▄██████▄██▄▄▄▄▄▄█▄▄███▄██▄█▄█▄▄█▄████▄█████▄▄███

QR saved: C:\Users\Adeel Mehar\OneDrive\Desktop\Abdulbot-main\Abdulbot-main\whatsapp-qr.png
📱 QR Code generated. Please scan with WhatsApp.
[TERM_FILES_DEBUG] incomingTermRequestCheck {
  text: 'Cs203 handouts',
  termType: null,
  subjectCodes: [ 'CS203' ],
  wantsFiles: false,
  wantsHandouts: true
}
Drive Error: Permission denied: Consumer 'api_key:AIzaSyDhJCdx5SWH2nNikcg4mRMmdCiqyUy7m70' has been suspended.
[TERM_FILES_DEBUG] incomingTermRequestCheck {
  text: 'Mgt201 mids files',
  termType: null,
  subjectCodes: [ 'MGT201' ],
  wantsFiles: true,
  wantsHandouts: false
}
▄▄▄▄▄▄▄▄▄▄▄▄▄▄▄▄▄▄▄▄▄▄▄▄▄▄▄▄▄▄▄▄▄▄▄▄▄▄▄▄▄▄▄▄▄▄▄▄▄▄▄▄▄▄▄▄▄▄▄
█ ▄▄▄▄▄ █▀▀▄████▄▄ ▀█  █   ▄█ █ ▄ █▄ ▄▄▄▄ █  ▄█▄ ██ ▄▄▄▄▄ █
█ █   █ █▄▄▄▀▀ ▄█▄ █ █▄▄▄▄████▀ █▄▄▄▄█▀▄▀█▄▄▄▄▀▄ ██ █   █ █
█ █▄▄▄█ █  ▄█▀█▀██▄▀▀███▀▄  ▄▄▄ █ ▄██ ▀▄██▄▄▀▄ ▀▄██ █▄▄▄█ █
█▄▄▄▄▄▄▄█ █▄█ █ ▀ ▀ ▀ █ ▀▄█ █▄█ ▀▄█▄█ █ ▀▄█ █ ▀▄█ █▄▄▄▄▄▄▄█
█▄ █ ▀▀▄▄██  ▄▄█▄▄▀ █▄ ▄▄▄     ▄██ ▄▄▄▄▄  ▄▄▄▀▀████▄▄ ▀▄ ▀█
█▀▀▄ ▄█▄▀▄▀ █▄▀███▀▄▄▄  █▀█  ▄▀▀▄ ▀█▀▀▄▄▀ ▀██▄▄▄▀▀█▀▄▄▀█▀▄█
██▀  ▄▄▄█▀▀▄█▄▄█▄ █▄ ▄ ▀▄██   █▀▄▄█▀▄▄ █▄▄██  █▀█▄▀▄  ▀▄▄ █
█▀▄▀█▄▀▄▄  ▀  ▀▀▀██▄▄▄█▄▀ ▀▄▀█ ▄▄▀▀▀▀ █▄█ ▀▀█▀█▄▀ ▄▄▄ ▄█ ▀█
█ ▀▄▄▀█▄█ ▀█ █▀ ▄▄▄ █  █ █▀▀   █▄ ▀█▄ ▄▀██ ▄  █▄▀▄▄▀██▀▄▀▄█
██▀▀ ▀▄▄▀  ▄ ▀▀▄▄ ▀ █▀▀▄▄  █▄█▀▀█▄ ▀███▀██▄ ▀ ██▄▀▄▄█▀▄█  █
█ ▀██▀▀▄▄ ▀▄ ▀███ ▀  █▄▄▄ ▄   █▄ ▀▄█▀▄▄▄  ▄▄▄██▄▀██▄  █▀▄ █
█▄▄███▀▄▀ █ ▀█▀▄█ ▄▀▀  ▄▀▀▄█ ▄█▀  █ ▀█▄▄▀▄▀███ ▄█ █▀▀▀▀▄▄ █
█ █▀▀█ ▄▀█▄ ▀▀ ██  ▄██▄ ▄█▀  ▄▄█▄▀██▄▄▀▄▄ ▄█ ▄▄ █▄ ▄▄ ▀█ ▀█
██ █▀ ▄▄▄  ▀ ▀  █ ▀▀▄▀█▄▀ █ ▄▄▄   ▀▄▄▀▄██▀  ▀█▄▀▄ ▄▄▄ ▄▄▀██
██ ▀▄ █▄█ █  ▄▀█▄▄▄██▀██ ▄▄ █▄█ ▀▄█▄▄▄▄ █▀▀▄▀ ▄▄▄ █▄█  ▄▄▄█
██  █ ▄▄▄▄█▄█▀▄ ██ ███▄█ ▄█▄▄     ▄█▄▀ ▄ █▀ ▀▀▄▄█  ▄ ▄▄█  █
█ ▄ █  ▄▀  ▄ █▀▄▄▄▀▄▄█▄▄▄▄▀▀ █▄▄▄▀ ▄▀▄█▄ ▄▄▄▀█▄█▄█▀█▄█    █
█   ██ ▄ ▀▀ ▄ █  ▀ ▀ ▄ █ █ ██▀▀▄ ▄▀ ▀▀▄▄▀▀█  ▄█▄ ▄█▄▀█▀█▀ █
█▄ ▄  ▀▄▀▀▀█  ▄   ▄ ▀ ▄▄ ▄█▀   ▀ ▄█▀█ ▀█  █▄▄ █▀█▄█▄█▀ ▀█▀█
█▀▄▄▄▄ ▄ ▀▀ ▄▀   ▄▀ █ ▀▄▀▄▀  ▄▀▄▄█▀▄▀▄▄█▄ ▀  █ █▄█▄▀ ▄▄▄ ▄█
█▄█▀█ ▄▄█▀▀▄ ▀ ██▄▀ ▀▀█▀ █ ▄███ ▄  █▄ █ ██▀▄█ ███ █▄ ▄▀█▄▄█
█▄ █▄▀ ▄▄▄█▄ ▀▀█▀▀█▄▄█ █▀ █   █ ▀▄   ▀ █ █  ▄  ▀█▀  ▄ ▄▄▄ █
█▄██  ▀▄█▀ ▀▀  ▀██▄▄ ▄ █▀█▀▀▄██ ▄▀ ▄█ ▄▄▀▄▄▄▄▀▄█  ▀▀█▄█▄▀ █
█ ▀ ▀▀▄▄▄█▀▀█  ▄▀ ▀▄███▄▀▄ █▄▄▀ ▄▄▄  ▄█ █▀▀▄▄█   ▄▀▄▀  █  █
███████▄▄ █▄▀▀▀▄█▀█ ▄█  ▄█  ▄▄▄   █ ▄▄▀▄▀▄██▄▄█ ▀ ▄▄▄ ▀█▀▄█
█ ▄▄▄▄▄ █▄ ██▄ ▀ ▄▄█▀▀█ ▀ ▀ █▄█ ▄▀█▀█ ▀▀▄▀ █ ██▄▀ █▄█ █▄ ▀█
█ █   █ █▀ ▀▄▄███▀▄ ▀  ▀▀ ▄▄    ▀ ███ ▄  ▀▄▄▀▄▄▄▀▄▄ ▄▄█▄▀▀█
█ █▄▄▄█ █▀▀ ▄█▀▀██▀█▄▄█ █▀██ ▄█▀█▄▄█▀█▀▄ ▄ ██▄▀▀▄ ▀█▄▄███▄█
█▄▄▄▄▄▄▄█▄██▄██████▄▄▄▄▄█████▄▄▄▄▄███▄██▄▄▄█▄████▄▄██▄██▄██

QR saved: C:\Users\Adeel Mehar\OneDrive\Desktop\Abdulbot-main\Abdulbot-main\whatsapp-qr.png
📱 QR Code generated. Please scan with WhatsApp.
[TERM_FILES_DEBUG] incomingTermRequestCheck {
  text: 'Mgr201 midterm files',
  termType: 'mid',
  subjectCodes: [ 'MGR201' ],
  wantsFiles: true,
  wantsHandouts: false
}
Drive Error: Permission denied: Consumer 'api_key:AIzaSyDhJCdx5SWH2nNikcg4mRMmdCiqyUy7m70' has been suspended.
▄▄▄▄▄▄▄▄▄▄▄▄▄▄▄▄▄▄▄▄▄▄▄▄▄▄▄▄▄▄▄▄▄▄▄▄▄▄▄▄▄▄▄▄▄▄▄▄▄▄▄▄▄▄▄▄▄▄▄
█ ▄▄▄▄▄ █▄▄▀███▀▀█ ▀█▀█  ▄ ▀ ██ ▄█ ▀ ▄ ██▀ ▄▄▄ ▄ ██ ▄▄▄▄▄ █
█ █   █ █ ▄▄▄▄█▄▄▄█ ▄▄▄▄ ▀ ███▄█ ▄▄▄█ ▄▄██▀▀▀█▀▄ ██ █   █ █
█ █▄▄▄█ █▄ ▄▀▀▄█▀▀█  ▀▀▀ █▀ ▄▄▄ ▄▄ ▀ ▀   ▄██ ▄▄▀▄██ █▄▄▄█ █
█▄▄▄▄▄▄▄█▄▀ █ █▄█▄▀ ▀▄▀▄▀▄█ █▄█ ▀ ▀ █ █▄█ █ █▄█ █ █▄▄▄▄▄▄▄█
█ ▄▄ ▀▀▄▀ ▀▀▄▄▀█▄▄▄█ ▄ ▄▀▀▀▄  ▄  █ ▄▀▀▀▄  ▀▀▀▀▀█▀▀ ██▄▄ █ █
█   ▄ ▄▄ █▄▀▀▄ ▀▀▀ ██ ▄▄▄ ▄▄ ▄  █▄▀█  █ █▄▄▄▄  ▄█ █▄█▀ ▄  █
██▀▀▄▀▄▄▀██▄█▄▄ ▀██▄ ▀█▄▄█▄▄▀▀█▀▄▀▀▄▄▄ ▀▀▀▄▄ █ ███▀▀▀▀█▄▄██
█▀▀█▀▄▄▄ ▀ ▀██▄▀▀██▀▀▄▀▄▄█▄▄▀███▀▀██▄█▄▀█ █ ▄▀████▀▄▄   █▀█
█▀▄███▄▄▄▄█▀▀▄ ▄▀▀ ▀█▄ ▀█▄ █▄▄▄██▄█▀▀▀█▄█▀ ▄█ ▀  ███▀▀▀▄ ▄█
█▀▀█  ▄▄▀██▀ ▀▀▀ █▀ ▀█▄▀█▀  ▀ ▀▀▀▀█▄▀ ▄▄█▀▄  █ ▀▄▀ █ ▄▄█▄██
█▀███▀ ▄▀ ▀▄ ▄ ██ ▄███▄▄▀█▀    ▀▀█▄█▄█▀▄▄▄▀▀ ██▄▄  █   ▄▀▀█
███▀▀ █▄ ▄▄▀▄ ▀ ▀▄█  ▄▄   █▀▄ ▄ ▀▄▀▄ ██ █  ▄█ ▄ ▄▀▀ █▀ ██▄█
█ █▄▄ ▀▄█▄▀███▀  █ ▄█ ▀█▄██▀█▀▄█▄▄  ▄▄▀▀▀█▄█ ▀▀█▀█ ▀██▀█ ▄█
█ ██▀ ▄▄▄ ▄█ ▄▄ █ ▄▄▀▀█▄▄█  ▄▄▄ █ █ ▀▄▀▀█▀█▀▄█▄██ ▄▄▄ ▀▀▄██
█▄▀▀▄ █▄█  ▀▀█▀█  █▄▄█▀▀▀██ █▄█   █▀████▀█ ▄ ▄  █ █▄█ ▄▄█ █
█▀▄▀ ▄▄▄▄▄ ▀█▀▄█  █ █  █ ▄▄▄ ▄   █▀  ▀▄▄▀ ▀ █▄ █     ▄▄█ ██
████▄ █▄▄  ▄█ ▄▄ █ █ ██ ▀ ▄▀█▄▀▀▀▀ ▄ ▀▀█▀ ▀▀▀██▄█▀▄███▄▄▀▄█
█  █ ▀▀▄▄██▄█▀▄▄▄▄▀  ▄▄▀█▄▀▀▄█ ██▄█▄▄██▀▀▀█▀   ▀ █▄ ▀  ▄▄▄█
██ ▀██▀▄▀▄▄ █▄▄███▄ ▀█▀▀ ▄█▄███▀ █ ▄ ▄▀ ███▄ ▀ ▄█▄█▀ ▄ ▀███
█▄▀▄▄▄█▄█▀ ▄ ▀▄▀ ▄▄█  ▀▄▄▀▄  ▄▄▀ ▄▀▄▄▀▀██ ▄██▄ █▀ ▀▀ ▄▀▀█▄█
██▄█▀▄ ▄▄█ ▄▄▀▀▄▀  ▀ █▀█▀▄▀ ▀▀▄▀█▄▄▀█▀▄▄▀▀ █▄▄▀▀▄▀ ▄▄   █ █
█▄  ▀  ▄▄▀█ ▄█▄█▄▄█▄▄ █ ▀ █████ ▀▀██ ▀  █ ▄▄▄██ ██▄▀▀██▄▄██
█▀ ▀██▄▄ ▀▀▀▄██▀██▀▀█▄ █▄ █▄▄█ █▀▀▀▄ █▄▄▀▄ ▀▀▀██▀▄▄▀█▄▄█▄ █
█ ▀ ▀▀▄▄ ███▄▀▀ █▄ █▄▀█  █ ▀   ▀█  ▄█▀ ▀▀█▀▄▀█▄ ▄ █ ▀▀ ▄▀▄█
███████▄█▀ ▀▀▀▀▀ █   ▀██▄▄  ▄▄▄  █ █ ▄█  ███▄▀▀██ ▄▄▄  ▄▀██
█ ▄▄▄▄▄ ██ █ ▀█▀▄ ▀ ▀▄█   ▄ █▄█ ███▀▀██ ▄ █ █ █▄▄ █▄█  ▀███
█ █   █ █▀▄██▄▄▀▀██▀ ▄▄█ ▀█ ▄   ▄ ▀▀▄▀█▄▄▀██    ▀▄▄▄▄▄▄█ ▄█
█ █▄▄▄█ █ ▄▄█▄▀   ▀█▄▀ ██▀█ ▀██▀█▀▀  ▄▀▀▄  █▄▀▄▄▄ ▀ █▀███▀█
█▄▄▄▄▄▄▄█▄█▄█▄████▄██▄▄▄▄▄▄██▄███▄██▄█▄█▄▄█▄████▄███▄▄▄▄███

QR saved: C:\Users\Adeel Mehar\OneDrive\Desktop\Abdulbot-main\Abdulbot-main\whatsapp-qr.png
📱 QR Code generated. Please scan with WhatsApp.
[TERM_FILES_DEBUG] incomingTermRequestCheck {
  text: 'Mgt201  finalterm files',
  termType: 'final',
  subjectCodes: [ 'MGT201' ],
  wantsFiles: true,
  wantsHandouts: false
}
[TERM_FILES_DEBUG] incomingTermRequestCheck {
  text: 'اوپر ویڈیو دیکھ کر جلدی سے اکاؤنٹ بنا لیں... سب Deposit کر لیں.. \n' +
    ' *پھر  `12:00 بجے`*  سیشن سٹارٹ کرتے ہیں...\n' +
    'انشاءاللہ بہت پرافٹ ہوگا ✌️ 😎\n' +
    '\n' +
    '*Note:* _New Members Must Deposit Krein... Bonus Mily Ga_\n' +
    '\n' +
    'BackUp Channel ko follow Krlein... Agr ye ban ho to is channel me Signals hongy  :   https://whatsapp.com/channel/0029VbAcR5bHrDZaLKxFbS2k',
  termType: null,
  subjectCodes: [],
  wantsFiles: false,
  wantsHandouts: false
}
Drive Error: Permission denied: Consumer 'api_key:AIzaSyDhJCdx5SWH2nNikcg4mRMmdCiqyUy7m70' has been suspended.
▄▄▄▄▄▄▄▄▄▄▄▄▄▄▄▄▄▄▄▄▄▄▄▄▄▄▄▄▄▄▄▄▄▄▄▄▄▄▄▄▄▄▄▄▄▄▄▄▄▄▄▄▄▄▄▄▄▄▄
█ ▄▄▄▄▄ █▄▄▀███ ██▀ ▄█▄ ▄▄ ▀ ██ ▄█ ▀  ▄█▄ ▄▄▄  ▄ ██ ▄▄▄▄▄ █
█ █   █ █ ▄▄  █▄█▄█ █▄▄▄ ▀ ███▄█▀▄▄▄▄ ▄▄▄▄▀▀ ▄▀▄ ██ █   █ █
█ █▄▄▄█ █▄ ▄▄ ▄█▀▀█  ▀▀▀ █▀ ▄▄▄ ▄▄ ▀██  ▄████▄▄▀▄██ █▄▄▄█ █
█▄▄▄▄▄▄▄█▄▀▄▀▄█▄█▄▀ ▀▄▀▄▀▄█ █▄█ ▀ ▀ █ █▄█ █ █▄█ █ █▄▄▄▄▄▄▄█
█ ▄▄ █▀▄█ ▀█▀ ▀█▄▄▄█ ▄ ▄▀▀▀▄  ▄  █ ▄▀▀▀▄  ▀▀▀▀▀█▀▀ █▀ ▄ █ █
█   ▄ ▄▄ ▀▀▄   ▀▀▀ ██ ▄▄▄ ▀▄    █▄▀▀  ▀▄█▄  ▄   ▄ █▄ █ ▄  █
██▀ █▀▄▄▀▄▀▄█▄▄ ▀██▄ ▀█▄▄█▄▄▀▀█▀▄▀▀█▄▄ ▀▀▀▄▄ █ ███▀▀▀██ ▄██
█  ▄▀▄▄▄▀  ▀██▄▀▀█ ▄▀▄▀▀▄█▄▄▀█▀▀▀▀▄█ ▀▄▀▀ ▀ ▄█▀▀█▀▀▄█▀ ▀█▀█
████▄█▄▄▄▄█▀▀▄ ▄▄ ████ ██▄ █▄▄ ▄█▄█▀█▀█▄▄▀▀▄▄▄ ▀ ███▀▀▀█ ▄█
███▄█▄ ▄▀██▀ ▀▀▀▀█▀ ▀█▄▀▀   ▀  ▀▀▀█▄ ▄█▄▀▀█▀██ ▀▄▀▄█ ▄▄█▄▀█
█ ▄████▄▀ ▀▄▀█ ██ ▄███▄▄▀█▀    ▀██▄█ ▀▀▄▄▄▀▀▀██▄▄  █   ▄  █
███▀▀▀█▄▄ ▄██ ▀▀▀▄█  ▄▄   █▀▄ ▄ ▀▄▀▄▀██ ▄  ▄█▀▄ ▄▀▀█▀▀ ██▄█
█ █▄▄▀ ▄ ▄▄▀█▄ ▀ █ ▄█ ▀█▄████▀▄█▄▄  ▄▄▀▀▀█▄█ ▀▀███  ▀▀▀█ ▄█
█ ██▀ ▄▄▄ ▀▄▀█▄ █ ▄▄▀▀█▄▄█▄ ▄▄▄ █ ▀ ▀▄▀██▀▀█▄█ ██ ▄▄▄ ▀▀▄██
█▄▀█▀ █▄█ █ ▀█▄█  █▄▄█▀▀▀██ █▄█    ▀██▄▄▀█▀█ ▄▀ ▀ █▄█ ▀██ █
█▀▄▀▀▄▄▄▄  ▀█▀▄█   ▀█  █ ▄█▄ ▄   █ ▀ █▀█▀ ▄▀█ ▄   ▄▄▄▄█▄ ██
█▄▄ ▀ █▄   ▄█ ▄▄ █ █ █▄   ▄▀▀█▀▀▀▀ ▄ ▀▀▄▄▄ ▀▀▀▄▄█▄▄█████▀▄█
█▄▄█ ▀▀▄▀ █▄█▀▄▄██▀ █▄▄▀▀▄▀▀   ██ █▄▄▀█ █▄▄▀█▄  ▀█▄    ▄  █
█▀▄▀██▀▄▀▄▄ █▀▄███▄ ▀█▀▀ ▄█▄██▀█ █ ▄▄ ▀ ▀▀█▄▄█ ▄█▄█▀ ▄ ▀███
█▄▀▄▄▄█▄█▀    ▀  ▄▄█  ▀▄▄▀▄  ▄▄█▀█▀▄▄▀▀█▄ ▄██▄ █▀ ▀▀ ▄▀▀█▄█
██▄█▀▄▀▄▄█▄ ▀▀▀ ▀  ▀ █▀█▀▄▀ ▀▀▄▀█▄▄▀█▀▄▄▀▀ █▄▄▀▀▄▀ ▄▄ ▄▄█ █
█▄  ▀▀█▄▄▀█▄█ ▄▄▄▄█▄▄ █ ▀ █████ ▀▀▀█ ▀ ▄█ ▄▄▄██ █ ▄█▀█▄█▄██
█▀ ▀▄█▄▄ ▀ ▀▄██▄██▀▀█▄ █▄ ▄▀▄█ █▀▀█▄ █▀█▀▄  ▀▀▄▄██▀ █▄▄ ▄ █
█ ▀ ▀▀▄▄▄███▄▀▀ █▄█▀▄▀█  █▀█   ▀█  ▄▀██▀▀█▄▄▀██ ▄▀█ █▀██▀▄█
███████▄▄  ▀▀▀▀▀▀▄  ▄  ▀▄▄  ▄▄▄  █ █ ▄█  ▀▄▄▄█ █▀ ▄▄▄  ████
█ ▄▄▄▄▄ ██ █ ▀█▀ ▄▀  ██ ▀▀▄ █▄█ ███▀███ █▄▄ ▄▀▄▄  █▄█  ▀▀▀█
█ █   █ █▀▄█▄█▄▀▀██▀ ▄▄█ ▀█ ▄▄   ▄▀▀▀██▄ ▀██▄   ▀▄▄▄ ▄▄█ ██
█ █▄▄▄█ █ ▄ █▄▀▄  ▀█▄▀ ██▀█ ▀██▀█▀▀ ▀▄▀▀█▀ █▄ ▄▄▄ ▀  ████▀█
█▄▄▄▄▄▄▄█▄█▄▄▄████▄██▄▄▄▄▄▄█▄████▄██▄█▄█▄▄█▄████▄███▄▄▄▄███

QR saved: C:\Users\Adeel Mehar\OneDrive\Desktop\Abdulbot-main\Abdulbot-main\whatsapp-qr.png
📱 QR Code generated. Please scan with WhatsApp.
📝 Command used in private: .ping
📝 Command used in private: .antisticker
📝 Command used in private: .menu
▄▄▄▄▄▄▄▄▄▄▄▄▄▄▄▄▄▄▄▄▄▄▄▄▄▄▄▄▄▄▄▄▄▄▄▄▄▄▄▄▄▄▄▄▄▄▄▄▄▄▄▄▄▄▄▄▄▄▄
█ ▄▄▄▄▄ █▄▄▀███ ▀▀  ▄▀█  ▄ ▀ ██ ▄███ ▀ █▄▄  ▄█ ▄ ██ ▄▄▄▄▄ █
█ █   █ █ ▄▄▄ █▄▄▄█ █▄▄▄▀  ███▄█▀▄▄▄▀ ▄▄██▀▀▀▄▀▄ ██ █   █ █
█ █▄▄▄█ █▄  ▀▀▄█▀▀█  ▀▀▀ █▀ ▄▄▄  ▀ ▀█   ▀▀██▄▄▄▀▄██ █▄▄▄█ █
█▄▄▄▄▄▄▄█▄▀ █ █▄█▄▀ ▀▄▀▄▀▄█ █▄█ ▀ ▀ █ █▄█ █ █▄█ █ █▄▄▄▄▄▄▄█
█ ▄▄ ▀▀▄█▄▀▀▄▀▀█▄▄▄█ ▄ ▄▀▀▀▄  ▄  █ ▄▀▀▀▄  ▀▀▀▀▀█   ██▄▄ █ █
█   ▄▀▄▄ ▄ ▄ █ ▀▀▀ ██ ▄▄▄ ▀█    █▄█▀  █ █▄▄▄▄ ▄▄▀█▄▄▀  ▄  █
██▀▀▄▀▄▄▀█▄▀█▄▄ ▀██▄ ▀█▄▄█▄▄█▀█▀▄▀ ▄▄▄▀ ▀▀▄█ █ █▄█▀▀▀▀█ ▄██
██  ▀▄▄▄▀▀ ▀██▄▀▀█▀▀▀▄█▄▄█▄▄ ▄▀▀▀▀▀▄▄▀ █▀  █ ███▀ ▀▄▄   █▀█
█ ▄▀██▄▄▄▄█▀▀▄ ▄ ▀███▄▄█ █ █▄▄▀██▄▄▀█▀▄█▄█▀▄▄▄▄▀ ███▀▀ █  █
█▄▀▀   ▄▀██▀ ▀▀▀▄▀▀ █ ▄▀█▄  ▀ ▀ █▀█▄▀▀█▄ ██▀█▄▀ ▄▀ ▀ ▄▄██▀█
█▄ ██▀▀▄▀ ▀▄▄▄ ██ ▄███▄▄▀█▀    ▀▀▀▄█ ▀▀▄▄ ▀▀█▀█▄▄  ▄   ▄ ▀█
███▀▀▀ ▄▄ ▄█ █▀ ▀▄█  ▄▄   █▀▄ ▄  ▄▀▄▀▄█ █▀ ▄█▀▄ ▄▀▀██▀ ██▄█
█ █▄▄▄█▄▀▄   ▀ ▄ █ ▄█ ▀█▄██▀█▀▄█▄▄  ▄▄▀▀▀█▄█ ▀▀██▄  ▀▀▀█ ▄█
█ ██▀ ▄▄▄ █▄  ▀██ ▄▄▀▀█▄▄██ ▄▄▄ █ █ ▀▄███▀▀▀▄█▄▀█ ▄▄▄ ▀▀▄██
█▄▀ ▄ █▄█ ▀ ▀█ ▄  █▄▄█▀▀▀██ █▄█   ▀ ██▄▄▀███ ▄█   █▄█  ▀█ █
█ ▄█   ▄   ▀█▀▄█    █ ▀  ▄█▄ ▄   █  ▄▀▀▄█ ▄▀█  ▄▀ ▄   █▄ ██
█▀▀   █▄▄▀ ▄█ ▄▄▄▄▄█▀█▄ ▄ ▄▀▄▄▀▀▀▀ ▄ █ ▄ ▄  █▀█▄██▄██▄█▄▀▄█
█  ▄▀▀▀▄█▀█▄█▀▄▄▄▀▀ █▄▄▀▄▀▀▀▀▀ ██ █▄▄██▀█▄█    ▀ █▄ ▀▀ ▄  █
██▄▀██▀▄▀▄▄ █ ▄███▄ ▀█▀▀ ▄█▄██▄█▄▀ ▄ ▄▀ █▀█▄ █ ▄█▄█▀ ▄ ▀▄██
█▄▀▄▄▄█▄█▀▄█▀▄▀█ ▄▄█  ▀▄▄▀▄  ▄▄▀ ▄▀▄█▀▀█▄▀▄█▄█ █▀ ▀▀ ▄▀▀█▄█
██▄█▀  ▄▄█▄ █▀  ▀  ▀ █▀█▀▄▀ ▀▀▄▀█▄▄▀█▀▄▄▀▀ █▄▄▀▀▄▀██▄   █ █
█▄  ▀▄ ▄▄▀  ▄▀█▄▄▄█▄▄ █ ▀ █████ ▀▀██ ▀ ▄█ ▄▄▄█▀ █  █▀█▀▄▄██
█▀ █ █ ▄▄▄▀▀▄█▀▀██▀▀█▄ █▄ ▄█▄█ █▀▀▄█ █▄▄▀▄▄▀▀▀▄█▀█▀███  ▄ █
█ ▀ ▀▀▄▄ ▄██▄▀▀ █▄▄▄▄▀▀█ █     ▀█ ▀▄█▀▄████ ▀█ ▀▄▀  ██ █▀▄█
███████▄▄  ▀▀▀▀▀█▄█   ██ █  ▄▄▄  █ █▄ ▀▀██▀█▄▀▀█▀ ▄▄▄ ▀▄▀██
█ ▄▄▄▄▄ ██ █ ▀█▀ ▄▀   █ █ ▄ █▄█ █▀█▀  ▄ ▀▀▄ █▄█▄▀ █▄█  ▀ ▀█
█ █   █ █▀▄█ █▄▀▀██▀ ▄▄█ ▀█ ▄     ▀▀▀██▄▄▀██     ▄▄▄  ▄█▀▄█
█ █▄▄▄█ █ ▀▀▄ █   ▀█▄▀ ██▀█ █▀█▀█ ▀  ▄▀▀▄  █▄▀▄▄▄ ▀ █████▀█
█▄▄▄▄▄▄▄█▄██▄██▄██▄██▄▄▄▄▄▄█▄▄███▄██▄█▄█▄▄█▄████▄████▄▄▄███

QR saved: C:\Users\Adeel Mehar\OneDrive\Desktop\Abdulbot-main\Abdulbot-main\whatsapp-qr.png
📱 QR Code generated. Please scan with WhatsApp.
Connection closed due to Error: QR refs attempts ended, reconnecting true
Reconnecting...
🔄 Connecting to WhatsApp...
Connection closed due to Error: Stream Errored (conflict), reconnecting true
Reconnecting...
 
🌿Connected to => {
  "id": "923195845103:18@s.whatsapp.net",
  "name": "ABDUL",
  "lid": "86041650311258:18@lid"
}
Closing session: SessionEntry {
  _chains: {
    'Bd+/ddlLmX8qAGMORUjAu1SzK0oH8o8SskCKmVUtqwcW': { chainKey: [Object], chainType: 2, messageKeys: {} },
    'BbJufE/Bz0po0necjhtAzNZJxUFwGOuQXDCZyepVrZw6': { chainKey: [Object], chainType: 2, messageKeys: {} },
    'Beb1SPZoN4LqRGJpmX+0eJ6XJ0yfyCA+mEwTGNBcOaAt': { chainKey: [Object], chainType: 2, messageKeys: {} },
    'BRC36pI6jgVUBHlH4/kcJhBgxkXpPwKWMKHWKCQH9z8H': { chainKey: [Object], chainType: 1, messageKeys: {} }
  },
  registrationId: 487531349,
  currentRatchet: {
    ephemeralKeyPair: {
      pubKey: <Buffer 05 10 b7 ea 92 3a 8e 05 54 04 79 47 e3 f9 1c 26 10 60 c6 45 e9 3f 02 96 30 a1 d6 28 24 07 f7 3f 07>,
      privKey: <Buffer 90 68 8c 32 c5 6f 44 e9 e9 a2 b0 11 15 2c 00 39 5a f4 e3 6b b6 85 ac 79 f3 8d 94 38 1a 34 f4 4f>
    },
    lastRemoteEphemeralKey: <Buffer 05 e6 f5 48 f6 68 37 82 ea 44 62 69 99 7f b4 78 9e 97 27 4c 9f c8 20 3e 98 4c 13 18 d0 5c 39 a0 2d>,
    previousCounter: 3,
    rootKey: <Buffer 01 53 0e 8d 67 60 2d 92 07 a1 f3 22 28 dc cf 2c f7 55 92 ed f3 6f 47 77 98 75 5b 78 70 1b 35 95>
  },
  indexInfo: {
    baseKey: <Buffer 05 09 cf 0a 5d fe 97 22 06 e6 10 c2 fd 6b d8 c4 78 d5 7d 37 ac 29 18 0d 3f 1f 81 19 f4 84 2e 6d 29>,
    baseKeyType: 1,
    closed: -1,
    used: 1776835324895,
    created: 1776835205372,
    remoteIdentityKey: <Buffer 05 e8 41 33 19 1e 98 08 0b 04 7f 4a 05 53 1b 22 1b 56 2c c3 06 91 b9 52 3e d5 e0 87 75 ce 4d 53 27>
  }
}


                  [ Abdul BOT ]


< ================================================== >

• YT CHANNEL: null
• GITHUB: null
• WA NUMBER: 910000000000,917023951514
• CREDIT: Abdul
• 🤖 Bot Connected Successfully! ✅
Bot Version: 3.0.7
🔄 Connecting to WhatsApp...
Connection closed due to Error: Stream Errored (conflict), reconnecting true
Reconnecting...
 
🌿Connected to => {
  "id": "923195845103:18@s.whatsapp.net",
  "name": "ABDUL",
  "lid": "86041650311258:18@lid"
}
Closing session: SessionEntry {
  _chains: {
    BdKd4fM9JanEjMQSm8aWvUUtbHCIbzaiqsE0rNfI0gNf: { chainKey: [Object], chainType: 1, messageKeys: {} }
  },
  registrationId: 487531349,
  currentRatchet: {
    ephemeralKeyPair: {
      pubKey: <Buffer 05 d2 9d e1 f3 3d 25 a9 c4 8c c4 12 9b c6 96 bd 45 2d 6c 70 88 6f 36 a2 aa c1 34 ac d7 c8 d2 03 5f>,
      privKey: <Buffer 68 9f 55 cf bd ed 56 14 81 e3 62 b0 62 bc 3f 52 07 4e 44 f7 51 2f c3 87 4b 51 49 5b 99 80 42 65>
    },
    lastRemoteEphemeralKey: <Buffer 05 0f 77 ff dc 47 2d 1b 2f d6 68 a9 21 2c 34 87 89 ef 60 fe 64 6d a7 5c 01 8d f7 b6 ed 54 88 fe 13>,
    previousCounter: 0,
    rootKey: <Buffer 4e 86 a1 4b f3 0b 44 de 27 3e 0d ae 33 42 4b c0 a7 55 fe 55 94 bf 96 25 3c bf 9c 4c c9 d2 33 8c>
  },
  indexInfo: {
    baseKey: <Buffer 05 d9 aa 26 d5 e2 ee 9d 18 81 75 3d f6 bd 86 21 e4 8a 0c dd e8 4a bf ad f0 6a f5 8f 7d eb 97 54 5f>,
    baseKeyType: 1,
    closed: -1,
    used: 1776835355860,
    created: 1776835355860,
    remoteIdentityKey: <Buffer 05 e8 41 33 19 1e 98 08 0b 04 7f 4a 05 53 1b 22 1b 56 2c c3 06 91 b9 52 3e d5 e0 87 75 ce 4d 53 27>
  },
  pendingPreKey: {
    signedKeyId: 948913,
    baseKey: <Buffer 05 d9 aa 26 d5 e2 ee 9d 18 81 75 3d f6 bd 86 21 e4 8a 0c dd e8 4a bf ad f0 6a f5 8f 7d eb 97 54 5f>,
    preKeyId: 3520846
  }
}


                  [ Abdul BOT ]


< ================================================== >

• YT CHANNEL: null
• GITHUB: null
• WA NUMBER: 910000000000,917023951514
• CREDIT: Abdul
• 🤖 Bot Connected Successfully! ✅
Bot Version: 3.0.7
🔄 Connecting to WhatsApp...
Connection closed due to Error: Stream Errored (conflict), reconnecting true
Reconnecting...
 
🌿Connected to => {
  "id": "923195845103:18@s.whatsapp.net",
  "name": "ABDUL",
  "lid": "86041650311258:18@lid"
}
Connection closed due to Error: Stream Errored (conflict), reconnecting true
Reconnecting...
🔄 Connecting to WhatsApp...
🔄 Connecting to WhatsApp...
Connection closed due to Error: Stream Errored (conflict), reconnecting true
Reconnecting...
 
🌿Connected to => {
  "id": "923195845103:18@s.whatsapp.net",
  "name": "ABDUL",
  "lid": "86041650311258:18@lid"
}
Closing session: SessionEntry {
  _chains: {
    'BWKHdRbFLQNAZZfUFPUOM0SBSKXdZciwTRKpM7yUPTF/': { chainKey: [Object], chainType: 1, messageKeys: {} }
  },
  registrationId: 487531349,
  currentRatchet: {
    ephemeralKeyPair: {
      pubKey: <Buffer 05 62 87 75 16 c5 2d 03 40 65 97 d4 14 f5 0e 33 44 81 48 a5 dd 65 c8 b0 4d 12 a9 33 bc 94 3d 31 7f>,
      privKey: <Buffer 78 20 3c 23 af af 73 8f 87 2a 0c 5b fa 09 6e e9 56 ac 24 26 c5 cd 12 f7 fa ec 71 bc 80 85 4e 6a>
    },
    lastRemoteEphemeralKey: <Buffer 05 0f 77 ff dc 47 2d 1b 2f d6 68 a9 21 2c 34 87 89 ef 60 fe 64 6d a7 5c 01 8d f7 b6 ed 54 88 fe 13>,
    previousCounter: 0,
    rootKey: <Buffer 6a 32 50 b7 7d 3b f4 86 aa 08 a0 4c c0 f7 85 49 a2 6c 28 82 2a d9 dd 65 9a 19 3e 09 1b 45 ee 7c>
  },
  indexInfo: {
    baseKey: <Buffer 05 6e 09 3d 30 8a 87 ca 8c 7e 1f 0a fa de 87 9e cf e6 7d f3 5f 0f 85 f1 8f a2 a5 82 4a dd b3 25 70>,
    baseKeyType: 1,
    closed: -1,
    used: 1776835369791,
    created: 1776835369791,
    remoteIdentityKey: <Buffer 05 e8 41 33 19 1e 98 08 0b 04 7f 4a 05 53 1b 22 1b 56 2c c3 06 91 b9 52 3e d5 e0 87 75 ce 4d 53 27>
  },
  pendingPreKey: {
    signedKeyId: 948913,
    baseKey: <Buffer 05 6e 09 3d 30 8a 87 ca 8c 7e 1f 0a fa de 87 9e cf e6 7d f3 5f 0f 85 f1 8f a2 a5 82 4a dd b3 25 70>,
    preKeyId: 3521211
  }
}


                  [ Abdul BOT ]


< ================================================== >

• YT CHANNEL: null
• GITHUB: null
• WA NUMBER: 910000000000,917023951514
• CREDIT: Abdul
• 🤖 Bot Connected Successfully! ✅
Bot Version: 3.0.7
🔄 Connecting to WhatsApp...
Connection closed due to Error: Stream Errored (conflict), reconnecting true
Reconnecting...
 
🌿Connected to => {
  "id": "923195845103:18@s.whatsapp.net",
  "name": "ABDUL",
  "lid": "86041650311258:18@lid"
}
Closing session: SessionEntry {
  _chains: {
    'BZy2qn0Z4zEzrwrJhwEM1K/4fyvH9W06+e1fNLRlFq0h': { chainKey: [Object], chainType: 1, messageKeys: {} }
  },
  registrationId: 487531349,
  currentRatchet: {
    ephemeralKeyPair: {
      pubKey: <Buffer 05 9c b6 aa 7d 19 e3 31 33 af 0a c9 87 01 0c d4 af f8 7f 2b c7 f5 6d 3a f9 ed 5f 34 b4 65 16 ad 21>,
      privKey: <Buffer a0 b1 3c e4 8d 27 7a a8 19 cb 90 9b 9f 13 92 9e 61 4c 15 ad 30 e6 c4 1b 3d 82 43 7c 6f a8 89 69>
    },
    lastRemoteEphemeralKey: <Buffer 05 0f 77 ff dc 47 2d 1b 2f d6 68 a9 21 2c 34 87 89 ef 60 fe 64 6d a7 5c 01 8d f7 b6 ed 54 88 fe 13>,
    previousCounter: 0,
    rootKey: <Buffer d8 78 b6 1c 18 6c c9 17 19 74 08 5b b9 62 6e 5f a3 ef fd 44 d3 61 05 91 6c e1 79 27 5d 83 27 5a>
  },
  indexInfo: {
    baseKey: <Buffer 05 8a 19 d8 5f 67 12 f6 57 d5 f8 38 cc c0 59 93 af 7b 68 5f 4f 8c 97 17 52 ce 80 14 5e 80 4b c3 05>,
    baseKeyType: 1,
    closed: -1,
    used: 1776835376099,
    created: 1776835376099,
    remoteIdentityKey: <Buffer 05 e8 41 33 19 1e 98 08 0b 04 7f 4a 05 53 1b 22 1b 56 2c c3 06 91 b9 52 3e d5 e0 87 75 ce 4d 53 27>
  },
  pendingPreKey: {
    signedKeyId: 948913,
    baseKey: <Buffer 05 8a 19 d8 5f 67 12 f6 57 d5 f8 38 cc c0 59 93 af 7b 68 5f 4f 8c 97 17 52 ce 80 14 5e 80 4b c3 05>,
    preKeyId: 3521198
  }
}


                  [ Abdul BOT ]


< ================================================== >

• YT CHANNEL: null
• GITHUB: null
• WA NUMBER: 910000000000,917023951514
• CREDIT: Abdul
• 🤖 Bot Connected Successfully! ✅
Bot Version: 3.0.7
🔄 Connecting to WhatsApp...
Connection closed due to Error: Stream Errored (conflict), reconnecting true
Reconnecting...
Connection closed due to Error: Stream Errored (conflict), reconnecting true
Reconnecting...
🔄 Connecting to WhatsApp...
🔄 Connecting to WhatsApp...
Connection closed due to Error: Stream Errored (conflict), reconnecting true
Reconnecting...
 
🌿Connected to => {
  "id": "923195845103:18@s.whatsapp.net",
  "name": "ABDUL",
  "lid": "86041650311258:18@lid"
}
Closing session: SessionEntry {
  _chains: {
    'BcHaLkJUUApkSLGMVVsNMGQwHNvG2QJ/4mijq8LqTWFi': { chainKey: [Object], chainType: 1, messageKeys: {} }
  },
  registrationId: 487531349,
  currentRatchet: {
    ephemeralKeyPair: {
      pubKey: <Buffer 05 c1 da 2e 42 54 50 0a 64 48 b1 8c 55 5b 0d 30 64 30 1c db c6 d9 02 7f e2 68 a3 ab c2 ea 4d 61 62>,
      privKey: <Buffer 98 b3 84 7c 92 5c 75 da 7e c0 9f 7e 0d 5c 39 03 48 69 c0 d7 75 49 95 eb 35 79 82 12 89 a6 85 6b>
    },
    lastRemoteEphemeralKey: <Buffer 05 0f 77 ff dc 47 2d 1b 2f d6 68 a9 21 2c 34 87 89 ef 60 fe 64 6d a7 5c 01 8d f7 b6 ed 54 88 fe 13>,
    previousCounter: 0,
    rootKey: <Buffer e3 4a da b8 37 b6 4e ad 9d ad 4f 7d b2 4e 89 91 a2 d6 e5 de ab e5 ca 6a b8 ba dc 53 23 df 3d 45>
  },
  indexInfo: {
    baseKey: <Buffer 05 49 6a ae e7 9b b8 b3 ae 4d bd 62 74 78 30 46 74 8b 10 4b 7c 5c 72 7d 95 60 05 49 47 ed 76 28 22>,
    baseKeyType: 1,
    closed: -1,
    used: 1776835388637,
    created: 1776835388637,
    remoteIdentityKey: <Buffer 05 e8 41 33 19 1e 98 08 0b 04 7f 4a 05 53 1b 22 1b 56 2c c3 06 91 b9 52 3e d5 e0 87 75 ce 4d 53 27>
  },
  pendingPreKey: {
    signedKeyId: 948913,
    baseKey: <Buffer 05 49 6a ae e7 9b b8 b3 ae 4d bd 62 74 78 30 46 74 8b 10 4b 7c 5c 72 7d 95 60 05 49 47 ed 76 28 22>,
    preKeyId: 3521187
  }
}


                  [ Abdul BOT ]


< ================================================== >

• YT CHANNEL: null
• GITHUB: null
• WA NUMBER: 910000000000,917023951514
• CREDIT: Abdul
• 🤖 Bot Connected Successfully! ✅
Bot Version: 3.0.7
🔄 Connecting to WhatsApp...
Connection closed due to Error: Stream Errored (conflict), reconnecting true
Reconnecting...
 
🌿Connected to => {
  "id": "923195845103:18@s.whatsapp.net",
  "name": "ABDUL",
  "lid": "86041650311258:18@lid"
}
Closing session: SessionEntry {
  _chains: {
    'BVMtGs/UJB2aMhBsRA9g4QV3HwicdUV+Hu4hRloLmdML': { chainKey: [Object], chainType: 1, messageKeys: {} }
  },
  registrationId: 487531349,
  currentRatchet: {
    ephemeralKeyPair: {
      pubKey: <Buffer 05 53 2d 1a cf d4 24 1d 9a 32 10 6c 44 0f 60 e1 05 77 1f 08 9c 75 45 7e 1e ee 21 46 5a 0b 99 d3 0b>,
      privKey: <Buffer 88 fe f2 e9 46 12 0c 8a a2 cf 1c 94 a7 2d ab fa 77 a4 ff 1e 8c 5d d4 ee bb 1a e6 bb 08 da 91 4b>
    },
    lastRemoteEphemeralKey: <Buffer 05 0f 77 ff dc 47 2d 1b 2f d6 68 a9 21 2c 34 87 89 ef 60 fe 64 6d a7 5c 01 8d f7 b6 ed 54 88 fe 13>,
    previousCounter: 0,
    rootKey: <Buffer fd df 1e 0e ae 05 f6 94 68 c3 49 84 96 61 5e e3 f5 36 0d bd a2 89 f3 0e b9 34 62 08 fe 18 fe 0e>
  },
  indexInfo: {
    baseKey: <Buffer 05 ad 77 1b ce 1f 6c 8c a4 21 4b db 6c 47 a7 82 09 02 47 e7 e0 ed ee ac 18 a3 62 f2 fd 3c 6b 37 00>,
    baseKeyType: 1,
    closed: -1,
    used: 1776835394635,
    created: 1776835394635,
    remoteIdentityKey: <Buffer 05 e8 41 33 19 1e 98 08 0b 04 7f 4a 05 53 1b 22 1b 56 2c c3 06 91 b9 52 3e d5 e0 87 75 ce 4d 53 27>
  },
  pendingPreKey: {
    signedKeyId: 948913,
    baseKey: <Buffer 05 ad 77 1b ce 1f 6c 8c a4 21 4b db 6c 47 a7 82 09 02 47 e7 e0 ed ee ac 18 a3 62 f2 fd 3c 6b 37 00>,
    preKeyId: 3520618
  }
}


                  [ Abdul BOT ]


< ================================================== >

• YT CHANNEL: null
• GITHUB: null
• WA NUMBER: 910000000000,917023951514
• CREDIT: Abdul
• 🤖 Bot Connected Successfully! ✅
Bot Version: 3.0.7
🔄 Connecting to WhatsApp...
Connection closed due to Error: Stream Errored (conflict), reconnecting true
Reconnecting...
Connection closed due to Error: Stream Errored (conflict), reconnecting true
Reconnecting...
🔄 Connecting to WhatsApp...
🔄 Connecting to WhatsApp...
Connection closed due to Error: Stream Errored (conflict), reconnecting true
Reconnecting...
 
🌿Connected to => {
  "id": "923195845103:18@s.whatsapp.net",
  "name": "ABDUL",
  "lid": "86041650311258:18@lid"
}
Closing session: SessionEntry {
  _chains: {
    'BVaqXV2MI71z+WOAC9K+5clVWpdxDi+wmBhr3aUXCPA/': { chainKey: [Object], chainType: 1, messageKeys: {} }
  },
  registrationId: 487531349,
  currentRatchet: {
    ephemeralKeyPair: {
      pubKey: <Buffer 05 56 aa 5d 5d 8c 23 bd 73 f9 63 80 0b d2 be e5 c9 55 5a 97 71 0e 2f b0 98 18 6b dd a5 17 08 f0 3f>,
      privKey: <Buffer a0 ad 10 75 2c 7d ff f2 36 e0 8d f3 04 8a b3 19 75 2b fc 62 b2 be 0e 48 5b 47 50 5b a1 80 28 78>
    },
    lastRemoteEphemeralKey: <Buffer 05 0f 77 ff dc 47 2d 1b 2f d6 68 a9 21 2c 34 87 89 ef 60 fe 64 6d a7 5c 01 8d f7 b6 ed 54 88 fe 13>,
    previousCounter: 0,
    rootKey: <Buffer f6 3a 03 81 9a d5 7f 37 7b 83 e3 f2 f6 bc e4 69 b5 2f bd 2b aa 4a ab 87 65 c3 e4 6d 0b e4 92 bf>
  },
  indexInfo: {
    baseKey: <Buffer 05 4a ec 1d b2 95 73 41 a6 70 56 a3 a7 d4 dc 5a 3b c7 f5 d0 8e a4 f7 d3 0d d5 34 8e b9 fa 09 c2 5b>,
    baseKeyType: 1,
    closed: -1,
    used: 1776835407621,
    created: 1776835407621,
    remoteIdentityKey: <Buffer 05 e8 41 33 19 1e 98 08 0b 04 7f 4a 05 53 1b 22 1b 56 2c c3 06 91 b9 52 3e d5 e0 87 75 ce 4d 53 27>
  },
  pendingPreKey: {
    signedKeyId: 948913,
    baseKey: <Buffer 05 4a ec 1d b2 95 73 41 a6 70 56 a3 a7 d4 dc 5a 3b c7 f5 d0 8e a4 f7 d3 0d d5 34 8e b9 fa 09 c2 5b>,
    preKeyId: 3521204
  }
}


                  [ Abdul BOT ]


< ================================================== >

• YT CHANNEL: null
• GITHUB: null
• WA NUMBER: 910000000000,917023951514
• CREDIT: Abdul
• 🤖 Bot Connected Successfully! ✅
Bot Version: 3.0.7
🔄 Connecting to WhatsApp...
Connection closed due to Error: Stream Errored (conflict), reconnecting true
Reconnecting...
 
🌿Connected to => {
  "id": "923195845103:18@s.whatsapp.net",
  "name": "ABDUL",
  "lid": "86041650311258:18@lid"
}
Closing session: SessionEntry {
  _chains: {
    'BUegQXjh79Zz6llORCoC9P5vIVD1q9CnpdjKY/+gfMkJ': { chainKey: [Object], chainType: 1, messageKeys: {} }
  },
  registrationId: 487531349,
  currentRatchet: {
    ephemeralKeyPair: {
      pubKey: <Buffer 05 47 a0 41 78 e1 ef d6 73 ea 59 4e 44 2a 02 f4 fe 6f 21 50 f5 ab d0 a7 a5 d8 ca 63 ff a0 7c c9 09>,
      privKey: <Buffer c0 fb 2b d6 2e 72 57 46 5f 01 3a 10 cc da ea 35 cf 81 78 dd 19 16 7e 23 44 89 a1 a3 06 9f 9b 42>
    },
    lastRemoteEphemeralKey: <Buffer 05 0f 77 ff dc 47 2d 1b 2f d6 68 a9 21 2c 34 87 89 ef 60 fe 64 6d a7 5c 01 8d f7 b6 ed 54 88 fe 13>,
    previousCounter: 0,
    rootKey: <Buffer 26 3a e1 9c f1 c3 e3 71 49 61 a0 b6 80 1e a1 d9 bc 3e 86 5f 97 31 51 82 6b cf 22 82 06 41 13 a0>
  },
  indexInfo: {
    baseKey: <Buffer 05 6f 4a 93 20 98 4b fc bc 26 b4 b8 3b 70 88 2e a1 30 6b ef 4c e2 fc 61 40 2d ee 37 18 29 e9 53 6c>,
    baseKeyType: 1,
    closed: -1,
    used: 1776835414396,
    created: 1776835414396,
    remoteIdentityKey: <Buffer 05 e8 41 33 19 1e 98 08 0b 04 7f 4a 05 53 1b 22 1b 56 2c c3 06 91 b9 52 3e d5 e0 87 75 ce 4d 53 27>
  },
  pendingPreKey: {
    signedKeyId: 948913,
    baseKey: <Buffer 05 6f 4a 93 20 98 4b fc bc 26 b4 b8 3b 70 88 2e a1 30 6b ef 4c e2 fc 61 40 2d ee 37 18 29 e9 53 6c>,
    preKeyId: 3520871
  }
}


                  [ Abdul BOT ]


< ================================================== >

• YT CHANNEL: null
• GITHUB: null
• WA NUMBER: 910000000000,917023951514
• CREDIT: Abdul
• 🤖 Bot Connected Successfully! ✅
Bot Version: 3.0.7
🔄 Connecting to WhatsApp...
Connection closed due to Error: Stream Errored (conflict), reconnecting true
Reconnecting...
Connection closed due to Error: Stream Errored (conflict), reconnecting true
Reconnecting...
Error sending connection message: Connection Closed


                  [ Abdul BOT ]


< ================================================== >

• YT CHANNEL: null
• GITHUB: null
• WA NUMBER: 910000000000,917023951514
• CREDIT: Abdul
• 🤖 Bot Connected Successfully! ✅
Bot Version: 3.0.7
🔄 Connecting to WhatsApp...
🔄 Connecting to WhatsApp...
Connection closed due to Error: Stream Errored (conflict), reconnecting false
Session folder deleted. Please re-authenticate.
Session logged out. Please re-authenticate.
Unhandled Rejection: Error: ENOENT: no such file or directory, open 'C:\Users\Adeel Mehar\OneDrive\Desktop\Abdulbot-main\Abdulbot-main\session\creds.json'
    at async open (node:internal/fs/promises:641:25)
    at async writeFile (node:internal/fs/promises:1215:14)
    at async file:///C:/Users/Adeel%20Mehar/OneDrive/Desktop/Abdulbot-main/Abdulbot-main/node_modules/@whiskeysockets/baileys/lib/Utils/use-multi-file-auth-state.js:35:17 {
  errno: -4058,
  code: 'ENOENT',
  syscall: 'open',
  path: 'C:\\Users\\Adeel Mehar\\OneDrive\\Desktop\\Abdulbot-main\\Abdulbot-main\\session\\creds.json'
}
Unhandled Rejection: Error: ENOENT: no such file or directory, open 'C:\Users\Adeel Mehar\OneDrive\Desktop\Abdulbot-main\Abdulbot-main\session\creds.json'
    at async open (node:internal/fs/promises:641:25)
    at async writeFile (node:internal/fs/promises:1215:14)
    at async file:///C:/Users/Adeel%20Mehar/OneDrive/Desktop/Abdulbot-main/Abdulbot-main/node_modules/@whiskeysockets/baileys/lib/Utils/use-multi-file-auth-state.js:35:17 {
  errno: -4058,
  code: 'ENOENT',
  syscall: 'open',
  path: 'C:\\Users\\Adeel Mehar\\OneDrive\\Desktop\\Abdulbot-main\\Abdulbot-main\\session\\creds.json'
}
Unhandled Rejection: Error: ENOENT: no such file or directory, open 'C:\Users\Adeel Mehar\OneDrive\Desktop\Abdulbot-main\Abdulbot-main\session\creds.json'
    at async open (node:internal/fs/promises:641:25)
    at async writeFile (node:internal/fs/promises:1215:14)
    at async file:///C:/Users/Adeel%20Mehar/OneDrive/Desktop/Abdulbot-main/Abdulbot-main/node_modules/@whiskeysockets/baileys/lib/Utils/use-multi-file-auth-state.js:35:17 {
  errno: -4058,
  code: 'ENOENT',
  syscall: 'open',
  path: 'C:\\Users\\Adeel Mehar\\OneDrive\\Desktop\\Abdulbot-main\\Abdulbot-main\\session\\creds.json'
}
Connection closed due to Error: Connection Failure, reconnecting false
Session folder deleted. Please re-authenticate.
Session logged out. Please re-authenticate.
Update C:\Users\Adeel Mehar\OneDrive\Desktop\Abdulbot-main\Abdulbot-main\index.js
🔄 Connecting to WhatsApp...
▄▄▄▄▄▄▄▄▄▄▄▄▄▄▄▄▄▄▄▄▄▄▄▄▄▄▄▄▄▄▄▄▄▄▄▄▄▄▄▄▄▄▄▄▄▄▄▄▄▄▄▄▄▄▄▄▄▄▄
█ ▄▄▄▄▄ █▄▀▀█▄▄▄▄██▀▄▀ ▀▄  █▀▄█ ████▄  █▄▀     ▄ ██ ▄▄▄▄▄ █
█ █   █ █ █▄   ███  █▄█▄▀▀ █ █▄ ▀█ ▀▀ ▀█ █▀▄ █▀▄ ██ █   █ █
█ █▄▄▄█ █▄▄██ ▀ ▀▀▄▄ ▀█▄ █▀ ▄▄▄ ██ ▀███  ▄██▀▀▄▀▄██ █▄▄▄█ █
█▄▄▄▄▄▄▄█▄▀▄▀▄█ █▄▀▄▀▄▀ ▀▄█ █▄█ ▀ ▀ █ █ █ ▀ █ █▄█ █▄▄▄▄▄▄▄█
█  ▄▄▀█▄█ ▄█▄ █▀ █ ██▄ ▄█ █ ▄▄   █ ▄▀▀▀█ ▄▀ ▀▀█▄  ▄█▀ ▄ ▀ █
██ █ █▄▄ █   ▀ ▀▀▀ ██ ▄▄  ▄▄█▀  ▀ ██▄▀▀█▄▀▄ ▀▄▀ █▄ █ ▄ ▄▄▄█
██▀█ ▄ ▄▀▄▄ ▀▀▄ █▄█▄█ █▄██▄▀█▀█▀▄█ █▄▄▀ █▀▄█▄▀█▄▄█  ▀▀▀▄▀██
█▀▀▄█ ▀▄██▄ █▄▀▄██▄ ▄▀  ▄  █▀███ ▀█ ▄▀▄▄ ▄ ▄ █ █▄ █ ▀▀▀ ▄▀█
█▄█ ██ ▄▀█ ▄ ▀▄▄  █▀█▄▄▀ █▀▄▄▄ ██ ▄▀▀█▄█▄█▀▄  ▀ ▀▄██ █ █▄ █
█▀▀██▄▀▄█▀▀  ▄▀▀ ▄▄▀▄ █▀█▄▄▀▀ ▀▀███▄█▄▀ ▄▀   ▀ ▀█  ▀  ▄█▀██
█ ██▄▀▀▄██▀  █ ██ ▄███▄▄▀█▀ ▀▄▄▀▀██▄ ▀ ▄█ ▀▀▀▀█▄▄  ██ ▄ ▀▀█
█▀  ▀█ ▄▄▀▀████▀▀▄▀█ ▄ ▄  █▀▀▄▀▄ ▄ ▄▄█▀▀ █▀▄▀▄ ▀█▄▄▄▄▄█▄█▄█
█▀▄ ▄▄▀▄ ▀██▄▄▄█ █ ▄█  ▀█▄█▀▄▀██▄▄    █  █ ▄▄█ ▄██▄▀▀▀ █▄▄█
██▀▀▄ ▄▄▄ █▄▄ ▄▀▀ ▄▄▀▀█▄█▄█ ▄▄▄ █ █▄▀ █ █▄▄  ▀███ ▄▄▄ ▀▀█▀█
█ ▀▀█ █▄█ ▀▀██▀█ ▀█▄ █▀▀ ██ █▄█  ▄  ██▄█ █▀▄  ▀ █ █▄█ ▀   █
██ ▄ ▄ ▄ ▄▄▄▀▀▄▀█▀▄▄▄▄ ▄█ ▄▄▄▄ ▄▄▀ ▀ ▀▀▀ ▀▀█▄█▄█▄▄ ▄ ▄██ ▀█
█ ▄▀ █▄▄ ▄ ▀ ▀ █▄█▄█▀█▄ ▀ █▀▄█▀▀▀▀ ▄ ▀██▀▄  █▀▀██  ▄▀██  ██
█ ██▀ ▀▄█▄▄█▀  ▄▄▀▀ ██▄▀▄▄ ██  ██▀█▄  ▄▀▀ ▀█▀▀▄  ▀   ▀▀█ ▄█
█  ▀▄ █▄▀▄▄█ █▀▀██ ▄▀███ ▄▄▄██▄ ▄▀▀██  ▀▀███▄▀▀█▀▀█  █▄████
█▄ █▀▀ ▄█▄ ▄▀▄▀  ▄ ▄  ▄▄▄▀█▀ ▄ █ █▀▄█▀▄▀█▄█▀▀ █▄ ▄▀▀█▄▀▀█▄█
█ ▀▀▀ █▄▄▀█ ▄▀▄▄ ▀ ▀ █ █ ▄▀ ▀ ▄▄█▄▄▀█▀█▄ ▀ ▄▀ ▀▀  ▄▄▀ ▀█▀ █
█  ▀▀  ▄▀███▀ ███▄█▄███ ▀███▄█▄ ██▀█▀ ██▄▀██▄▀▄███▄██▀▄█ ▀█
███▄ █▀▄▄  ▄█▄ ▄▄█▀▀▄▄ █▀ ▄ ▄▄▀▀█▀█▄▄▀ ▄▄  ▀█▀▄▄▀█▀█▄▄▀ ▄▄█
█ ▀ ▀▀▄▄ ▄▀▄█████▀█ ▀ ▄▀▀▄ ▄██▀▀▀ ▀█ ▄▀▄█████▄▄  ▀█ ██▀▄  █
███████▄█ ▀▄▀▀▄▀▀▄█  ▀█▀▄▄▀ ▄▄▄  ▀ █▄▄▀ ▀██▄ █ ▄█ ▄▄▄ ▄▄▀▄█
█ ▄▄▄▄▄ ██▄ ▄  █  ▀ ██ ▀ ▄▄ █▄█ ▀▀▄▀ ▀▀▄█▄ ▄█▀▄ █ █▄█ █ ▄▀█
█ █   █ █▀▄ █ ▀▄▀█▀█ ▄▄█ ▀▄▄    █▄▀ ▀▀ █▄█ ▄ ▄█ █▄ ▄▄▄█ ▀▄█
█ █▄▄▄█ █ ▄▀ █▄▀  █ ▄▀▄▄█▀▀▀█▀█▀▄ ▀   ▄▄█▀ █ ██   ▀ ██ ▄█▀█
█▄▄▄▄▄▄▄█▄█▄▄▄▄▄██▄██▄█▄█▄███████▄██▄█▄█▄▄▄▄▄█▄█████▄█▄▄███

QR saved: C:\Users\Adeel Mehar\OneDrive\Desktop\Abdulbot-main\Abdulbot-main\whatsapp-qr.png
📱 QR Code generated. Please scan with WhatsApp.
Update C:\Users\Adeel Mehar\OneDrive\Desktop\Abdulbot-main\Abdulbot-main\index.js
🔄 Connecting to WhatsApp...
▄▄▄▄▄▄▄▄▄▄▄▄▄▄▄▄▄▄▄▄▄▄▄▄▄▄▄▄▄▄▄▄▄▄▄▄▄▄▄▄▄▄▄▄▄▄▄▄▄▄▄▄▄▄▄▄▄▄▄
█ ▄▄▄▄▄ █▄█▀▀▄▄  █▄▀ █  ▄  ▀▀█  ▀▀█▀   █▀▄▄▄▀▄ ▄ ██ ▄▄▄▄▄ █
█ █   █ █  ▄▀█▄▄█▄▀▀▄▄ ▄▀▀ █ █ ▀ ▄▀  ▀   █▀█ █▀▄ ██ █   █ █
█ █▄▄▄█ █▄ █▄  █▀▀▀▄ ▀   █▀ ▄▄▄  █▄▀ █▄▄▄██▀▄▄▄▀▄██ █▄▄▄█ █
█▄▄▄▄▄▄▄█▄█ █ █ █▄▀ ▀▄▀▄▀▄█ █▄█ ▀ ▀ █ ▀▄█ ▀ ▀ █ █ █▄▄▄▄▄▄▄█
█▄ ▄ ▀▀▄▀▄ ▀ █▀▀▄▄▄█ ▄  ▀ ▀▄▄    █ ▄█▀▀▄█▄█ ███▄▄  █▀ ▄ ▀▄█
█▄▀ ▄▄▄▄█  ▄▄  ▀▀▀ ██ ▄▄█▀ █ █▀ ▀▄█▀█▀ ███▀▄███▄▄ ▄██  ▄▄ █
█▀█  ▄▀▄███ ▄ ▄  ▄█▄▀ █▄█▄   ██▀ █▄▄▄▄ ▀██▄█▄█ █ ██ ▀█▀▄███
█ ▀▀▀▀▀▄█▀█▀▀▀▄▀ ▄ █▄ █ █▄▀▄ ▄█▀ █▄▀▄ ▄ █▄ ▀▄▄█▄▀   ▀█  ███
█▀ ▀ ▄▄▄▀▀█▄█▄▄▄ ▀ ▀██▄▀█▄ ▀▄▄▀█  ▄ █▀▄▄▄█ █ ▄█▀ ▄█▄ ▀ ▀▀▄█
█▄▀▄▄▄▀▄▄██▄▀▄▀▀▄▀▄▄ ▀▀▀ █▀ █▄▄█▀▄█▄█ █ ▀▄▄  █▀ ▀▄▀█▄██▄▄██
█ ▄  █ ▄ █▀██  ██  ████ ▀█▀▀ ▄▀  ▀██ ▀▀█▄▄▀▀▄▀█▄▄ ▀█ ▄ ▀  █
██ ▄██▀▄██▀█ ▀█ ▀▄ ▀ ▄ ▀  █▀ ▄▀█▀▄▀▄▀ ▀█▀█▄█▀ ▄  █▀▀▀▄ ██▄█
█▄ ▄▀█▄▄▄▄▀█    ▀▄▄ █ █▀█▄▀▀██▀█▄▄  ▀▄▀▀▄███▄▀ ▄██▀ ▀▀▀█▄▄█
█▀▀▀▀ ▄▄▄ ▀▀███▀ █▄▄▀▀█▄▄ ▄ ▄▄▄ █ ▀▄▄▀▄▄▄█ ▀███▄▄ ▄▄▄ ▀▀▀▀█
█ █▀  █▄█ █ ▄█  ▄ █▄█▄▀▀▀██ █▄█  ▄▀▀▀█▀█▄█▀█▄ ▄   █▄█  ██▄█
██▄▀█▄ ▄▄ ▀█ ▀▀▀▄ █▄█ █▄█ █▄▄▄▄ ▀▄  ▄ ▄▄█▄▄██▀█ ▄▄  ▄ ██▄██
█▀▄ ▄▄ ▄ █▄█▄█ ▄██ ▀ ▄   ▀▄▀▄▄▀▀▀█ ▄ █ ▄  ▀▀█▀█▄█▀▀ ▄██▀█▀█
█▀ █▀▀▀▄ ▀█▀▄▀█ ▀▀ ▀▀██▀ ▀▀▀   ██ █▄▄ ▄ █ ▀▄█▄ ▀ ▄ ▄▀▀▀▄  █
█▄▄█▄▄▀▄▄▀▀█  ▄███ ▄▀██▀ ▄▄ ███ ▀█▀▄▄   ▀██▄▄▀▀▄█▄▄ ▀▄  █▄█
█▀█▄▄██▄██▄█▀ ▀█ ▄▀█  ▀█▄▀▄  ▄▀█▀▄▀█▀▀▀▀▀█▀ ▄ ▄▀▀ █▀██ ▀█▄█
█▄██▄ █▄ █ ▄█▄ █▀▀██ █▄▀▀▄▀ ▀ ▀▀█▄▄▀███▄ ▀ █▄ ▄▀▄▄█  ▀▀ ▀▄█
█▀▄█▄▀█▄ ▀ ▄▀ ▄ ███▄▄▄█ ▀ ███ █ █▀▀▀▄   █▀▀█▀█▀▄█▀ ▀ ▄█▄▄▀█
█▀█▄▄█▄▄▀ █ ██ ██▄▀▀ █ █▀▀██ █ ▀▀█▄███▀█ ▄  █▀▄▄▀████▄█ █▀█
█ ▀ ▀▀▄▄▀▄▄█▄█ ▀ █ █▀▀▄▄▀▄▀▀  ██▄ ▀▄▄████▄ ▄█▀█▄ ▄▄ █▄▀█  █
███████▄▄▀█ ▄ ▄  █▄▄ ▀ ▀█▄▀ ▄▄▄ ██ █ ▄  █▀█▄█▀▄██ ▄▄▄  ▀▀▀█
█ ▄▄▄▄▄ ██▄▄ ▄ ▀██▀█▄▀▀█▄██ █▄█ ████▀▀▀▄ ▀█▄██ █▄ █▄█ ▀▀█▀█
█ █   █ █▀▀  ██▀▀███ ▄ █ ▀▄▄ ▄   ▄  ██▄█▄▀ █▄▄  ▄▄▄▄▄▄█ ▀▄█
█ █▄▄▄█ █   ▀██▀  ██▄▀ ██▀█▄▄██▀▄ ▀▀▀▀▄▄   ██▄ ▄   ▀▀██▄█▀█
█▄▄▄▄▄▄▄█▄██████▄███▄▄▄▄▄████████▄██▄█▄▄█▄▄███▄▄█▄███▄█████

QR saved: C:\Users\Adeel Mehar\OneDrive\Desktop\Abdulbot-main\Abdulbot-main\whatsapp-qr.png
📱 QR Code generated. Please scan with WhatsApp.
Update C:\Users\Adeel Mehar\OneDrive\Desktop\Abdulbot-main\Abdulbot-main\index.js
🔄 Connecting to WhatsApp...
▄▄▄▄▄▄▄▄▄▄▄▄▄▄▄▄▄▄▄▄▄▄▄▄▄▄▄▄▄▄▄▄▄▄▄▄▄▄▄▄▄▄▄▄▄▄▄▄▄▄▄▄▄▄▄▄▄▄▄
█ ▄▄▄▄▄ █▄ ▄▄▄  █▀██▄▀ █  ▄█ █   ▀██▄▄ ▀▄▀▄  ▀ ▄ ██ ▄▄▄▄▄ █
█ █   █ █ ▄▀█▀ ▄▄▄▀▀▄▄██ ▀ ██▄██▀█ █  ▄▄█▄ ▀▀▄▀▄ ██ █   █ █
█ █▄▄▄█ █▄▄ █▀██▀▀ ▄ ▀██ █▀ ▄▄▄ ██▄▀ ▄  ▀███▄█▄▀▄██ █▄▄▄█ █
█▄▄▄▄▄▄▄█▄█▄█▄█ █▄▀▄▀▄█▄▀▄█ █▄█ ▀ ▀ █ ▀ ▀▄▀ █▄█▄█ █▄▄▄▄▄▄▄█
█▄▄  ██▄▀▄  ▀█ ▀█▄▄██▄▄ ▀▀█  ▄   █ ▄▀▀▀█▄ █▀██▄█▄  ██▄▄ █▄█
█▀██▀▄▄▄█ ▄▄ ▀ ▀▄  ██ ▄▄▀█▄▄▀  ▀█ ▀▀███▀▀▄▀▄▀█▀█ █▀▀█▄ ▄ ▄█
█ █▀██▀▄▀█▀█  ▄  ▄█▄▀ █▄█▄▀▀█▀█▀██ ▄▄   ██▄▄ ▀▀██▄▀▀███▄▄▄█
█  ▄▄██▄█▀ ▄ ▄▀█ ▄ ▀ ▄▀ ▀█ ▄▀▄▀▀▄▀ ▀▄▄▄▄▄ ▄██▀ ██ ▄█▀█ ▀▀▀█
█▄▄▀▀▀█▄ ▀▄ ▄▀    █▀▄▄▄█▀█▀▄▄▄▀▄▄ ▄▀█▀██ █▀█    ▀█▄█▄█ █▄▀█
█▀ ▄███▄█ █  █▀▀▄ ▀▀  ▄▄▀█  ▀▄██ ▀▀▄▄█▄█▄ ▀▀▀█ ▀▀█▀▀▀▀▄▄ ▀█
███ ▄█ ▄▄██▀█▄ ██  ▀██ ▄▀█ ▀▄▄  ████▄▀▀▄ ▄▀ ▄▀█▄▄ ▀█▀ █▄  █
██▀▄▀█▀▄▀▄██▄   ▀▄█▀ ▄██  █▀  ▄▀ █▀▄███▀▄▄█▀▄▀▀▀██ ▄▄ ▄▄█▄█
█▀█▀  ▄▄▄▄▀▀▄▀█▀ ▄  █ ██ █▀██▀█▄▄▄  ▄ ▀ █▀ ▄█▀▀▄▄██ ▀▀ █▄ █
█  ▀▄ ▄▄▄ ▄▀ █ █▀█▄▄▀▀█▄█ █ ▄▄▄ █▄▀▄█▄▄█      ▄▄▀ ▄▄▄ ▀▀█▀█
█ ▄▀  █▄█ ██▀▄█▄▀▀█▄██▀▀ ▄█ █▄█  ▄   ▀██▄▀▄█ ▄▀ ▄ █▄█ ▀▄ ▀█
█▄ ▀▄▄ ▄▄ ███  ▄▄█▀█ ▀█▀▀█▄ ▄▄▄▄ ▄  ▀ ▀ ██▄██▄▄▄▄  ▄▄▄ ████
█▀▄▄█  ▄▀▄▄█ █▀▀▄█▄▀▀█ ▄ ▀█▄▄█▀▀▄▀ ▄ ▀██ ▄▄▀▀█▄████▀ █ ▄  █
█▄  ▄▄▄▄ ▀█▄▄█ ▄▀██▀   ▀▄ ▄▄▀  █▀▄▀ ▀▀▄▀█▄█▄  ▄▄█▀ ▄███▄█▄█
██████▀▄▄  █▄█▀ ██  ▀███ ▄▄▀██▀█ █▀▄█ ▄▀█▀█▄ ▀▀█▀█  █▄ ██▄█
██▄█  █▄█▄█▄▀█▄  ▄▄▀  █▀▄▀▄▄ ▄▀█▀▄ █▄▄▀ ▄ ▀  ██▄██▀█  ▄▀█▄█
█▀ █▄▀▄▄▀█▄ █▄██ ▀▀█ █▄▀ █▀ ▀▀▀ █▄▄▀█▀▄▄▀█▀█▄   ▄▄██▀ █▄▀▄█
█ ▀  ▀█▄ ▀▄█▀▀ █▄██▄▄▀█ ▄█▀█   ▄████▄ ▀▀▀ ▀█▀▄ ▄▄█▄▀ █▄█▄██
█ ▀▀ ██▄▀█▀▀▄▀█▀▄▄▀▀▀█ █  █ ██▀▀██▄█ ▀ ▄█   ▄█▄█▀ ▄▀▄█▀ ███
█ ▀ ▀▀▄▄▄█▀▄▀ ▀█  ▄▄ ▀ ▀ ▄██  █▀█▀▀▄▄▄█▄▄▀▀▄▀██▀▄▀▄  █▀█  █
███████▄█▀▄  ▄▀▄ ▄█  ▀ ▀▄█  ▄▄▄  ▀ █▄ ▀▀▀█▄▄▄█ █▀ ▄▄▄ █▄▄ █
█ ▄▄▄▄▄ ██▀ ▀▀▄▀ ██  ██ ▀██ █▄█ ▄▀▀██▀▄▀▀ ▀▄ ▀▀   █▄█  ▀▀██
█ █   █ █▀▀█▄█▄▀▀█▀▀ ▄██ ▀ ▄    █ ▀▀███▄▄▀▀█ ▄▀ █▄▄ ▄▄ █▀██
█ █▄▄▄█ █ ██▀▀██   ▄▄▀▄▀█▀▄▀▀▀█▀█   ▄█▀▀▄  ▄█ ▄▄▄▄ ▀▀█▄██▀█
█▄▄▄▄▄▄▄█▄████▄█▄█▄█▄█▄▄▄▄███▄███▄██▄█▄▄█▄▄████████▄██▄████

QR saved: C:\Users\Adeel Mehar\OneDrive\Desktop\Abdulbot-main\Abdulbot-main\whatsapp-qr.png
📱 QR Code generated. Please scan with WhatsApp.
Update C:\Users\Adeel Mehar\OneDrive\Desktop\Abdulbot-main\Abdulbot-main\index.js
🔄 Connecting to WhatsApp...
▄▄▄▄▄▄▄▄▄▄▄▄▄▄▄▄▄▄▄▄▄▄▄▄▄▄▄▄▄▄▄▄▄▄▄▄▄▄▄▄▄▄▄▄▄▄▄▄▄▄▄▄▄▄▄▄▄▄▄
█ ▄▄▄▄▄ █▀  ▀▄▄  ███ ▀▄  ▄ ▀ ▄  ▄▄▀▀██ ▀▄▄ ▄██▄▄ ██ ▄▄▄▄▄ █
█ █   █ █▀█▄▀▄█▄▄▄▀▀█▄█▄▀▀▀█▄█▄▀ ███▄▀ █▄▄▀▄▀█ ▄ ██ █   █ █
█ █▄▄▄█ █▀█▀▄  ▄▄█▀▀▄ ▄█▀ █ ▄▄▄    ▀█▀▄▀▀█▄ ▀▄▀▀▄██ █▄▄▄█ █
█▄▄▄▄▄▄▄█▄█ █ ▀ ▀▄▀ ▀ █▄█ █ █▄█ ▀▄█ ▀▄▀▄█▄▀ ▀ ▀ ▀▄█▄▄▄▄▄▄▄█
█▄ ▄  ▀▄  ▀▀▀▀ █▄█▄▄ ▄██▄▀    ▄ ▀█▀█▀ ▄▄██ ▀ ▀█▄▀▀ █ ▀▄▀▄██
█▀▄ ███▄▄ ▀█▄ ▄  ▀▀ ▀▀▀ ▄▀▀▄ ▄ ███ ██▄▄▄█▀▄▀▀█▀ █▄▄   ▀▀ ██
█▄ ██ ▀▄█▀▄█▀ ▄▄██▀ ▀▄▀▄▀ ▄▀▀▀▀█▄██▄  ▀▄ █ ▀ ██▄▀ ███▀▀ ███
██▀ █ ▄▄██▀██▄▀█    █▀█▄  ▀▄ ██▄▄█▄ ▄  ▄▄   ▀ █▀▄▄ ▄▀▀ ▀▄▀█
█▀▀  ▀▀▄  ▄  ▄▄▀▄█▄ █▄▀██▀ █▀ ▀  ▀▀▄   ▄ █▄ ▄███▀▀▀▄█▀▀█▀▀█
█▄ ▄▄▀▀▄█ ▄▀ ▄▀█ ███▄▄██▄█ ▄█ ▀ █ █ ▄ ███  █▄ █ ▀█  ▄█▀▀█▀█
█▀▀▀▄█▄▄▀█ ██▄▀█▄▀▀▄▄█▀█▀▄  ██▀▀▀██▄ ▄▀▄█▀ ▀▄█▄█▄▀ ███▄▄ ▀█
█  ▀▄▄▀▄▀▄█ ▄███▄ ▀█▄██▀▀█▀ ▄██▄█▄▄▀▄ █▄█▀█ ▀▀▀█ ▀▄ ▄ ▀ ▀██
█▀█▄ ▀▀▄ █ █▄▄▀▄▄█▄▄█▄█▀▀▀█▀██  ▄ ▄    ▄▀▀ ▀ ▀▀▄ ▀ ███▄ ▄ █
█▀▄▀  ▄▄▄  ▀▄█▀▀ █▄█ ▀▄█▄▄▄ ▄▄▄ ▄▄ ▀▀▄ ▄█▀█▀ ▀█▄█ ▄▄▄ ▀  ██
█ █▄▄ █▄█ ▀ ▀██▀▄█▄▀ █▄█▀ █ █▄█  █▄▄█▄ █▄█▀  ▀▄██ █▄█   ▀ █
█  █▀▄ ▄ ▄██▀▀██▄█▄▄█▀▄███  ▄▄▄▄█▄█▀▀▀   ▀█▀▄▀███▄   ▄ ▀▀▀█
█  ▄  ▀▄█▀ ██ ▀ █▄▄▄▀▄██▀ ██▄█▀  █▀█▄ ▀▄▀▀▀▀ ▀█▄▀▄▄███▄▀ ▀█
██▄▀ ▀▄▄ ▀▄  ▀▀▄▀▄▀  ▄▄ ▄ ▄▀▀▀▀ ██ ▄██▄▀████▀▄█▄█▄ █▀█ ▀▄▀█
█▀██▄ ▀▄ ▀▀██▀█▄▀█▄▄▀▀▀█▄ █▄▀█▄  █▄▄▄ ▀███▀▀▄▀▄█▀▄▀▄██▀▀█▀█
█▄▀▄ ▀▄▄▀██▄██▄▄▀█▀▀▀ ▄▀▄ █▄▀█▄▄▀▄ ▄▄ ▀▄▄▀  █▄ ▄▀██▀ ▄▀▀▄▄█
█ ██▄▄█▄▀ ▀█ ▀ ▄█▄▄ ▄▄▀█ ▀█▀▄█▄▀▀█▀█   █▀▀▀▀ █ █▀█ █▀▄▄▀▀██
█ ▄▀▀▀▀▄ █▄  ▀▄▄ ▄▀ ▄▄▀ ▄ █▀▄▄▄ ▀█▀▀▀▀▄▄ ▀▀  ▄█▄▀█▀▀▄▄█ ▄██
██▀█ ▄▀▄ ▄▀▀▄▀▄▄▀▄▀ ▀█▀▄▀▀█▄█▄██ ▀▄▄ ▄▄▄█▀▀▀ █▄▄▀ █▄▄▄▄█▀ █
█ ▀ ▀▀▄▄▀█▄ ██▄▄ ▄ ██▄ █▀ ▄▄▄▄ ▄▄█▄ ▀▄▄  ▄▄▀▄▄ ▄▄█▄█▄▄▀▀▀▀█
███████▄▄▀▀▄▀▄ ▄▄▄ ▄▀▄▀▀▀ ▄ ▄▄▄ ▄▀▄█▀ █▄▀█ ▀▄████ ▄▄▄ █▄▀██
█ ▄▄▄▄▄ █▄ ▀▀▄▀█▄▄█▀   ▀▄▀█ █▄█ ▀█ ▀▀▀  █ ▀ ███▄▀ █▄█ ▄▀▄▀█
█ █   █ █ ▀█▀█▄▀▄▀ ▄▄█▀█▀▄▄ ▄  ▄▄▀▄█ ▄ █ ▀▄▀▄█▄▄█▄▄ ▄ ▄▀███
█ █▄▄▄█ █ ▄▀███▀▄ ▄█▄█▀▀▀██▀█▀▀█▄█▄ ▄▄▄▄ ▀███▄ ▄ ▄ █ █▄▀███
█▄▄▄▄▄▄▄█▄▄███████▄▄▄▄████▄██▄█▄▄▄▄▄▄▄▄███▄█▄█▄▄▄██▄██▄█▄██

QR saved: C:\Users\Adeel Mehar\OneDrive\Desktop\Abdulbot-main\Abdulbot-main\whatsapp-qr.png
📱 QR Code generated. Please scan with WhatsApp.
▄▄▄▄▄▄▄▄▄▄▄▄▄▄▄▄▄▄▄▄▄▄▄▄▄▄▄▄▄▄▄▄▄▄▄▄▄▄▄▄▄▄▄▄▄▄▄▄▄▄▄▄▄▄▄▄▄▄▄
█ ▄▄▄▄▄ █▄▀▀█▄█▄▀▀▄▀▀▀ ▀▄▄ █▀▄█ ████▀█ ▀▄▀ ▄█  ▄ ██ ▄▄▄▄▄ █
█ █   █ █ █▄ ▄ █▄█  ███▄ ▀ █ █▄  █ ▀▀ ▀█▄█▀▄ ▄▀▄ ██ █   █ █
█ █▄▄▄█ █▄ ▀█ ▀ ▀▀▄▄ ▀█▄ █▀ ▄▄▄ █▄ ▀▄▀█ ▀▀██ █▄▀▄██ █▄▄▄█ █
█▄▄▄▄▄▄▄█▄▀ █ █ █▄▀▄▀▄▀ ▀▄█ █▄█ ▀ ▀ █ █ █ ▀ █ █▄█ █▄▄▄▄▄▄▄█
█  ▄▄██▄█▄█ ▄▄█▀ █ ██▄ ▄█ █▄▄▄   █ ▄▀▀▀█ ▄▀ ▀▀█▄▄  ██ ▄ ▀ █
██ █ ▄█▄ ▀█ █▄ ▀▀▀ ██ ▄▄  ▄█▀▀  ▀ █▀▄▀▀█▄▀▄ ▀▄▀ ▀█ █▀█ ▄▄▄█
██▀▀▄▄ ▄ █  ▀▀▄ █▄█▄█ █▄███▀█▀█▀▄█▀█▄▄▄▀█▀▄▄▄▀▀█▄▄  ▀█▀ ▀██
█▀█▄▀ ▀▄█▄▄ █▄▀▄██ █▄▀▄ ▄  █▀██▀ ▀█▀▄██  ▄▀▀ ▀▄█  █   █▀▄▀█
█▀██▄█ ▄▀█ ▄ ▀▄▄▀▀ ▀██▄▀▀▄▀▄▄▄▀▄█ ▄▀███▄ ▀▀██▄█▀▀▄██ █▀▄▄ █
█▄ ▄█▄▀▄█▀▀  ▄▀▀▀▄▄▀ ▀█▀██▄▀▀   ▀██▄ ▄▀ ██ ▀▄█▀ █ ▄█  ▄██▀█
██▄█▄▀█▄██▀  ▄ ██ ▄███▄▄▀█▀ ▀▄▄▀ ▀█▄▄▀ ▄▄▄▀▀▀██▄▄ ▄▄█ ▄ ▀▀█
█▀  ▀█▄▄ █  ▀█ ▀▀▄▀█ ▄ ▄  █▀▀▄▀▄ █ ▄▄█▀▀ █▀▄▀█ ▀█▄▀█  █▄█▄█
█▀▄ ▄▀█▄  ██▄▄▄  █ ▄█  ▀█▄██▄▀██▄▄    █  █ ▄▄█ ▄█▄▀ ▀▀ █▄▄█
██▀▀▄ ▄▄▄ █▄▀▀▄▄▀ ▄▄▀▀█▄█▄▄ ▄▄▄ █ █▄▀ █▄█▄   ▀▀█▀ ▄▄▄ █▀█▀█
█ ▀▄█ █▄█  ▀███▄ ▀█▄ █▀▀ ██ █▄█  ▄▀▀███▄ █▀█   ▀▄ █▄█ ▀▄  █
█▀ ▄   ▄▄▄▄▄▀▀▄▀█▀█▄▄▄▀ █ █▄▄▄ ▄▄▀▀ ▄▀█▄ █▄█ █▄█▄ ▄   ▄█ ▀█
█▄ ▀▄█▄▄▄█ ▀ ▀ █▄█▄█ ▄█ ▄ █▀█▄▀▀▀▀ ▄▀█ ▄▄▄█▀██▄█▀  ▄▄██  ▀█
██ ▀  ▀▄▄ ▄█▀  ▄  ▀ ▄ ▄▀ ▄ █ ▀ █▀▀█▄▀ ▄▀▄█▀▄█▀█▀▀▀    ▀█▄▄█
█  ▀▄ █▄▀▄▄█▀ ▀▀██ ▄▀███ ▄▄▄██▄  ▀▀█   ▀█▀██▀█▀█▀▀█  █▄█▄▄█
█▄ █▀▀ ▄█▄ ▄   █ ▄ ▄  ▄▄▄▀█▀ ▄▄▀ █▀▄▄▀▄▀███▀▀▀█▄ ▄▀▀█▄▀▀█▄█
█ ▀▀▀ ▄▄▄▀▀█▀▀▀  ▀ ▀ █ █ ▄▀ ▀ ▄▄█▄▄▀█▀█▄ ▀ ▄▀ ▀▀  █▀▀ ▀█▀ █
█  ▀▀▄ ▄▀█▀█ █▀ █▄█▄███ ▀███▄█▄ ████▀ ▀▀▄▀██▄▀▄██▀▄██▀▄█ ▀█
███▄█ ▀▄▀   █▄  ▄█▀▀▄▄ █▀ ▄▄▄▄▀▀█▀ █▄▀▄█▄   █▀██▀▄▄▄▀██▄▄▄█
█ ▀ ▀▀▄▄█ ▀▄█████▀▀ ▀ █▀▀▄▀███▀▀▀  ▄▄  ▀█▀▄ █▄ ▀ █▄▄▀█▀▄  █
███████▄▄▀▀▄▀▀▄▀▀██ ▀▀█▀██▀ ▄▄▄  ▀ █▀▄▀▀█▀▄▄ ▀ ▄▀ ▄▄▄ █▄█ █
█ ▄▄▄▄▄ ██▄ ▄  █▄▄▀ ▀█ ▀▄▄▄ █▄█ ▀▀▄▀█▄ ▄█▀▀▄▀ █▀  █▄█ █ █▀█
█ █   █ █▀▄  ▄▀▄▀█▀█ ▄▄█ ▀▄▄ ▄  █▄▀ ██ █ █ ▄█▄█ █▄ ▄ ▄█ ▀██
█ █▄▄▄█ █  ▄█▀▀   █ ▄▀▄▄█▀▀▀███▀█ ▀ ▀ ▄▄▄  █ ██   ▀ █▀ ▄█▀█
█▄▄▄▄▄▄▄█▄████▄▄██▄██▄█▄█▄███████▄██▄█▄█▄▄▄▄▄█▄███████▄▄███

QR saved: C:\Users\Adeel Mehar\OneDrive\Desktop\Abdulbot-main\Abdulbot-main\whatsapp-qr.png
📱 QR Code generated. Please scan with WhatsApp.
▄▄▄▄▄▄▄▄▄▄▄▄▄▄▄▄▄▄▄▄▄▄▄▄▄▄▄▄▄▄▄▄▄▄▄▄▄▄▄▄▄▄▄▄▄▄▄▄▄▄▄▄▄▄▄▄▄▄▄
█ ▄▄▄▄▄ █▀ ▄▀▄▄█▄ ▄▀▀ ▄█▄  ▄▄   ▀▄█▄▄▀  ▄  ▄▄▀█▄ ██ ▄▄▄▄▄ █
█ █   █ █▄ ▄  ▀▄█▄▄▄ ▄ ▄█▄██ ██▄▄▄▀ █▄█ ▄▄▄ ██▀▄ ██ █   █ █
█ █▄▄▄█ █ ▄▀ ▀▀▀██ █▀█▄▄▀▄  ▄▄▄  ▄ █▄ █ ▄ ▄ █▀ ▀▄██ █▄▄▄█ █
█▄▄▄▄▄▄▄█ █ █▄█▄▀ ▀ ▀ █ ▀▄█ █▄█ ▀▄█▄█ ▀ ▀▄▀ ▀▄▀▄█ █▄▄▄▄▄▄▄█
█ ▄█ ▀█▄▄███▄▄▄▀▄▄▀ █▄  ▄█▄ ▄ ▄▄██ ▄ ▄▄▄█▄ █ ██▄▄▄▀▄  ▀▄▄██
██ ▄  █▄▄█▄▀▄█▀███▀▄▄▄  ▄ ▄▀ █ ▀  ▀█▄ █▀▀▀ █▄▀█ ▄ █▀██▀██▄█
█▀█▄▀▀▀▄ ▀▄ ▄ ▄██▀█▄▀█ ▀█▄ ▄▄▄█▀  ▄▀▄▄█▄  ██▄ ▄▀█▄██  █ █ █
█▀██▄▀▄▄ ▀█▀▄▄▀▀ ▄▄█▀ ▀▀ ▀▄▄▀▄ ▄██▄▄▀▀ ▄▀ █▄▀ ▄█▄ █ ▀▄██ ██
██ ▄▀ █▄ █▀ ▄██ ██ ▄▄▀▄▀ ▄▀█  ▄█▀▄▀█▀ █▀ ▀▀▄▄ ██▀█▄ ▄█ ▀ ▄█
█▀█▄ ██▄▄  ▀▀▄▀▄  ▄▄▄▄▄▄▄▄▀█ ▀▄█▀▀ ▀█▀▄▄▀▄█▀▄▄██▀▄▀▄▀ █▄ ▄█
█ █  █▀▄██▀██▄███ █  ██ ▄ ▄▀ ▄▄█▀▀██▀ ▄██▄▄▄▄██▄▀█▄█ ▄█▄▄ █
█▄▀ ▀█▄▄ ▀  ▀ █▄█ ▀ ▀ ▄█▀▀▄█▄  ▄▀ █ ▀▀ ▀█▀█▄▀█ ▄▀▄▀ █ ▀▄▄ █
█▄ ▀▄▀▄▄▀▀▄▀  ██▄▀▄ ██ ▄█▄█   ▀█▄▀██▀▄▀▄▀ ██▄▄█▀ █▄█  ▀█▄▀█
█▄▄▀▀ ▄▄▄ ▄ ▄ ▄▄ █▀▀▄▀█▄▀█▀ ▄▄▄   █▄▀▄▀▄▄█▀▄ ██▄█ ▄▄▄ ▄▄▄▀█
█▀▄▀█ █▄█  ▀█▄ █ ▄▄█▄ ██ ▄▄ █▄█ ▀ ▄▄ ▄█▀ ▀ ▄█▄██▄ █▄█ ▀█▄ █
█▄  ▄▄▄▄  ▄  ▀▀▄▀█▄ ██▀██ ▄   ▄ ▀▀██ ▄▄▀ ▀▄ █▄▀██    ▄██▄ █
█▀█ ▀▄█▄▀▄▄█▀ █▄▄█▀▄ ▄  ██▀▀▄█▄▄▄█ ▄▀ █▄▄ ▄▄▄█ █▄▀▄ ▄▄ █ ▀█
█▀ █▀█ ▄█▄▀██ ▄▄▄▄▀ ▀█▀█▀▀ █▀ ▀▄▄▄▀ ▀▄▄█▄▀ ▄ ▄▄▄ █▀ ▀▄ █▀ █
█▀█ ▀▀▀▄▄▄▄ ▀▀▄    ▄▀  ▄ ▄▄█  █▄▄ ▄▀▄▄ █▀▄█▄ ▄▄▀█▄▄█▄▀  ▄▀█
█▄ ▄▄█ ▄ ██▀  ▀  ▄▄ █ ▀█▀▄▀  ▄█▄▄█▀█▄▄▄▀ ▄▄█▀ ▄▀▄█ ▀███▄ ▄█
██▄▀ █ ▄▀▀▀   █ ██▄▄▀▀ █ █ ▄█▄  ▄  █▄▄▄ ▄█▀▄█▄ ███▄▀▄█ █  █
█▀▄ ▀█▀▄ ▄▄▀▀▄▄   █▄▄▀ █▀ ▀  ██ █▄▄ ▄ ▄█ ▄██▀  █▀▀  █▀ █▄▄█
█▄ ▀▄▀ ▄ ▀▄   ▄ █▄▄▄██ █▄▄▀▀ ██▄▄███  ▄▄ ▄██ ▀██▄▀▀███▀▀ ▀█
█ ▀ ▀▀▄▄▀▀ ▀█▄▀█▄▀█  ██  █ █▄▄▄▄█▄█ ▀ █ ▀▄▀█▄███▀▄█▄ █ ▄▀▄█
███████▄█  █▄ ▄█ ▀▄▄██ ▄█▄▀ ▄▄▄ █ █  ▄██▄▄█▄█ █ █ ▄▄▄ ▀▀█▄█
█ ▄▄▄▄▄ █▄▄▄█▀█▀▄█▄ ▄ ▀█▀   █▄█  ▀███ ▄▄█▀ ▀▀  █▄ █▄█ ▄▄▄██
█ █   █ █▀█▄██▄██▀▄▄▀ ▄▀▀ █ ▄   █ ▄▄█▄█▀▄▀▀▄▀▄▄▄█▄▄  ▄▄▀ ▀█
█ █▄▄▄█ █▀▄▄ ▀█▀████▄▄█ █▀█▀ ▄█▀█▄▄▄▀ ▄▀█▄ █▄ █▀   ▄ ▄█▄█▄█
█▄▄▄▄▄▄▄█▄█▄▄▄██▄█▄▄█▄▄▄█▄▄███▄▄▄▄███▄█▄█▄█▄▄█▄▄▄█▄██▄▄▄▄██

QR saved: C:\Users\Adeel Mehar\OneDrive\Desktop\Abdulbot-main\Abdulbot-main\whatsapp-qr.png
📱 QR Code generated. Please scan with WhatsApp.
▄▄▄▄▄▄▄▄▄▄▄▄▄▄▄▄▄▄▄▄▄▄▄▄▄▄▄▄▄▄▄▄▄▄▄▄▄▄▄▄▄▄▄▄▄▄▄▄▄▄▄▄▄▄▄▄▄▄▄
█ ▄▄▄▄▄ █▀█▀▄▄▀█  ▄█▄▄▄▀▄ ▄ █    ▄█▄ ▄ ▄██ ▄▄ █▄ ██ ▄▄▄▄▄ █
█ █   █ █▄▄▀ ▄█▄██▄▄▀▄██▄▄███▄  ▄█ ███▀▄▄▄█▄▄█▀▄ ██ █   █ █
█ █▄▄▄█ █   ▀█▄▀██▀█▀█▀▀▀▄  ▄▄▄ █▀ █▄█▀▄ ▄▄▄▄  ▀▄██ █▄▄▄█ █
█▄▄▄▄▄▄▄█ █▄▀▄█▄▀ ▀▄▀ ▀ ▀▄█ █▄█ ▀▄█▄█ ▀▄█ ▀ █ ▀ █ █▄▄▄▄▄▄▄█
█  ▀ █▀▄ ██▀▄ █▀█▄▀  ▄▄ ▄▄▄▄ ▄▄▄██ ▄▄▄▄█▄  ▄ █▄█▄▄█▄▄ ▀▄ ██
█ ▄▀█ █▄▄▄▀▄▀▄▀█ ▄▀▄▄▄   ▄▄ ▀▄▀ ▄▄▀▀▄▄ ▀█ ▄▀ ▀▀██ ▀██▀▀█▀ █
█ ██  ▀▄ ▄▄▄  ▄██▀█▄▀█ ▀█▄ ▄▄ █▀█ ▄ ▄  ▄   ▄ ▄▄▀▄█▀▄ ▄▀ ▄▀█
█ █▀ █ ▄   ▄█▀▄█ ▄▄▄█▄▄ ▄ █▄▀█▄▄▀▀  █▀▀█  ▀▀▄█▄▀▄█▀█▀▄█▄▄▀█
█▄▄▀██▄▄▀█ ▄█ ▀▄▄█  ▄ ▄▀▀█    ▀▄█▄▀█▀▄▀▀ ██▄▀▄▄▄ ▄█▀ ▀ ▄▀▀█
█▄▀ █ ▀▄██ █ █▀▄█ ▀▀▄▄▀▀▀▀ █▄▀▄▄▄▄▄▀▀█▄▀█▀ ▀ ██▄▀██ ▄▄▄▄ ▄█
█   ▄▀▀▄▀██▀ ████ █▄ █ ▄▄ █▀▄▄██ ███▀ ▄▄ ▄▄█ ▀█▄▀█▄█▀  ▀█▀█
█▄  █▄▄▄▄  ▀ ▀▄▀█ ▄ ▀ ▀▀▀▀▄█▄▄█ ▀ █ ██▄█ ▀▄ █▄██▄▄   ▄██▄ █
█▀█▄███▄▀▄█ ██▄▀█▀  ██   █▀▄ ▄█▄▄▀██▄ ▀█ ▄ ▄█▄▄▀█▄▀█   █▄██
███▀▄ ▄▄▄   ▄▀▄▄▀█▀▀▄▀█▄ █▄ ▄▄▄  ▄▀▄ ▀▀█  ▀▀█ ▄▄▀ ▄▄▄ ▄▄ ▀█
█▀██▀ █▄█ ▄  █▀ ██▄█▄▀██▀█▄ █▄█ ▀ ██▀ █▀ █▀▄▀  ▄█ █▄█ ▀█▀██
█  ██▄ ▄▄▄  █  ▀▀ ▄▄ ▄█▀▀██▄  ▄▄ ▀██▀  ▄▄ ▀▄█▀ ▀█ ▄   ███ █
█ █▄▄ █▄▄█▄██ ▄▀██▀ ▄█ ▄▄▄ ▄▄█▄▄▀▀ ▄▀▄█▄▄▄ █▄▀▄█ ▄ ▀█▄▄▀▀ █
██ ▄▀ █▄ █▀ █▄▀ ▀▄▄ ▄▄▄██▀█ ▀ ▀▄▄ █▄ █▄█ ███▄ ▀▀█ ▀ ▀▀▄█▀ █
██▄   ▀▄▄██ ▄▀▀█    ▀    ▄▄▄  █   ▄▀▄▄▄▄▄▄█▄  ▄ ▀█ █ ▀ █▄ █
█ ▀█   ▄ ▄  ▄▄▀█ ▄▀▄█ █▀▀▄▀▄ ▄▀ ▄█ █▀ ▄ ▄ ▄██▄█▄  ▄█  ▀▄ ▄█
█ ▀▀ █▄▄ ▀█▄▀ █▀▄█ ▄▀▀ █▀▄ ▄██ ▀▄  █▄ █ █▀ ▄█▄▄▄██▀██▄▄█  █
█ ▀██ █▄ ▄  █ ▄▄▀ █▄▄▄ █▄██ ██ ▄█  ▄▄ ▀▄▄███▀▀▀▀▄ ▄▄█ ██▄ █
██▄▄█▄ ▄  ▄▀▀▄ ▀▄▄▄▄▄█ ███▀▄██▄▄ ██▄█▄▄▄█ ▀▄▀█▄█   █ █▀  ██
█ ▀ ▀▀▄▄ ▀█  ▀ ▀▄▄▄▄▀█▄█▀█▄▀▄▄▄ ▄██ █▀█ ▄██▀ ▀▀▄█▀▄▄ ▄▄▄▀▄█
███████▄▄▀▀█ ▄▀▀▄▀  ▀▄  ██  ▄▄▄  ▄█  ▄ ▄ ▄▄█▄▄  █ ▄▄▄ ▄█▄██
█ ▄▄▄▄▄ █▄▀ ▄▄▀▀ █ █▄██ ▄   █▄█ ▀▀▀██▀▀▀█ ▄▀ ▀ ▀▄ █▄█ █▄▄▀█
█ █   █ █▀█▀ ▀███▀  ▀ ▀▀▀ ▀ ▄▄  ▀▄██▄ ▄ █▀ ▄▄▄█▄▄▄▄▄▄ ▀▄▀ █
█ █▄▄▄█ █▀▄█▀██▀██ ▄▄▄▀▄█▀▄▄  █▀▄▄████▀▄▀█ ▄▄█▀▀▄▄ ▄ ▄▄██▄█
█▄▄▄▄▄▄▄█▄▄██▄██▄██▄██▄▄██▄█▄█▄▄▄▄███▄█▄█▄█▄▄███▄▄▄▄███▄▄██

▄▄▄▄▄▄▄▄▄▄▄▄▄▄▄▄▄▄▄▄▄▄▄▄▄▄▄▄▄▄▄▄▄▄▄▄▄▄▄▄▄▄▄▄▄▄▄▄▄▄▄▄▄▄▄▄▄▄▄
█ ▄▄▄▄▄ █▄▀▀█▄▄▄███▀▄█  ▄▄ █▀▄█ ███▀ ▀▄██▀▄ ▄▀ ▄ ██ ▄▄▄▄▄ █
█ █   █ █ █▄▄  █▄█  ▄██▄▀▀ █ █▄  █ ▀▀▀▀███▀▄▀▄▀▄ ██ █   █ █
█ █▄▄▄█ █▄▄▀█ ▀ ▀▀▄▄ ▀█▄ █▀ ▄▄▄ ▄  ▀  █ ▀ ███▄▄▀▄██ █▄▄▄█ █
█▄▄▄▄▄▄▄█▄▀▄▀▄█ █▄▀▄▀▄▀ ▀▄█ █▄█ ▀ ▀ █ █ █ ▀ █ █▄█ █▄▄▄▄▄▄▄█
█  ▄▄█▀▄█▄█▄███▀ █ ██▄ ▄█ ▀▄▄▄   █ ▄▀▀▀█ ▄▀ ▀▀█▄   █▀ ▄ ▀ █
██ █ ▄█▄█▄▄▀▄█ ▀▀▀ ██ ▄▄  ▄█▀▀  ▀ █▀▄▀▀█▄▀▄ ▀▄▀ ▀  █▀  ▄▄▄█
██▀  ▄ ▄▀▄▄ ▀▀▄ █▄█▄█ █▄██▄▀▀▀█▀▄█ ▄▄▄  █▀▀▄▄▀ █▄▄  ███ ▀██
███▄█ ▀▄██▄ █▄▀▄██▀▄▄▀█▀▄  █▀█▀▀ ▀█▀▄█   ▄▄  ▀█▄▄▀█   ▀▀▄▀█
█ ▀▄ █ ▄▀█ ▄ ▀▄▄▀▀ ▀▄█▄▀█▄▀▄▄▄ ██ ▄ ██▄█▄█▀▄█ ▀▀▀▄██ █ ▄  █
█ ▀█  █▄█▀▀  ▄▀▀▀▄▄▀█ █▀ █▄▀▀  ▀███▄▀▄▀▀█▀▀ ▄█▀▀█ ▄▀  ▄█ ██
█ ██▄▀▀▄██▀ █▄ ██ ▄███▄▄▀█▀ ▀▄▄▀█▀█▄▄▀ ▄  ▀▀█▀█▄▄ ▄▄█ ▄ ▀▀█
█▀  ▀  ▄▄██▀  ▀█▀▄▀█ ▄ ▄  █▀▀▄▀▄▀▄ ▄██▀▀▀█▀▄▀▄ ▀█▄ █ ▄█▄█▄█
█▀▄ ▄█▄▄▄█ █▄ ▄  █ ▄█  ▀█▄██▄▀██▄▄    █  █ ▄▄█ ▄▀█▀▀▀▀ █▄▄█
██▀▀▄ ▄▄▄ ▀▀██ ▀▀ ▄▄▀▀█▄█▄  ▄▄▄ █ ▀ ▀ ▀▄█▄▄  ▀█▀▀ ▄▄▄ ▀▀█▀█
█ ▀██ █▄█ ▄▀██   ▀█▄ █▀▀ ██ █▄█  ▄  ███▄ █▄█  ▄ ▄ █▄█ ▄▄  █
█▀█ ▀  ▄ ▄▄▄▀▀▄▀█▀██▄▄▄▀█ █ ▄▄ ▄▄▀▀ ▄▀▀▄▄▀ ▀ █ ▄▄▄▄▄ ▄██ ▀█
█ ▄ ▄█▄▄▀▀ ▀ ▀ █▄▄▄▀▀▄ ▄▀ █▀█▄▀▀▀▀ ▄ ▀ █▄▄▀▀██▄█▀▄ ▄███▀▄▀█
█ ▀██ ▀▄█▄▄█▀  ▄  ▀ ▀▀▄▀▀█ ███ ██▀█▄▄▄▄  ▀▀█  █▀ ▀  ▀▄▀█▄ █
█▄ ▀▄ █▄▀▄▄█▄▄▀▀██ ▄▀███ ▄▄▄███▄██▀█▄▄ ▀▀███ ▀▀█▀▀█  █▄█▄▄█
█▄ █▀▀ ▄█▄▄ ▄  █ ▄ ▄  ▄▄▄▀█▀ ▄▄█ ▄▀▄▄▀▄▀███▀  █▄ ▄▀▀█▄▀▀█▄█
█ ▀▀▀█ ▄▄▀ ▄█▀▄▀ ▀ ▀ █ █ ▄▀ ▀ ▄▄█▄▄▀█▀█▄ ▀ ▄▀ ▀▀  ▀ ▀ ▀█▀ █
█  ▀▀█▄▄▀███▄▄█ █▄█▄███ ▀███▄█▄ ██▀█▀ ██▄▀▀▀▄▀ ▀█▀▄██▀█▄ ▀█
███ ██▀▄▄█ ▀█▄▀▀▄█▀▀▄▄ █▀ █▄▄▄▀▀█▀█▄▄▀▀▄▄  ▀█▀▄█▀▀▀ ▄▄▄ ▄▄█
█ ▀ ▀▀▄▄█ ▀▄█████▀▄▄▀ ▄▄▀▄ ███▀▀▀ ▀█▄▄█▄▀▀▀██ ▀ ▀▄▄   ▀▄  █
███████▄▄ ▀▄▀▀▄▀▀█ ▄▀  ▀██▀ ▄▄▄  ▀ █ ▄ ▀▀▀▀▄▄▀▄▄▀ ▄▄▄ █▄█▄█
█ ▄▄▄▄▄ ██▄ ▄  ██▄▀ ▄█ ▀ ▄▄ █▄█ ▀▀▄▀▀█▀█▀  ▄ █▄▀▀ █▄█ █ ▄▀█
█ █   █ █▀▄  ▄▀▄▀█▀█ ▄▄█ ▀▄▄▄▄  ▄▄▀ ▀▀ █▄▀ ▄  █ █▄ ▄▄▄█  ▄█
█ █▄▄▄█ █ ██▀█▄▀  █ ▄▀▄▄█▀▀▀█▀█▀▄▀▀  ▀▄▄█▀ █ ▄█   ▀ █▀ ▄█▀█
█▄▄▄▄▄▄▄█▄███▄████▄██▄█▄█▄██▄████▄██▄█▄█▄▄▄▄▄█▄███████▄▄███

QR saved: C:\Users\Adeel Mehar\OneDrive\Desktop\Abdulbot-main\Abdulbot-main\whatsapp-qr.png
📱 QR Code generated. Please scan with WhatsApp.
QR saved: C:\Users\Adeel Mehar\OneDrive\Desktop\Abdulbot-main\Abdulbot-main\whatsapp-qr.png
📱 QR Code generated. Please scan with WhatsApp.
▄▄▄▄▄▄▄▄▄▄▄▄▄▄▄▄▄▄▄▄▄▄▄▄▄▄▄▄▄▄▄▄▄▄▄▄▄▄▄▄▄▄▄▄▄▄▄▄▄▄▄▄▄▄▄▄▄▄▄
█ ▄▄▄▄▄ █▀ ▄▀▄██  █   ██▄▄ ▄▄   ▀▄█▄▀▀▄ ▀▄▄▄▄▀█▄ ██ ▄▄▄▄▄ █
█ █   █ █▄ ▄ ▄▀▄█▄▄▄▀▄ ▄▄▄██ ██▄ ▄▀ █▄█ █▄▄ ▄▄▀▄ ██ █   █ █
█ █▄▄▄█ █ ▄█▀ ▀▀██ █▀█▄▄▀▄  ▄▄▄  ▄ █ ██ ▀▀▄ ▀▀ ▀▄██ █▄▄▄█ █
█▄▄▄▄▄▄▄█ █▄▀▄█▄▀ ▀ ▀ █ ▀▄█ █▄█ ▀▄█▄█ ▀ ▀▄▀ ▀▄▀▄█ █▄▄▄▄▄▄▄█
█ ▄█ ██▄ █  ▄ ▄▀▄▄▀ █▄  ▄█  ▄ ▄▄██ ▄ ▄▄▄█▄ █ ██▄ ██▄ ▄▀▄▄██
██ ▄ ▀▄▄█▄▄██▀▀███▀▄▄▄  ▄ █▀ ▀ ▀  ▀▀▄ ▀▀▀▀ █▄▀█▄██▄▀▄▀▀██▄█
█▀█▀▀▀▀▄ ▀██▄ ▄██▀█▄▀█ ▀█▄▀█▄▄█▀  ▄ ▄▄ █  ▄▄▄ █ ████▄▄█ █ █
█▄█  ▀▄▄ ▀█▀▄▄▀▀ ▄▀▀▀ ██ ▀▄▄▀▄ ▄██▄▄█▀▀ ▀▄ █▀ ▄▀▀▀█ ▀▄▄▄ ██
█  █  █▄ █▀ ▄██ ▄▄ ▄▄ ▄█▀█▀█  █▄▀▄▀█  ▄ ▄▀██ ▄▄▄▀█▄ ▄█▀   █
███▄ ▀█▄▄  ▀▀▄▀▄█ ▄▄▄▄▄▄ ▄▀█ ▀▄██▀ ▀█ ▄▄▄ ▄▀██▄█▀▄█ ▀ █▄▄▄█
██▄  ▄▀▄██▀██▀███ █  ██ ▄ ▄▀ ▄▄█▄▀██▀ ▄█  ▄▄▄██▄▀██▄ ▄█▄█ █
█▄▀ ▀ ▄▄ ▀▀▄█▄▄██ ▀ ▀ ▄█▀▀▄█▄  ▄▀ █ ▀  ▀▄▀█▄▀▄ ▄▀▄▄█▀▄▀▄▄ █
█▄ ▀▄▀█▄█ ▀█▀▀▀▀▄▀▄ ██ ▄█▄▀   ▀█▄▀██▀▄▀▄▀ ██▄▄█▀▄▄▀▄  ▀█▄▀█
█▄▄▀▀ ▄▄▄ ▀▄ ▀   █▀▀▄▀█▄▀█  ▄▄▄   ▀▄▀▄█ ▄██  ██▄█ ▄▄▄ ▄▄▄▀█
█▀▄ ▀ █▄█ ▄██▄ ▀ ▄▄█▄ ██ ▄▄ █▄█ ▀ ▄▄ ▄▄▀ ▀▀▄█▄ ▄  █▄█ ██▄ █
█▀█▄▄▄▄▄  ▄  ▀▀▄▀█▄▄███▀█ ▄   ▄ ▀▀█▄  ▀█▄██▄▀▄█▀█▄ ▄ ▄▄▄▄ █
█ ▀▀█▄█▄ ▀▄█▀ █▄██▀▄▄▄  ██▀▀██▄▄▄█ ▄█ ▄▄█ ▄▄ █▄▄▄▄▄ ▄▄ █▄██
█▄▀▀▄█ ▄██▀██ ▄▄▄ ▀ ▀▀▀█▄█ █ ▀▀▄▄▄▀ ████ █▀█ █▄▄▀█▀ ▄▄ ██ █
██▄ ▀▀▀▄▄▄▄  ▄▄    ▄▀  ▄ ▄▄█  ███▄▄▀ ▄ █  █▄▄▄▄▀█▄▄█▄▀  █▀█
█▄ ▄▄█ ▄ █▀ ▄  ▄ ▄▄ █ ▀█▀▄▀  ▄▀▄▄█▀█▄█▄▀ ▄▄█ ▀▄▀▄█ ▀███▄ ▄█
██▄▀ █ ▄▀▀▀▀██▄▀██▄▄▀▀ █ █ ▄█▄  ▄  █▄▄▄ ▄█▀▄█▄ █████▄█▄█  █
█▀▄ ▀ ▄▄ ▄██▀     █▄▄▀ █▀ █  ██ █▄▄ ▄ ▄█ ▄██▀ ▄█▀ ▄ █▀▄█▄▄█
█▄  ▄▄█▄██▄▄   ▀█▄▄▄██ █▄▄ ▀ ██▄▄██▄  █▄ ▄██ ▀▄█ ▀██ █▄▄ ▀█
█ ▀ ▀▀▄▄▀▄ ▀█▄▀█▄▀ ▄ █ ▄ █ █▄▄▄▄█▄▄▀█ ▄ ▀ ██ ▀██▀▀█▄▀▄ █▀▄█
███████▄▄  █▄ ▄█▀▀▄▄ ▄▄ ▄▄▀ ▄▄▄ █ █  ▄▀█▄▄▄█ ▄▀▀█ ▄▄▄ ▀ ▀ █
█ ▄▄▄▄▄ █▄▄▄█▀█▀▄▄▄ ▄█▀█ ▄  █▄█  ███▄██▄▄▄  ▀█ █▄ █▄█ ▄▄▀██
█ █   █ █▀█▄ █▄██▀▄▄▀ ▄▀▀ █ ▄   █▄▄▄▄▄█▀ ▀▀▄▀ ▄▄█▄▄   ▄▀▀ █
█ █▄▄▄█ █▀  ▀ ▄ ████▄▄█ █▀█▀▀ █▀▄▄▄▄  ▄▀▄█ █▄▀█▀   ▄▄ █▄█▄█
█▄▄▄▄▄▄▄█▄█▄████▄█▄▄█▄▄▄█▄▄█▄█▄▄▄▄███▄█▄█▄█▄▄█▄▄▄█▄█▄▄▄▄▄██

QR saved: C:\Users\Adeel Mehar\OneDrive\Desktop\Abdulbot-main\Abdulbot-main\whatsapp-qr.png
📱 QR Code generated. Please scan with WhatsApp.
▄▄▄▄▄▄▄▄▄▄▄▄▄▄▄▄▄▄▄▄▄▄▄▄▄▄▄▄▄▄▄▄▄▄▄▄▄▄▄▄▄▄▄▄▄▄▄▄▄▄▄▄▄▄▄▄▄▄▄
█ ▄▄▄▄▄ █▀▄▄   █▀█  ▄██▄█ ▄▀▄█▄▄ █▄▀██ ██▄▄▄▀█▄▄ ██ ▄▄▄▄▄ █
█ █   █ █▀█ ▀▄▀▄██▀ ▄█▄▄  ▀█▄██▄▀▄▀▄  █▄ ▄  ▄▄ ▄ ██ █   █ █
█ █▄▄▄█ █▀█ ▀▄▀▄▄█▀▀▄  ▀▀ █ ▄▄▄ █▄▀█ █▄▀▀▄▄ █▀▀▀▄██ █▄▄▄█ █
█▄▄▄▄▄▄▄█▄▀▄█ █▄▀▄█ ▀ ▀▄█ █ █▄█ ▀▄█ ▀▄▀▄█▄█▄█ ▀▄▀▄█▄▄▄▄▄▄▄█
█▄▄   ▀▄   ▄▄▄▀▀▄█▄▄▄▄█▀▀ ▄  ▄  ▀█▀█▀  ██▀█ ▄██▄  ▄█▄▀▄▀▄██
█▄▀▄▄ ▄▄ ▄  ▀ ▄ ▀▄▀ ▀▀▀    █ ▄▀▄▀▀ ▀▄ ▀ ▄  ▀█▄ ▀ █▄  ▀▀▀▄██
█▄█████▄  █▀▄▄▄▄▄▄▀ ▀▄▀▄▀ ▀▄█▀▀██▀ █ ▄ ▄▀██▀ █▄▄  ▀██▀█ ▄ █
█▀ █▄▄█▄▄ ▀█ █ █▀█▄▄▀▄▄█▀▄▀▄▀█▀ █▀▀  █▄█▀▀ █▄▀ ▀█▄██▀█   ▀█
█▄█▀██▄▄▄ ▀▄█▄▄▀▀▄▄ ▀▄▀█▄▀██▀ █  ▀ █▄▄ █▀▀▀▀▄▀██   ▄▀▀ ▀▄▄█
██▄▄█▀█▄█▄▀ ▄▀▀█▀▄██▀▀ ▄▄  ▄█▄ ▀▄▀█▄█ █▀█ ▄▄█ ▄ █▀█▀█▀  ▄▀█
█ █ ██ ▄██▄  █▀█▄▀  ▄█▀█▀▄▀▀██ ▀▄█▄▄   ▄▀█▀▀▄▀▄█▄▀ █ ▀██▀ █
█ ██▄▀ ▄██▄█▀ ▀▀▄ ▄▄▄█ ▀▀█▀ █▄█▄▄█▄ ▄ ▀   ▄▄  ▄█▄ █▄▀▄█▀▀██
████▄▄█▄  █▄▄█▄▄▄▄▄▄█▄▀█▄▀▀▀▀▀▀ ▄ ▄  ▄▀▄▀▀▄ ███▄▀▀▀█▀▀▄▀▄▄█
█▀▀▀█ ▄▄▄ ▄▄ ██  ▄▄█ ▀▄██▀▄ ▄▄▄ ▄▄▄███▀█▀▀▄▀▀ ██  ▄▄▄ ▀ ▄▀█
██ █▀ █▄█ █▀ ▀▄ ▄█▄▀▀▄▄█▀▀▀ █▄█ ▄█▄█▀▄▀█▀██▀▄██▄▄ █▄█  ▀▄ █
██▄▄█▄▄▄  ▀█▀▄   █▄█ █▄▄█▀█  ▄    █ █  ▀▀█ ▀█ ▄ █▄ ▄ ▄  █▀█
██▄▄█▀ ▄▄▄█▄ ▄ ▀██▄▄▀▄█▀▀ ▄▄▀▄▀ █▀▀█ ▄▀██▀▄  █▄██▄▄▀▀▄ ▄▀▄█
█▄▀▀▀ █▄█   █ ▄█▄▄▄▄ ▄██▄▄ █▀▄▀ ██▄▄▀▄▀▀ ▄▄▀▄▄ ▀█▄▄██▄▄▀ ██
█▄█▀▀██▄▄▄▄█▀ ▀▄▀█▄▄▀▀▀█▄ ▄█▀██▄▄██▄▄▄▄███▀ ▄████▀ ▄▀▄▄▀▄▀█
█▄██▀▀█▄▄▄█▄ ▄▀█▀█▄ ▀ ▄ ▄ █▄▀█ ▄ █▀▄▄▄  █ ▀▀ █▄██▄ █▀▀▄ ▄▄█
█▄▄▄▀▀▀▄█▄█▄ ▀ ▀██  ▄▄▀█▀ █▀▄█ █▀█▀█▄▄ █▄▀   ▀█▄█▀  ▄▄ ▀███
█▄▀▄▄▄ ▄ ███▄▄▄▄ █▀ ▄█▀  ▀█▀▄ ▄ █▀▀█ ▄▀██ ██▀ ▄▄▄▄▄█▄█▀ ▄▀█
█▀ ▄▀▀ ▄▀▄██▄  ███▀  █▀▄ ▀██▄▄▀ ▄█▀█   ▄▄▀▄ ██ █▀▄██████▄██
█ ▀ ▀▀▄▄ ▀▄  ██▄█▄▀ ▄   ▀▀▀▄█▄▄▄▀ █ ▀█▀▄▀▀ ▀█ ▀▄▄▄▄█▄▄▀▀▄▀█
███████▄█   ▄ ▀ ▄█▀▄▀██▀▀▀  ▄▄▄  █▄█ ▄▄███ ▀ ▀██▀ ▄▄▄ ▀   █
█ ▄▄▄▄▄ █▄ ▀▀ █▀ ██▀█▀▄▀▄█▄ █▄█ ▀▀ ▄ ██ ▀█ ▄█▀ ▀█ █▄█   ███
█ █   █ █ ▄▀▄█  ▄▀ ▄▄█ ▀▀▄▄▄ ▄ ▄▄▀▄█ ▄▀██▀  ▄█▄▄█   ▄ ▀ ▄██
█ █▄▄▄█ █ █▀▄ ▄▀▄ ▄ ▄█ ▀▀█▄█▀█▀███▄   ▀█ ▀▄ ██ ▄   ███ ▀███
█▄▄▄▄▄▄▄█▄███▄▄▄█▄▄▄████▄█▄█▄▄█▄▄▄▄▄▄▄█▄▄█▄▄▄█▄▄█▄▄▄██▄▄▄██

QR saved: C:\Users\Adeel Mehar\OneDrive\Desktop\Abdulbot-main\Abdulbot-main\whatsapp-qr.png
📱 QR Code generated. Please scan with WhatsApp.
▄▄▄▄▄▄▄▄▄▄▄▄▄▄▄▄▄▄▄▄▄▄▄▄▄▄▄▄▄▄▄▄▄▄▄▄▄▄▄▄▄▄▄▄▄▄▄▄▄▄▄▄▄▄▄▄▄▄▄
█ ▄▄▄▄▄ █▄▀▀█▄█▄█▀▄▀ █▀▀   █▀▄█ ███▀▀ ▄█ ▄█  ▀ ▄ ██ ▄▄▄▄▄ █
█ █   █ █ █▄▄▄ █▄▄  ███▄ ▀ █ █▄ ▀█ ▀  ▀█▄▄▀▄▀▄▀▄ ██ █   █ █
█ █▄▄▄█ █▄ █▄▀▀ ▀▀▄▄ ▀█▄ █▀ ▄▄▄ ▄█ ▀▀██ ▄▄██▀ ▄▀▄██ █▄▄▄█ █
█▄▄▄▄▄▄▄█▄█▄█ █ █▄▀▄▀▄▀ ▀▄█ █▄█ ▀ ▀ █ █ █ ▀ █ █▄█ █▄▄▄▄▄▄▄█
█  ▄▄▀▀▄█  █▀ █▀ █ ██▄ ▄█ █▄▄▄   █ ▄▀▀▀█ ▄▀ ▀▀█▄▀▀ █▀▄▄ ▀ █
██ █ ▄▄▄▀▄▀ ▄▀ ▀▀▀ ██ ▄▄  ▄███  ▀ █▀▄▀▀▀▄▀ ▄▀▄█▄▄▀▀█ ▀ ▄▄▄█
██▀▄▀▄ ▄▄ ▀▄▀▀▄ █▄█▄█ █▄███ ███▀▄█▀▄▄▄▀▀█▀ █▄▀ █ █  ▀▀█▄▀██
█ ▄   ▀▄██▄ █▄▀▄██▄█▄▀█▄▄  █ ▄▀▀ ▀▄▀▄▀▀▀▄ ▄ ▄▀ ▄█ █ ▀ ▀ ▄▀█
██▄█ █ ▄▀█ ▄ ▀▄▄  ▀▀ █▄█▀▄▀▄▄▄▀▄█ ▄ █▀██ ▀ █  █ ▀▄██ █▀█▄▄█
█ ▄▄  ▀▄█▀▀  ▄▀▀ █▄▀▄▀█▀▄▄▄▀▀ ▀▀▀██▄  ▀ █▄   █▀ █  ▀  ▄█▄▀█
█ ▄█▄▀ ▄██▀ ▀▀ ██ ▄███▄▄▀█▀ ▀▄▄▀█▀█▄ █ ▄ ▄▀▀█▀█▄▄  ██ ▄   █
█▀  ▀  ▄▄▀█▄  █ ▀▄▀█ ▄ ▄  █▀▀▄▀▄ ▄ ▄█▄▀▀▀▄▀▄▀▄ ▀█▄█ ▄▄█▄█▄█
█▀▄ ▄▄▄▄█ ▀▄▄▀▄█ █ ▄█  ▀█▄██▄▀██▄▄    █  █ ▄▄█ ▄▄█▄▀▀▀ █▄▄█
██▀▀▄ ▄▄▄  ▀▄▄▀█▀ ▄▄▀▀█▄█▄▀ ▄▄▄ █ ▀▄▀ ▀▄█▄   ▀██  ▄▄▄ ▀▀█▀█
█ ▀▄  █▄█ █▄██   ▀█▄ █▀▀ ██ █▄█  ▄  ██▀▄ █▀█    █ █▄█ ▄█  █
█ █▀  ▄▄  ▄▄▀▀▄▀█▀▀█▄▄▄ █ █ ▄▄ ▄▄▀ ▀ █ ▄▄█▄▄ ▀▄▀▄▄▄▄ ▄█▄ ▀█
██ ▄▀█▄▄▄  ▀ ▀ █ █▄█▀█▄▄ ▀█▀ █▀▀▀▀ ▄▄█▄▄▄   ▀█▄▄▀▀ ▄█▄█  ▀█
█▄▄▀▄ ▀▄█▄▄█▀  ▄▀█▀ ▄█▄▀█▄ ███ ██▀█▄▄█▄▀▄█ ▄ ▄█▀ ▀  █▄▀█▀▄█
█▄█▀▄ █▄▀▄▄██▄▀▀██ ▄▀███ ▄▄▄███ ▄█▀█▄  ▀████ █▀█▀▀█  █▄██▄█
█▄ █▀▀ ▄█▄██▀▀██ ▄ ▄  ▄▄▄▀█▀ ▄▄▀▀█▀▄█ ▄▀█▄█▀▀▀█▄ ▄▀▀█▄▀▀█▄█
█ ▀▀▀█▄▄▄▀ ▀█  █ ▀ ▀ █ █ ▄▀ ▀ ▄▄█▄▄▀█▀█▄ ▀ ▄▀ ▀▀  ▀█▀ ▀█▀ █
█  ▀▀▀ ▄▀█▀██▀▀ █▄█▄███ ▀███▄█▄ ██▀▀▀ █▀▄▀▀▀▄▀ ██  ▀█▀ ▄ ▀█
███▄█▄█▄▄█▄██▄█▄▄█▀▀▄▄ █▀ ▄ ▄▄▀▀█▀██▄▀▀▄▄  ▀█▀▀█▀█▀  █▄▄▄▄█
█ ▀ ▀▀▄▄▄▀▀▄█████▀██▀ ▀▀▀▄ ███▀▀▀  ▄ ▄▀▄▀█▄▀█  ▄  ▄ ███▄  █
███████▄▄▀▀▄▀▀▄▀ ▄▄▄ ▀▀▀██▀ ▄▄▄  ▀ █▄▄▀▀ ██▄ ███▀ ▄▄▄ ▄█▀▄█
█ ▄▄▄▄▄ ██▄ ▄  █▀█▀ ▄  ▀█▄▄ █▄█ ▀▀▄▀█▄▀██▄▀█ ▀▄▀  █▄█ █ █▀█
█ █   █ █▀▄  █▀▄▀█▀█ ▄▄█ ▀▄▄ ▄  ▄▄▀ ▄█ █ █ ▄█ █ ▄▄ ▄ ▄█ ▀██
█ █▄▄▄█ █ ▀▀ ▄▀▄  █ ▄▀▄▄█▀▀▀▄██▀█ ▀ ▀▀▄▄▄▀ █▀██   ▀ ▀▀ ▄█▀█
█▄▄▄▄▄▄▄█▄▄▄▄█▄███▄██▄█▄█▄███████▄██▄█▄█▄▄▄▄▄█▄█████▄▄▄▄███

QR saved: C:\Users\Adeel Mehar\OneDrive\Desktop\Abdulbot-main\Abdulbot-main\whatsapp-qr.png
📱 QR Code generated. Please scan with WhatsApp.
▄▄▄▄▄▄▄▄▄▄▄▄▄▄▄▄▄▄▄▄▄▄▄▄▄▄▄▄▄▄▄▄▄▄▄▄▄▄▄▄▄▄▄▄▄▄▄▄▄▄▄▄▄▄▄▄▄▄▄
█ ▄▄▄▄▄ █ ▄▀█ ▀  ▀ █ ▄▀ ▄▄█  █▄▄▄ ▄█▄▀█ ▄█▄▄██▀▄ ██ ▄▄▄▄▄ █
█ █   █ █ ▀ ▄██▄▄▀▄██▄▀ ▄▄▀█▀▀██▀█ ▄▄▄▀  ▀▄▀ ▄ ▄ ██ █   █ █
█ █▄▄▄█ █▀ ▀█▄▀▀▀█ ▀▀█ ▄▀   ▄▄▄ ▄▀▄█▀▀█ ▄█▄▄█ ▄▀▄██ █▄▄▄█ █
█▄▄▄▄▄▄▄█▄▀▄▀▄█▄▀ ▀ ▀ █ ▀▄█ █▄█ ▀▄█▄█ ▀ ▀▄▀ ▀▄▀▄█ █▄▄▄▄▄▄▄█
█▄▄▀█ ▄▄█▀ ▄█▀█▄ █▄▄▄▀▄▀▀▀█     ▄ ▄██ █▀▀██▀▀ ▀█▀ █▀▄▀▄ ▄ █
█▄█▀▀█▀▄ ██▄▀ ▄ ▄ ▄█▀▀▀█▀▀██▀▄█ ██▄ ▀▀▄  ▄▀▄▀▄ █ ▄▀▄█▄▄▄ ▀█
██ ▄█▄█▄██ ▄ ▄▀▀▀▄▀ ▄▀▄▄▀ █▀▄█▀██▄▀█  █▀▄█▀ ▀▄ █▀  ▀▄▀▀  ▄█
█▀▀███▄▄█▀▄█▄██▀▀ ▀██ ▄    ▄▀  ▀▀█▄▀█ ▄█  ▄██ ██▀█▀   ▄█▄██
█▀▄▄█ █▄ ██ ▄▀█ █▄ ▄█▀ ▀ ▀▀█▄  ▀▀▄▄█▄▄█  ▀  ▀▄ █▀▀▄  █▀▄  █
█▄▀▄█▀ ▄▄▀▀▀ █▀█▄▀██▀ █▄ █▀▄▀▀█▄▀ ▀▀█▀██▄▄▄▀  ▄▄ ███  ▄█ ██
█▄▄█▄▄▀▄▄ █▄ █▄ ▀▀ ▄▀ ▀▀▀▄█▄▄█▀▀█▄▀▄  █ ▄▀▀   ▀█▄▀█▀▄█  ▄██
██▄█ ▀▀▄▀▄█ ▀▀ ▀▄█▄▀▄██ ▄ ▀ ████▄█▄█▄▀█▄▄█ ██ ▀▀▄█▀ ▄▀▄█▀██
█ ██  ▀▄ █   ▀▀  ▄ ▄ ▀▄▀▀   ▄██▀▀█▀ █ ▄ ██▀▀▀ ▀▄▀ █▀▄▀█▀▀██
██ ▀  ▄▄▄ ██▀ ▄▄▀▀▀  ▀▄ ▀▄▀ ▄▄▄ ▄ ▄ ▀██▄█▀▀█▄█  █ ▄▄▄ ▄█ ▀█
██▄▄▄ █▄█ ▀██ █ ▄▄▄▀▄ ▀█  ▄ █▄█ ▀ ▀▄  ▄ ▄▀ ▀█▄ █▄ █▄█   ▄ █
███▀█▄▄▄▄ █ ▀ ▀█ ████▄█ ▄▀█▄  ▄ ▀ █▄█▀█▄█▀ ▀██ █▄     ██▄▀█
█▄█  █ ▄ ▄ ▄▄▄▄▀▀█ ▄▄▀▄█▄▀ ▄ █▀ █ ▄██▄▀ ▄▀  █▄ ▄█▀██▄▄█ ▀ █
█▀▀ ▀ █▄▀▀   ▀▀▀█▀▄▀█▄  ▀▀█ ▄▀▄█▀▀ █▄▄  ▀ █▄██▄▀▄▄▄█ ▀█▄ ▀█
█▀▄▄█▄█▄▀  ██ ▀▄▄█▄ ▄▄▄▀▄ ▀▀▄█▄▄▄  ▄ ▄█▀▄▀▀ ▀  ▄▀ ▀▀ ▄▄▄ ██
██▄▄█▀ ▄▄█   ▄█▄▀ ▄▀▀  ▀▀██ ▀ ██▀▄ ▀██ ▀  ▄▄█ ██▄▄▄▀▄▀██▄▄█
█▀▄▀▄▄█▄▀▀█▄█▄▀█▀█▄ ▀▀▄█ ▀ ▄▀▄ ▄▄ ▄█▄ ▄  █▀ █▄▄██▀▀▄ █ ▀  █
█ ▄▀ █▀▄ ██▀▄▀ ▀▀ ▄█▄ ▀█ ▀█▀▀█▄▀██▀▄█▀▄▄▀▄  ▀▀██▄▄▄▀▄▀█▄▄██
█ ▀  █▀▄▀█▀▀█▄▄▄▀█▀ ▄ ▄▄▀ ▀ ▄▄  █ ▀██▄▄▀▄█  ▀▄ ▄▀▄ █▀█▀▄▀▄█
█ ▀ ▀▀▄▄▀█▀▄ █▄ █▄█▀█  ▄█▄▄▀█▀▀█ ▀▄█ █▄█ ████   ▄▀▄█ ▄▄█▄▀█
███████▄▄▀▄  ▄▀▀▄▄▀▄▀▀▄▀▀ ▄ ▄▄▄  ▄▀█ ▄▄▀▄█  ▀▄ █▀ ▄▄▄ ██  █
█ ▄▄▄▄▄ █▀█ █ ▀▀▄ ▄▀▄  ▀▄▄▄ █▄█  ▀▄▀▀█ ▄▀  ▀█▀  ▀ █▄█ ▄█▄▀█
█ █   █ █▄▀▄▀▀▄█▀▀▄ ▀  ▀▀▄█  ▄ ▄█  ▄▄▄█▀ █▀ ▀▄ ▄▄ ▄  ▄▄█ ▀█
█ █▄▄▄█ █▀█▀ █  ▄█▄▄▄█▄ ▄ █ ▀▄▄ ▄▄█▄  ▄ ▄█▀▄▄ ▄▀▀▀ ██▄▄████
█▄▄▄▄▄▄▄█▄▄██▄▄▄▄▄█▄▄█▄█▄▄█▄███▄███▄▄▄▄███▄▄█▄▄████▄█▄█▄█▄█

QR saved: C:\Users\Adeel Mehar\OneDrive\Desktop\Abdulbot-main\Abdulbot-main\whatsapp-qr.png
📱 QR Code generated. Please scan with WhatsApp.
▄▄▄▄▄▄▄▄▄▄▄▄▄▄▄▄▄▄▄▄▄▄▄▄▄▄▄▄▄▄▄▄▄▄▄▄▄▄▄▄▄▄▄▄▄▄▄▄▄▄▄▄▄▄▄▄▄▄▄
█ ▄▄▄▄▄ █▀  ▀▄█  ███▄█▄▀▄▄ ▀ ▄  ▄▄▀███▄█▄█▄ ▀█▄▄ ██ ▄▄▄▄▄ █
█ █   █ █▀█▄█ █▄█▄▀▀▄▄█▄▀▀▀█▄█▄▀▄▄██ ▀ █▄█▀▄▀█ ▄ ██ █   █ █
█ █▄▄▄█ █▀███▀ ▄▄█▀▀▄ ▄█▀ █ ▄▄▄ █▀ ▀█▄▄▀▀█▄ ▄█▀▀▄██ █▄▄▄█ █
█▄▄▄▄▄▄▄█▄█ ▀▄▀ ▀▄▀ ▀ █▄█ █ █▄█ ▀▄█ ▀▄▀▄█▄▀ ▀ ▀ ▀▄█▄▄▄▄▄▄▄█
█▄ ▄  █▄▄▄ ▄▄▄ █▄█▄▄ ▄██▄▀ ▄  ▄ ▀█▀█▀ ▄▄██ ▀ ▀█▄▄▀ █ ▀▄▀▄██
█▀▄ █▄▄▄ ▄▀█  ▄  ▀▀ ▀▀▀ ▄▀ ▄   ███▄██▄▄▄█▀ █▀█▀▄▀██▀▀▄▀▀ ██
█▄ █▄ ▀▄▄█▀ ▀ ▄▄██▀ ▀▄▀▄▀ ▄ ██▀█▄█▄█   █ █ ▀ ███▀▀██▀██ ███
█  ▀▀ ▄▄▄█▀██▄▀█  █▄█▀▄▀  ▀▄▀██ ▄█▀█ ▄▀█▄▄▄▀▀ ▀█▀▄ ▄ ▀▀▀▄▀█
█▀ ▀▀▀▀▄  ▄  ▄▄▀▄█▄ ▀▄▀█▀▀ █▀  ▀ ▀▀█ ▄▀█▀█▀▀ ▀▄▄▀▀▀▄█▀ █▀▀█
█  ▀ ▀▀▄█ ▄▀ ▄▀██▄██ ▄███▄ ▄█ ▀▀▀▄█ ▀██▄▄▀▀▄▀ ▄▀▀█▄ ▄█▀▀▄▀█
█▄▄▀▄█▄▄▀█ █▀▄▀█▄▀▀▄▄█▀█▀▄  ██▀▀ ██▄█▄▀▄▄█ ▀ █▄█▄▀ ▄██▄▄  █
█  ▀▄▄▀▄▀▄▀▄▄███▄ ▀█▄██▀▀█▀ ▄██▄█▄▄▀█ █▄█ █ ▀▀▀█ ▀█▄  ▀ ▀██
█▀█▄ █▀▄  ▄▄▀█▄ ▄█▄▄█▄█▀▀▀████  ▄ ▄    ▄▀▀ ▀ ▀▀▄▀ ▄█▀▀▄ ▄ █
█▀▄▀  ▄▄▄ █ █▀▀▄ █▄█ ▀▄█▄▄▀ ▄▄▄ ▄▄ █▀▄▄ █▀▀▀ ▀█▄█ ▄▄▄ ▀  ██
█ █ █ █▄█   ▀█▄▄▄█▄▀ █▄█▀ ▀ █▄█  █▄██▄ ▄▄█   ▀ ▄▀ █▄█ ▄█▀ █
██▀ █▄▄▄  ██▀▀██▄█▀▄█▀▄▄██  ▄▄▄▄█▄▄▀████▄▀█▀▄█  ▀▄▄  ▄  ▀▀█
█▄█   ▀▄█▀ ██ ▀ ▄▄▄  ▄██▄▀██▀▄▀  █▀█ ▄ █▄█ ▀▄█▄██▀▄██▄▄ ▄██
██ ▄█▀▄▄▀█▄  ▀▀▄█ ▀   ▄ █▀▄▀▄▄▀ ██ ▄▀█▄▀▀█▄▄▄▀▄▄█▄ ██▄ ▀ ▀█
█▀██▄ ▀▄ ▀▀█▀██▄▀█▄▄▀▀▀█▄ █▄▀█ ▄ ▀▄▄  ▀███▀▀▄█▄█▀▄▀▄██▀▀█▀█
█▄▀▄ ▀▄▄▀█▀▄▀▄▀ ▀█▀▀▀ ▄▀▄ █▄▀█▄▄▀█ ▄█▀▀▄█▀  █▄ ▄▀██▀ ▄▀▀▄▄█
█ ██▄▀ ▄▀  ▄▄▀ ▄█▄▄ ▄▄▀█ ▀█▀▄█▄▀▀█▀█   █▀▀▀▀ █ █▀█▀█▀▄▄▀▀██
█ ▄▀▀▀ ▄ ██▄ ▀██ ▄▀ ▄▄▀ ▄ █▀▄▄▄ ▀█▀▀▀▀   ▀█▄ ▄█ ██▄█▄▄ ▀▄██
██▀█▀ ▄▄▀ ▀▀▄▀▀▀▀▄▀ ▀█▀▄▀▀█▄█▄██ ▀██ ▄█▄█▀▀▀ ██▄▀▀  ▄█▀▀▀ █
█ ▀ ▀▀▄▄  ▄ ██▄▄ ▄▀██▄██▀ ▄ ▄▄ ▄▄█▄ █ ▄▄ ▄█    ▀ █▄█▄█▄▀▀▀█
███████▄▄▀▀▄▀▄ ▄ ▄▄▄▀█▀█  ▄ ▄▄▄ ▄▀▄█   ▄██  ▄▀█▄▀ ▄▄▄ ▄█▀██
█ ▄▄▄▄▄ █▄ ▀▀▄▀█▀ █▀█  ▀█ █ █▄█ ▀▀ ▀██▀ ▄█▀ █▄██▄ █▄█ ▄▀ ▀█
█ █   █ █ ▀██ ▄▀▄▀ ▄▄█▀█▀▄▄    ▄▀▀▄█ ▄ █▀▀▄▀ █▄▄█▄▄   ▄▀▄▄█
█ █▄▄▄█ █ ▄███ ▀▄ ▄█▄█▀▀▀██▀▀█▀██▄▄ █▄▄▄▀▀████ ▄ ▄ ███▄▀███
█▄▄▄▄▄▄▄█▄▄█▄█▄▄██▄▄▄▄████▄████▄▄▄▄▄▄▄▄███▄█▄█▄▄▄██▄█▄▄█▄██

QR saved: C:\Users\Adeel Mehar\OneDrive\Desktop\Abdulbot-main\Abdulbot-main\whatsapp-qr.png
📱 QR Code generated. Please scan with WhatsApp.
▄▄▄▄▄▄▄▄▄▄▄▄▄▄▄▄▄▄▄▄▄▄▄▄▄▄▄▄▄▄▄▄▄▄▄▄▄▄▄▄▄▄▄▄▄▄▄▄▄▄▄▄▄▄▄▄▄▄▄
█ ▄▄▄▄▄ █▀█▀▄▄ ▄▄▄▄█▄▄█▀▄ ▄ █    ▄█▄▄█▄▄▀█▄▄ ▄█▄ ██ ▄▄▄▄▄ █
█ █   █ █▄▄▀▄▄█▄▄▄▄▄ ███▄▄███▄  █▄ █ █▀▄▀██▄█▄▀▄ ██ █   █ █
█ █▄▄▄█ █  ▄ ▄▄▀██▀█▀█▀▀▀▄  ▄▄▄ █▀ ██▀▀▄█▄▄▄▀  ▀▄██ █▄▄▄█ █
█▄▄▄▄▄▄▄█ ▀▄▀▄█▄▀ ▀▄▀ ▀ ▀▄█ █▄█ ▀▄█▄█ ▀▄█ ▀ █ ▀ █ █▄▄▄▄▄▄▄█
█  ▀ ▀█▄ ▀▀▄▄▀█▀█▄▀  ▄▄ ▄▄   ▄▄▄██ ▄▄▄▄█▄  ▄ █▄█▄▄█▄▄▄▀▄ ██
█ ▄▀█ █▄ ▄▀ █ ▀█ ▄▀▄▄▄   ▄█▀▀▄▀ ▄▄█▀▄▄▄██ ▄▀ ▀▀▀▄  ▄█ ▀█▀ █
█ █▄▄ ▀▄█ ██  ▄██▀█▄▀█ ▀█▄▀▄  █▀█ ▄▀▄  █   ▄ ▄▄ ▄█▀▄▄▄█ ▄▀█
█▄█▄▀█ ▄   ▄█▀▄█ ▄▄▄█▄▀█▄ █▄▀█▄▄▀▀ █▀▀▀█  ▄█ █▀▀ ▄▀█ ███▄▀█
█  ▀▀█▄▄▀█ ▄█ ▀▄ ▄ ▄█▀▄▀ ▄     ▄█▄▀█  ▀  ▀▀▄▀▄█▄ ▄█▀ ▀▀▄▀██
█▀ ▀█▄▀▄██ █ █▀▄ ▄▀▀ ▀▀▀▄▄ █▄▀▄▄▄ ▄▀▄ ▄▀▀ ▀▀▀ ▄█▀██ ▄▄▄▄▀▄█
█ ▀ ▄  ▄▀██▀█ ███ █▄ █ ▄▄ █▀▄▄██ ███▀▄▄▄  ▄█▀▀█▄▀█▀█▀  ▀█ █
█▄  █  ▄▄ ▄ ▀ █ █ ▄ ▀ ▀▀▀▀▄█▄▄█  ▀█ ▄▄▄█  ▄ ▄▄██▄▄██▄ ██▄ █
█▀█▄█▄ ▄█▀ █ ▀▀ █▀  ██   █▀▄ ▄█▄▄▀██▄ ▀█ ▄ ▄█▄▄▀ █▀▄█  █▄██
███▀▄ ▄▄▄   ▄▄▄▄▀█▀▀▄▀█▄ █▀ ▄▄▄  ▄▀▄ ▀██  █▀█   ▀ ▄▄▄ ▄▄ ▀█
█▀█▄▀ █▄█ ▄█ █ ▀██▄█▄▀██▀█▄ █▄█ ▀ ▄▄▀ █▀ █ █▀ ▀▄█ █▄█ ▀ ▀██
█ ▄ ▄ ▄▄▄   █  ▀▀ ██ ▄█ ▀██   ▄▄ ▀███▄▀█▄▄█▄█▀▄▀▄▄▄▄▄ █▄█ █
█▀ ▄▄ █▄▄█▄██ ▄▀▄▄▀▄██▄ ██ ▄█▄▄▄▀▀ ▄█▄██  ▄█▄▀▄▄ █ ▀█▄▄ ▀▄█
█ ▄█▀ █▄▀▀▀ █▄▀  ▄▄ ▄▀▄█▀▄█ ▀▄▀▄  █▄▄▄▄█▀███▄ ▀▀▄ ▀ ▄ ▄█▀▄█
█ ▀   ▀▄▄██ ▀█▀█    ▀    ▄▄▄  ▀█▄ ▄▀▄▄▄▄  █▄▄▄▄ ▀█ █ ▀ █▄▀█
█ ▀█   ▄ ▄ ▄▄▀█  ▄▀▄█ █▀▀▄▀▄ ▄▀ ██ █▀ ▄ █▀▄██▄█▄  ▄█  ▀▄ ▄█
█ ▀▀ ▀▄▄ ▀█▄█▀  ▄█ ▄▀▀ █▀▄ ▄██ ▀▄  █▄ █ █▀ ▄█▄▄▄██ ▀█▄▄█  █
█ ▀███▄▄ ▄▀▀▄█▀▄▀ █▄▄▄ █▄██ ██ ▄█   ▄ █ ▄█▀▀▀▀▀█   ▄█ ▄▄▄ █
██▄▄▄▄▄▄▀█▀█▀▄█ ▄▄▄▄▄█ ███ ███▄▄ ████▄ ██ ▄█▀█▄▄ ▄▀▄▄█ ▄ ██
█ ▀ ▀▀▄▄█▀█  ▀ ▀▄▄ █▀█ ▀▀███▄▄▄ ▄██ █▀ █▄▀▄▄▄█▀▄  █ ▄█ █▀▄█
███████▄█ ▀█ ▄▀▀█▀ ▄▀█  █▄  ▄▄▄  ▄█  ▄▀██▄▄▄▄ ▄▀▀ ▄▄▄ ▄▄▄▀█
█ ▄▄▄▄▄ █▄▀ ▄▄▀▀ ▄ ████ ▄█  █▄█ █▀▀█▀    ▄▄ █ ▀▀▀ █▄█ █▄▄▀█
█ █   █ █▀█▀  ███▀  ▀ ▀▀▀ ▀  ▄  █ ██  ▄ ▄▀ ▄▀▄█▄█▄▄▄  ▀▄  █
█ █▄▄▄█ █▀▀ ▀█▄ ██ ▄▄▄▀▄█▀▄▄▄▄█▀██████▀▄ ▄ ▄██▀▀▄▄ ▄█ ▄██▄█
█▄▄▄▄▄▄▄█▄▄███▄█▄██▄██▄▄██▄██▄▄▄▄▄███▄█▄█▄█▄▄███▄▄▄▄█▄█▄▄██

▄▄▄▄▄▄▄▄▄▄▄▄▄▄▄▄▄▄▄▄▄▄▄▄▄▄▄▄▄▄▄▄▄▄▄▄▄▄▄▄▄▄▄▄▄▄▄▄▄▄▄▄▄▄▄▄▄▄▄
█ ▄▄▄▄▄ █▄▀▀█▄▄▄█▀▄  ▀ ▀▄  █▀▄█ ██▀█ ▄▀█▀▄█ ▄█ ▄ ██ ▄▄▄▄▄ █
█ █   █ █ █▄ ▄ ███  █▄█▄   █ █▄  █ ▀ ▀▀███▀▄ ▄▀▄ ██ █   █ █
█ █▄▄▄█ █▄ █▄ ▀ ▀▀▄▄ ▀█▄ █▀ ▄▄▄ ▄  ▀ ▄█ ▄███  ▄▀▄██ █▄▄▄█ █
█▄▄▄▄▄▄▄█▄▀ █ █ █▄▀▄▀▄▀ ▀▄█ █▄█ ▀ ▀ █ █ █ ▀ █ █▄█ █▄▄▄▄▄▄▄█
█  ▄▄▀█▄▀▄▀▀▄▄█▀ █ ██▄ ▄█ ▀ ▄▄   █ ▄▀▀▀█ ▄▀ ▀▀█▄▀▀ █▀▄▄ ▀ █
██ █ ▄▄▄   ▀▀▀ ▀▀▀ ██ ▄▄  ▄██▀  ▀ ▀▀▄▀██▄▀  ▀▄█  █▀▄ █ ▄▄▄█
██▀█▄▄ ▄▀▄▀ ▀▀▄ █▄█▄█ █▄███▀█▀█▀▄█ ▄▄▄▀ █▀ █▄▀▀▄▄█  ▀▀▀▄▀██
█▄ ▄▀ ▀▄██▄ █▄▀▄███▄▄▀██▄  █ █▀█ ▀ █ █ █▄   ▄▀▀▀▄▄█ ▀ ▀▀▄▀█
██ ▀██ ▄▀█ ▄ ▀▄▄▀▀▀███ █ █▀▄▄▄ ██ ▄▀██ ▄▀█ ▄▄  ▀▀▄██ █ █▄ █
█▄█▀█▄█▄█▀▀  ▄▀▀▄█▄▀███▀▀▀▄▀▀ ▀▀█▀█▄▄▄  ▀▀  ▀▄ ▀█  ▀  ▄██▀█
█  █▄▄▄▄██▀  █ ██ ▄███▄▄▀█▀ ▀▄▄▀█▀█▄ ▀ ▄  ▀▀█▀█▄▄  ▄█ ▄   █
█▀  ▀▄█▄ ▀ ▀ █▄▄▀▄▀█ ▄ ▄  █▀▀▄▀▄▀▄ ▄█▄▀▀▀▄▀▄▀█ ▀█▄██  █▄█▄█
█▀▄ ▄▄▀▄  ▄▄ ▄▀▀ █ ▄█  ▀█▄▀▀▄▀██▄▄    █  █ ▄▄█ ▄██▀ █▀ █▄▄█
██▀▀▄ ▄▄▄ ▀▀▄▄▄▀▀ ▄▄▀▀█▄█▄▀ ▄▄▄ █ ▀ ▀ █ █▄   ▀█▀▀ ▄▄▄ ▀▀█▀█
█ ▀▀▀ █▄█ ▀ ██▄█ ▀█▄ █▀▀ █▀ █▄█  ▄█▀██▄▄ █ ▄  ▀ █ █▄█ ▀▀  █
██▄██▄▄▄ ▄▄▄▀▀▄▀█▀▀█▄▄▄ █ ▄ ▄▄ ▄▄▀▀ ▄▀██▄█ █▄█▀▀▀ ▄▄▄▄▄▄ ▀█
█  ▀▄█▄▄█▄ ▀ ▀ █▄▄▀█▀▄▄   █▀█▄▀▀▀▀ ▄▀▀▄█▄▄▀ █▀███  ▄▄▄█▀ ▀█
█ ▄ ▀ ▀▄█▄▄█▀  ▄▄ ▀ ▄▀▄▀█  █▄  █▀▀█▄▄▄▄▀██▀█▄ █  ▀   █▀█▄▄█
█▄▀▀▄ █▄▀▄▄█ █▀▀██ ▄▀███ ▄▄▄██▄▀▄▀▀█   ▀▀███ ▀▀█▀▀█  █▄█▄██
█▄ █▀▀ ▄█▄▀▄▀▀▀▀ ▄ ▄  ▄▄▄▀█▀ ▄▄▀▀▄▀▄█ ▄▀███▀  █▄ ▄▀▀█▄▀▀█▄█
█ ▀▀▀█▀▄▄▀ ▀▄▀▄▄ ▀ ▀ █ █ ▄▀ ▀ ▄▄█▄▄▀█▀█▄ ▀ ▄▀ ▀▀  ▄▄▀ ██▀ █
█  ▀▀█▄▄▀█▄ █▀▀ █▄█▄███ ▀█▀█▄█▄ ████▀ █▀▄▀██▄▀▄▀▀▀███▀█▄ ▀█
████▀  ▄▄ ▄▄█▄▀█▄█▀▀▄▄ █▀ █ ▄▄▀▀█▀▀▄▄▀ ▄▄   █▀ ▄▀▄ █▄███▄▄█
█ ▀ ▀▀▄▄█▀▀▄█████▀▄█▀ █▄▀▄ ███▀▀▀  ▄▄ ▀█▀▀█▄▀▄ ▄█ ▀ ▀  ▄  █
███████▄█▀▀▄▀▀▄▀▀█  █ █▀█▄▀ ▄▄▄  ▀ █ ▄▄▀▀█▄▄▄▀ ▄█ ▄▄▄ ▄██▄█
█ ▄▄▄▄▄ ██▄ ▄  ██▀▀ ▀▄ ▀▄ ▄ █▄█ █▀▄▀▄▀▀▄▀▀ ▄  ▄▀  █▄█ █ ▀██
█ █   █ █▀▄ ▄█▀▄▀█▀█ ▄▄█ ▀▄▄ ▄  ▄▄▀ ██ █▄█ ▄ ▄█ █▄ ▄▄▄█ ▀▄█
█ █▄▄▄█ █ ▀▀ ▄▄   █ ▄▀▄▄█▀▀▀▀▀█▀█▀▀ ▀▀▄▄█▀ █▀▄█   ▀ ▀█ ▄█▀█
█▄▄▄▄▄▄▄█▄▄▄▄█▄▄██▄██▄█▄█▄███████▄██▄█▄█▄▄▄▄▄█▄█████▄█▄▄███

QR saved: C:\Users\Adeel Mehar\OneDrive\Desktop\Abdulbot-main\Abdulbot-main\whatsapp-qr.png
📱 QR Code generated. Please scan with WhatsApp.
QR saved: C:\Users\Adeel Mehar\OneDrive\Desktop\Abdulbot-main\Abdulbot-main\whatsapp-qr.png
📱 QR Code generated. Please scan with WhatsApp.
▄▄▄▄▄▄▄▄▄▄▄▄▄▄▄▄▄▄▄▄▄▄▄▄▄▄▄▄▄▄▄▄▄▄▄▄▄▄▄▄▄▄▄▄▄▄▄▄▄▄▄▄▄▄▄▄▄▄▄
█ ▄▄▄▄▄ █▀ ▄▀▄▄▄▄ █▀▄▄▄▄▄  ▄▄   ▀▄▄  █  ▀▀ ▄▀▀█▄ ██ ▄▄▄▄▄ █
█ █   █ █▄ ▄ ▄▀▄▄▄▄▄ █ ▄█▄██ ██▄█▄▀ ▄██ ██▄ ▄▄▀▄ ██ █   █ █
█ █▄▄▄█ █ ▄██▄▀▀██ █▀█▄▄▀▄  ▄▄▄ ▀▄ █▀▀█  ▄▄  █ ▀▄██ █▄▄▄█ █
█▄▄▄▄▄▄▄█ █▄▀▄█▄▀ ▀ ▀ █ ▀▄█ █▄█ ▀▄█▄█ ▀ ▀▄▀ ▀▄▀▄█ █▄▄▄▄▄▄▄█
█ ▄█ █▀▄ █▄ █▀▄▀▄▄▀ █▄  ▄█▄▄▄ ▄▄██ ▄ ▄▄▄█▄ █ ██▄█▄▀▄▄▄▀▄▄██
██ ▄  █▄▄█▄▀█▀▀███▀▄▄▄  ▄ ▄▀▄█ ▀  ██▄ ▀█▀▀▄█▄▀▀▄ ▄█▀ ▄▀██▄█
█▀█▀▀▀▀▄█▀██▄ ▄██▀█▄▀█ ▀█▄▀▄▄▄█▀  █▀▄▄▀▄  ██▄ ▄ ▄▄██▄ █▄█ █
█▄█▀▀▀▄▄ ▀█▀▄▄▀▀ ▄▀▄▀ ██ ▀▄▄▀▄▄▄██▀▄██▄██▄ █▀ ▀█▄▄█  ▄█▄ ██
██ ▀█ █▄ █▀ ▄██ █▄▄▄▄▀█▀ ▄▀█  ▀▄▀▄ █ ▄▄▀ ▀▀█▀▄█▄▀█▄ ▄█ ▀▄▄█
█ ▀█▄█▀▄▄  ▀▀▄▀▄██▄▄█▀▄▄██▀█ ▀█▄█▀ ▀▀ █▄▄ █ ▀█▄▄▀▄▀▄▀ █▄▄▄█
█ █  ▀ ▄██▀██ ███ █  ██ ▄ ▄▀ ▄▄█▄███▀ ▄█▄ ▄▄ ▀█▄▀█▄▄ ▄█▄▄▀█
█▄▀ ▀▀█▄ ▀█▄▄▄█▀█ ▀ ▀ ▄█▀▀▄█▄  ▄▀▀█ ▀  ▀▄ █▄ █ ▄▀▄  ▀ ▀▄▄ █
█▄ ▀▄▄▀▄▄▄▄█▄ ▀█▄▀▄ ██ ▄█▄█   ▀█▄▀██▀▄▀▄▀ ██▄▄█▀▄▄▀▄ ▄▀█▄▀█
█▄▄▀▀ ▄▄▄ ▀▄▄▀ ▄ █▀▀▄▀█▄▀█▀ ▄▄▄   ▀ ▀▄▀▄▄█▀  ██▄  ▄▄▄ ▄▄▄▀█
█▀▄ ▄ █▄█ █ █▄▀  ▄▄█▄ ██ ▄▄ █▄█ ▀ ▀▄ ▄ ▀ ▀▀▄█▄▀▄▄ █▄█ ▀█▄ █
█▄ ▀   ▄ ▄▄  ▀▀▄▀█████▀▀█ █▄  ▄ ▀▀▄█▄▄ █ █ ▀█▄ █▀ ▄   ██▄ █
█▀▄▀▀▄█▄ ▀▄█▀ █▄██▄ ██ ▄▄█▀▀██▄▄▄█ ▄▀▄▄▄ ▄▀▄▄█ ▄▄▄▄ ▄█ ▄▄██
█▀  ▄█ ▄██▀██ ▄▄▀ ▀ ▀█▀███ █▄▄▀▄  ▀ ▄▄██▀  █ ▄▄▄▀█▀  ▄ ██▄█
█▄  ▀▀▀▄▄▄▄  █▄    ▄▀  ▄ ▄▄█  ▀▀  ▄▀▄  ██▄█▄ ▄▄▀█▄▄█▄▀  █ █
█▄ ▄▄█ ▄ █▄▄▀▀ ▄ ▄▄ █ ▀█▀▄▀  ▄▀ ▄█▀█▄▄▄▀▀█▄█▀▀▄▀▄█ ▀███▄ ▄█
██▄▀   ▄▀▀▀▀█▄▀ ██▄▄▀▀ █ █ ▄█▄  ▄  █▄▄▄ ▄█▀▄█▄ ████▀▄█ ▀  █
█▀▄ ▀█▄▄ ▄▄█▄▄▀   █▄▄▀ █▀ █  ██ █▄▄ ▄ ▄█ ▄██▀  ▀█ ▄▄█▀██▄▄█
█▄ ▄ ▄▀▄▄██▄  ▄▀█▄▄▄██ █▄▄▀  ██▄▄█▄▄  ▀█ ▄██ ▀ ▄ ▀██ █▄  ▀█
█ ▀ ▀▀▄▄▀  ▀█▄▀█▄▀▀▄ ██▄ █▀█▄▄▄▄█▄█ █▄▀▀█ ▄▄▄█▄▄█ █ ▀▄▀▄▀▄█
███████▄▄▀ █▄ ▄██▀▄ ▀▄ ▄ █▀ ▄▄▄ █ █ ▄▄ ▄▄▄▄█▀ ▄ █ ▄▄▄  ▀▀▄█
█ ▄▄▄▄▄ █▄▄▄█▀█▀▀█▄ ▀▀▀█▀▄  █▄█ ▄███ ▀█▄▀▄  ██ ▄▄ █▄█ ▄▄ ▀█
█ █   █ █▀█▄▄ ▄██▀▄▄▀ ▄▀▀ █ ▄   ▀▄▄▄ ▄█▀ █▀▄█ ▄▄█▄▄  ▄▄▀▀ █
█ █▄▄▄█ █▀▀ █▀▄ ████▄▄█ █▀█▀█ █▀█▄▄▄▀ ▄▀█▄ ██ █▀   ▄▄ █▄█▄█
█▄▄▄▄▄▄▄█▄█████▄▄█▄▄█▄▄▄█▄▄███▄▄▄▄███▄█▄█▄█▄▄█▄▄▄█▄█▄█▄▄▄██

QR saved: C:\Users\Adeel Mehar\OneDrive\Desktop\Abdulbot-main\Abdulbot-main\whatsapp-qr.png
📱 QR Code generated. Please scan with WhatsApp.
▄▄▄▄▄▄▄▄▄▄▄▄▄▄▄▄▄▄▄▄▄▄▄▄▄▄▄▄▄▄▄▄▄▄▄▄▄▄▄▄▄▄▄▄▄▄▄▄▄▄▄▄▄▄▄▄▄▄▄
█ ▄▄▄▄▄ █▀  ▀▄█ ▄▀█▄ ▀▄ ▄▄ ▀ ▄  ▄▄█▀█▄▄█▀▀  ▀▄▄▄ ██ ▄▄▄▄▄ █
█ █   █ █▀█▄█▄█▄█▄▀▀███▄ ▀▀█▄█▄▀ ▄██▀▀ ██▄▀▄ ▄ ▄ ██ █   █ █
█ █▄▄▄█ █▀█▀▀▄ ▄▄█▀▀▄ ▄█▀ █ ▄▄▄ █  ▀  ▄▀ ▄▄ ▄ ▀▀▄██ █▄▄▄█ █
█▄▄▄▄▄▄▄█▄▀ █▄▀ ▀▄▀ ▀ █▄█ █ █▄█ ▀▄█ ▀▄▀▄█▄▀ ▀ ▀ ▀▄█▄▄▄▄▄▄▄█
█▄ ▄  ▀▄▄▄▄██▀ █▄█▄▄ ▄██▄▀▄▄  ▄ ▀█▀█▀ ▄▄██ ▀ ▀█▄ ▀ █ ▀▄▀▄██
█▀▄ ██▄▄  ▀▀▀▀▄  ▀▀ ▀▀▀ ▄▀▀▄   ███▄▀█▄▄▄█▀▄█▀██ ▀▀█  █▀▀ ██
█▄ ▀▀ ▀▄▀█ ▀▀ ▄▄██▀ ▀▄▀▄▀ █ ██▀█▄█▀▄  ▄█ █   ███▀ ███▀█▄███
█▄▀▄▄ ▄▄█▄▀██▄▀█  █▄█▀▄█  ▀▄▀▄▀ ▄█▀▄ ▄ ▄ ▄▀ ▀▄ ▄ ▀ ▄ ▀▀ ▄▀█
█  ▀▄▀▀▄  ▄  ▄▄▀▄▄ ▄ ▄▄▀▀  █▀ ▀▀ ▀▀▄▄ █▄▀█▀▀ ▀█▄▀▀▀▄█▀ ▄███
█▄ ▀▄█▀▄█ ▄▀ ▄▀█ ███████▄  ▄█   ▀ █   ▄▄█ ▀▄▄▀█ ▀█▄▄▄█▀▀ ▀█
█▄ ▀▄▄▀▄▀█ █ ▄▀█▄▀▀▄▄█▀█▀▄  ██▀▀ ██▄  ▀▄▄█ ▀ ▀▄█▄▀▀▄██▄▄▀▀█
█  ▀▄ ▄▄▀▄█ █ █ ▄ ▀█▄██▀▀█▀ ▄██▄██▄▀█▀█▄█▀█ ▀▀▀█ ▀▄█▄ ▀ ▀██
█▀█▄ █▀▄▄  ▀▄█▀█▄█▄▄█▄█▀▀▀████  ▄ ▄    ▄▀▀ ▀ ▀▀▄  ▀▄▀▀▄ ▄ █
█▀▄▀  ▄▄▄  ▀▄ █▀ █▄█ ▀▄█▄▄  ▄▄▄ ▄▄ █▀▄▄▄█▀▀█ ▀▀▄▄ ▄▄▄ ▀  ██
█ █ ▀ █▄█ ██▀██▀▄█▄▀ █▄█▀ ▀ █▄█  ████▄▀█▄█▀▀ ▀▄▄█ █▄█  ▀▀ █
█  ▀█  ▄▄ ██▀▀██▄█▀ █▀ ▀██▀ ▄▄▄▄█▄▄ ▀▀▀█ █ █ ▀▄█▄▄ ▄ ▄▀ ▀▀█
█▀▄▀█ ▀▄ █ ██ ▀ ██   ▄▀█ ▀██▄█▀  █▀█▄▄ ▄█▀▀▀▄███▀ ▄███▄  ██
█ ██▀▀▄▄▄▀▄  ▀▀▄  ▀ █▀▄ ▄ ▄▀▄▄▀ ██ ▄▀ ▄ ▄▀█▄  ▄██▄ ██▄ ▀ ██
█  █▄ ▀▄ ▀▀█▀ █▄▀█▄▄▀▀▀█▄ █▄▀██▄ █▄▄  ▀███▀▀▄█▄█▀▄▀▄██▀▀▄▀█
█▄▀▄ ▀▄▄▀█▄▀▄  ▄▀█▀▀▀ ▄▀▄ █▄▀█▄ ▀▄ ▄█ ▀▄█▀  █▄ ▄▀██▀ ▄▀▀▄▄█
█ ██▄ ▀▄▀   █▀ ▄█▄▄ ▄▄▀█ ▀█▀▄█▄▀▀█▀█   █▀▀▀▀ █ █▀█▀▄▀▄▄▀▀██
█ ▄▀▀▀▄▄ █  ▀█▀▀ ▄▀ ▄▄▀ ▄ █▀▄▄▄ ▀██▀▀▀▄  ▀█  ▄█ █▄▄█▄▄▄ ▄██
██▀▀▀ ▀▄ █▄▄▄▀█▀▀▄▀ ▀█▀▄▀▀▄▀█▄██ ▀▄█ ▄▀██▀   ███▀█ ███ ▀▀ █
█ ▀ ▀▀▄▄▄▄▄ ██▄▄ ▄▄ █▄▄ ▀ █ ▄▄ ▄▄█▄ ▀ ▀▄  █▀▄▄▀ ▀▀ ▀▀ ▀▀▀▀█
███████▄▄ ▀▄▀▄ ▄▄█   ▄▀▀  ▄ ▄▄▄ ▄▀▄█  ▀▄██▀▀▄▀██▀ ▄▄▄ █▄▀▀█
█ ▄▄▄▄▄ █▄ ▀▀▄▀█ ▀█▀▄▄ ▀▄ █ █▄█ ██ ▀ ▄  ▀ ▀▀ ▄▄██ █▄█ ▄▀▀▀█
█ █   █ █ ▀█ ▄▄▀▄▀ ▄▄█▀█▀▄▄ ▄  ▄ ▀▄██  █▀█▄▀▄█▄▄▄▄▄  ▄▄▀▄▄█
█ █▄▄▄█ █ ▀ █▄ ▀▄ ▄█▄█▀▀▀██▀▄█▀█▄▄▄ ▄█▄▄▀▀███▄ ▄ ▄ ███▄▀███
█▄▄▄▄▄▄▄█▄▄▄▄▄█▄██▄▄▄▄████▄█▄██▄▄▄▄▄▄▄▄███▄█▄█▄▄▄██▄▄█▄█▄██

QR saved: C:\Users\Adeel Mehar\OneDrive\Desktop\Abdulbot-main\Abdulbot-main\whatsapp-qr.png
📱 QR Code generated. Please scan with WhatsApp.
