0 verbose cli C:\Program Files\nodejs\node.exe C:\Program Files\nodejs\node_modules\npm\bin\npm-cli.js
1 info using npm@10.9.3
2 info using node@v22.19.0
3 silly config load:file:C:\Program Files\nodejs\node_modules\npm\npmrc
4 silly config load:file:C:\Users\Adeel Mehar\Documents\Codex\2026-04-25\files-mentioned-by-the-user-prince\prince_bot\Abdulbot-main\.npmrc
5 silly config load:file:C:\Users\Adeel Mehar\.npmrc
6 silly config load:file:C:\Users\Adeel Mehar\AppData\Roaming\npm\etc\npmrc
7 verbose title npm install
8 verbose argv "install" "--cache" ".npm-cache"
9 verbose logfile logs-max:10 dir:C:\Users\Adeel Mehar\Documents\Codex\2026-04-25\files-mentioned-by-the-user-prince\prince_bot\Abdulbot-main\.npm-cache\_logs\2026-04-25T07_45_15_829Z-
10 verbose logfile C:\Users\Adeel Mehar\Documents\Codex\2026-04-25\files-mentioned-by-the-user-prince\prince_bot\Abdulbot-main\.npm-cache\_logs\2026-04-25T07_45_15_829Z-debug-0.log
11 silly logfile done cleaning log files
12 silly packumentCache heap:4345298944 maxSize:1086324736 maxEntrySize:543162368
13 silly idealTree buildDeps
14 verbose shrinkwrap failed to load node_modules/.package-lock.json out of date, updated: node_modules
15 silly reify moves {}
16 silly audit bulk request {
16 silly audit   '@adiwajshing/keyed-db': [ '0.2.4' ],
16 silly audit   '@borewit/text-codec': [ '0.2.2' ],
16 silly audit   '@cacheable/memory': [ '2.0.8' ],
16 silly audit   '@cacheable/node-cache': [ '1.7.6' ],
16 silly audit   '@cacheable/utils': [ '2.4.1' ],
16 silly audit   '@distube/ytdl-core': [ '4.16.12' ],
16 silly audit   '@emnapi/runtime': [ '1.10.0' ],
16 silly audit   '@ffmpeg/ffmpeg': [ '0.12.15' ],
16 silly audit   '@ffmpeg/types': [ '0.12.4' ],
16 silly audit   '@hapi/boom': [ '10.0.1', '9.1.4' ],
16 silly audit   '@hapi/hoek': [ '11.0.7', '9.3.0' ],
16 silly audit   '@img/colour': [ '1.1.0' ],
16 silly audit   '@img/sharp-darwin-arm64': [ '0.34.5' ],
16 silly audit   '@img/sharp-darwin-x64': [ '0.34.5' ],
16 silly audit   '@img/sharp-libvips-darwin-arm64': [ '1.2.4' ],
16 silly audit   '@img/sharp-libvips-darwin-x64': [ '1.2.4' ],
16 silly audit   '@img/sharp-libvips-linux-arm': [ '1.2.4' ],
16 silly audit   '@img/sharp-libvips-linux-arm64': [ '1.2.4' ],
16 silly audit   '@img/sharp-libvips-linux-ppc64': [ '1.2.4' ],
16 silly audit   '@img/sharp-libvips-linux-riscv64': [ '1.2.4' ],
16 silly audit   '@img/sharp-libvips-linux-s390x': [ '1.2.4' ],
16 silly audit   '@img/sharp-libvips-linux-x64': [ '1.2.4' ],
16 silly audit   '@img/sharp-libvips-linuxmusl-arm64': [ '1.2.4' ],
16 silly audit   '@img/sharp-libvips-linuxmusl-x64': [ '1.2.4' ],
16 silly audit   '@img/sharp-linux-arm': [ '0.34.5' ],
16 silly audit   '@img/sharp-linux-arm64': [ '0.34.5' ],
16 silly audit   '@img/sharp-linux-ppc64': [ '0.34.5' ],
16 silly audit   '@img/sharp-linux-riscv64': [ '0.34.5' ],
16 silly audit   '@img/sharp-linux-s390x': [ '0.34.5' ],
16 silly audit   '@img/sharp-linux-x64': [ '0.34.5' ],
16 silly audit   '@img/sharp-linuxmusl-arm64': [ '0.34.5' ],
16 silly audit   '@img/sharp-linuxmusl-x64': [ '0.34.5' ],
16 silly audit   '@img/sharp-wasm32': [ '0.34.5' ],
16 silly audit   '@img/sharp-win32-arm64': [ '0.34.5' ],
16 silly audit   '@img/sharp-win32-ia32': [ '0.34.5' ],
16 silly audit   '@img/sharp-win32-x64': [ '0.34.5' ],
16 silly audit   '@jimp/core': [ '1.6.1' ],
16 silly audit   'file-type': [ '21.3.4', '16.5.4' ],
16 silly audit   strtok3: [ '10.3.5', '6.3.0' ],
16 silly audit   'token-types': [ '6.1.2', '4.2.1' ],
16 silly audit   '@jimp/diff': [ '1.6.1' ],
16 silly audit   '@jimp/file-ops': [ '1.6.1' ],
16 silly audit   '@jimp/js-bmp': [ '1.6.1' ],
16 silly audit   '@jimp/js-gif': [ '1.6.1' ],
16 silly audit   '@jimp/js-jpeg': [ '1.6.1' ],
16 silly audit   '@jimp/js-png': [ '1.6.1' ],
16 silly audit   '@jimp/js-tiff': [ '1.6.1' ],
16 silly audit   '@jimp/plugin-blit': [ '1.6.1' ],
16 silly audit   '@jimp/plugin-blur': [ '1.6.1' ],
16 silly audit   '@jimp/plugin-circle': [ '1.6.1' ],
16 silly audit   '@jimp/plugin-color': [ '1.6.1' ],
16 silly audit   '@jimp/plugin-contain': [ '1.6.1' ],
16 silly audit   '@jimp/plugin-cover': [ '1.6.1' ],
16 silly audit   '@jimp/plugin-crop': [ '1.6.1' ],
16 silly audit   '@jimp/plugin-displace': [ '1.6.1' ],
16 silly audit   '@jimp/plugin-dither': [ '1.6.1' ],
16 silly audit   '@jimp/plugin-fisheye': [ '1.6.1' ],
16 silly audit   '@jimp/plugin-flip': [ '1.6.1' ],
16 silly audit   '@jimp/plugin-hash': [ '1.6.1' ],
16 silly audit   '@jimp/plugin-mask': [ '1.6.1' ],
16 silly audit   '@jimp/plugin-print': [ '1.6.1' ],
16 silly audit   '@jimp/plugin-quantize': [ '1.6.1' ],
16 silly audit   '@jimp/plugin-resize': [ '1.6.1' ],
16 silly audit   '@jimp/plugin-rotate': [ '1.6.1' ],
16 silly audit   '@jimp/plugin-threshold': [ '1.6.1' ],
16 silly audit   '@jimp/types': [ '1.6.1' ],
16 silly audit   '@jimp/utils': [ '1.6.1' ],
16 silly audit   '@jsep-plugin/assignment': [ '1.3.0' ],
16 silly audit   '@jsep-plugin/regex': [ '1.0.4' ],
16 silly audit   '@keyv/bigmap': [ '1.3.1' ],
16 silly audit   '@keyv/serialize': [ '1.1.1' ],
16 silly audit   '@pinojs/redact': [ '0.4.0' ],
16 silly audit   '@protobufjs/aspromise': [ '1.1.2' ],
16 silly audit   '@protobufjs/base64': [ '1.1.2' ],
16 silly audit   '@protobufjs/codegen': [ '2.0.4' ],
16 silly audit   '@protobufjs/eventemitter': [ '1.1.0' ],
16 silly audit   '@protobufjs/fetch': [ '1.1.0' ],
16 silly audit   '@protobufjs/float': [ '1.0.2' ],
16 silly audit   '@protobufjs/inquire': [ '1.1.0' ],
16 silly audit   '@protobufjs/path': [ '1.1.2' ],
16 silly audit   '@protobufjs/pool': [ '1.1.0' ],
16 silly audit   '@protobufjs/utf8': [ '1.1.0' ],
16 silly audit   '@sindresorhus/is': [ '4.6.0' ],
16 silly audit   '@szmarczak/http-timer': [ '4.0.6' ],
16 silly audit   '@tokenizer/inflate': [ '0.4.1' ],
16 silly audit   '@tokenizer/token': [ '0.3.0' ],
16 silly audit   '@tootallnate/once': [ '2.0.0' ],
16 silly audit   '@types/cacheable-request': [ '6.0.3' ],
16 silly audit   '@types/http-cache-semantics': [ '4.2.0' ],
16 silly audit   '@types/keyv': [ '3.1.4' ],
16 silly audit   '@types/long': [ '4.0.2' ],
16 silly audit   '@types/node': [ '18.19.130', '10.17.60', '16.9.1' ],
16 silly audit   '@types/responselike': [ '1.0.3' ],
16 silly audit   '@whiskeysockets/baileys': [ '7.0.0-rc.9' ],
16 silly audit   '@whiskeysockets/libsignal-node': [ '2.0.1' ],
16 silly audit   protobufjs: [ '6.8.8', '7.5.5' ],
16 silly audit   long: [ '4.0.0', '5.3.2' ],
16 silly audit   pino: [ '9.14.0', '8.21.0' ],
16 silly audit   'pino-abstract-transport': [ '2.0.0', '1.2.0' ],
16 silly audit   'pino-std-serializers': [ '7.1.0', '6.2.2' ],
16 silly audit   'process-warning': [ '5.0.0', '3.0.0' ],
16 silly audit   'sonic-boom': [ '4.2.1', '3.8.1' ],
16 silly audit   'thread-stream': [ '3.1.0', '2.7.0' ],
16 silly audit   abab: [ '2.0.6' ],
16 silly audit   'abort-controller': [ '3.0.0' ],
16 silly audit   'agent-base': [ '7.1.4', '6.0.2' ],
16 silly audit   ajv: [ '6.14.0' ],
16 silly audit   'ansi-regex': [ '5.0.1', '2.1.1', '3.0.1' ],
16 silly audit   'ansi-styles': [ '4.3.0' ],
16 silly audit   'any-base': [ '1.1.0' ],
16 silly audit   asn1: [ '0.2.6' ],
16 silly audit   'assert-plus': [ '1.0.0' ],
16 silly audit   async: [ '0.2.10', '1.5.2' ],
16 silly audit   'async-mutex': [ '0.5.0' ],
16 silly audit   'async.parallellimit': [ '0.5.2' ],
16 silly audit   'async.util.eachoflimit': [ '0.5.2' ],
16 silly audit   'async.util.isarray': [ '0.5.2' ],
16 silly audit   'async.util.isarraylike': [ '0.5.2' ],
16 silly audit   'async.util.keyiterator': [ '0.5.2' ],
16 silly audit   'async.util.keys': [ '0.5.2' ],
16 silly audit   'async.util.noop': [ '0.5.2' ],
16 silly audit   'async.util.once': [ '0.5.2' ],
16 silly audit   'async.util.onlyonce': [ '0.5.2' ],
16 silly audit   'async.util.parallel': [ '0.5.2' ],
16 silly audit   'async.util.restparam': [ '0.5.2' ],
16 silly audit   asynckit: [ '0.4.0' ],
16 silly audit   'atomic-sleep': [ '1.0.0' ],
16 silly audit   'await-to-js': [ '3.0.0' ],
16 silly audit   'awesome-phonenumber': [ '5.11.0' ],
16 silly audit   'aws-sign2': [ '0.7.0' ],
16 silly audit   aws4: [ '1.13.2' ],
16 silly audit   axios: [ '1.15.2', '0.20.0' ],
16 silly audit   'axios-cookiejar-support': [ '5.0.5' ],
16 silly audit   'http-cookie-agent': [ '6.0.8', '7.0.3' ],
16 silly audit   undici: [ '6.25.0', '7.25.0' ],
16 silly audit   'balanced-match': [ '1.0.2' ],
16 silly audit   'base64-js': [ '1.5.1' ],
16 silly audit   'bcrypt-pbkdf': [ '1.0.2' ],
16 silly audit   'bignumber.js': [ '9.3.1' ],
16 silly audit   'bmp-ts': [ '1.0.9' ],
16 silly audit   boolbase: [ '1.0.0' ],
16 silly audit   boolstring: [ '1.0.2', '2.0.1' ],
16 silly audit   'brace-expansion': [ '1.1.14' ],
16 silly audit   buffer: [ '6.0.3' ],
16 silly audit   'buffer-equal-constant-time': [ '1.0.1' ],
16 silly audit   cacheable: [ '2.3.4' ],
16 silly audit   'cacheable-lookup': [ '5.0.4' ],
16 silly audit   'cacheable-request': [ '7.0.4' ],
16 silly audit   keyv: [ '4.5.4', '5.6.0' ],
16 silly audit   'call-bind-apply-helpers': [ '1.0.2' ],
16 silly audit   'call-bound': [ '1.0.4' ],
16 silly audit   camelcase: [ '3.0.0', '5.3.1' ],
16 silly audit   caseless: [ '0.12.0' ],
16 silly audit   centra: [ '2.7.0' ],
16 silly audit   chalk: [ '4.1.2' ],
16 silly audit   cheerio: [ '1.2.0', '1.0.0-rc.11', '1.0.0-rc.10' ],
16 silly audit   'cheerio-select': [ '2.1.0', '1.6.0' ],
16 silly audit   'cli-color': [ '1.2.0' ],
16 silly audit   cliui: [ '8.0.1', '3.2.0', '6.0.0' ],
16 silly audit   clone: [ '2.1.2' ],
16 silly audit   'clone-response': [ '1.0.3' ],
16 silly audit   'code-point-at': [ '1.1.0' ],
16 silly audit   'color-convert': [ '2.0.1' ],
16 silly audit   'color-name': [ '1.1.4' ],
16 silly audit   'combined-stream': [ '1.0.8' ],
16 silly audit   'concat-map': [ '0.0.1' ],
16 silly audit   'content-type': [ '1.0.5' ],
16 silly audit   cookie: [ '0.5.0', '0.1.5' ],
16 silly audit   'core-util-is': [ '1.0.3', '1.0.2' ],
16 silly audit   'css-select': [ '5.2.2', '4.3.0' ],
16 silly audit   'css-what': [ '6.2.2' ],
16 silly audit   cssstyle: [ '3.0.0' ],
16 silly audit   'curve25519-js': [ '0.0.4' ],
16 silly audit   d: [ '1.0.2' ],
16 silly audit   dashdash: [ '1.14.1' ],
16 silly audit   dasu: [ '0.4.3' ],
16 silly audit   'data-urls': [ '4.0.0' ],
16 silly audit   'whatwg-mimetype': [ '3.0.0', '4.0.0' ],
16 silly audit   debug: [ '4.4.3' ],
16 silly audit   decamelize: [ '1.2.0' ],
16 silly audit   'decimal.js': [ '10.6.0' ],
16 silly audit   'decompress-response': [ '6.0.0' ],
16 silly audit   'mimic-response': [ '3.1.0', '1.0.1' ],
16 silly audit   'defer-to-connect': [ '2.0.1' ],
16 silly audit   'delayed-stream': [ '1.0.0' ],
16 silly audit   'detect-libc': [ '2.1.2' ],
16 silly audit   dijkstrajs: [ '1.0.3' ],
16 silly audit   'dom-serializer': [ '2.0.0', '1.4.1' ],
16 silly audit   domelementtype: [ '2.3.0' ],
16 silly audit   domexception: [ '4.0.0' ],
16 silly audit   domhandler: [ '5.0.3', '4.3.1' ],
16 silly audit   domutils: [ '3.2.2', '2.8.0' ],
16 silly audit   dotenv: [ '16.6.1' ],
16 silly audit   'dunder-proto': [ '1.0.1' ],
16 silly audit   'ecc-jsbn': [ '0.1.2' ],
16 silly audit   'ecdsa-sig-formatter': [ '1.0.11' ],
16 silly audit   'emoji-regex': [ '8.0.0' ],
16 silly audit   'encoding-sniffer': [ '0.2.1' ],
16 silly audit   'end-of-stream': [ '1.4.5' ],
16 silly audit   entities: [ '4.5.0', '7.0.1', '6.0.1', '2.2.0' ],
16 silly audit   'error-ex': [ '1.3.4' ],
16 silly audit   'es-define-property': [ '1.0.1' ],
16 silly audit   'es-errors': [ '1.3.0' ],
16 silly audit   'es-object-atoms': [ '1.1.1' ],
16 silly audit   'es-set-tostringtag': [ '2.1.0' ],
16 silly audit   'es5-ext': [ '0.10.64' ],
16 silly audit   'es6-iterator': [ '2.0.3' ],
16 silly audit   'es6-symbol': [ '3.1.4' ],
16 silly audit   'es6-weak-map': [ '2.0.3' ],
16 silly audit   escalade: [ '3.2.0' ],
16 silly audit   'escape-string-regexp': [ '1.0.5' ],
16 silly audit   esniff: [ '2.0.1' ],
16 silly audit   'event-emitter': [ '0.3.5' ],
16 silly audit   'event-target-shim': [ '5.0.1' ],
16 silly audit   eventemitter3: [ '5.0.4' ],
16 silly audit   events: [ '3.3.0' ],
16 silly audit   'exif-parser': [ '0.1.12' ],
16 silly audit   ext: [ '1.7.0' ],
16 silly audit   extend: [ '3.0.2' ],
16 silly audit   extsprintf: [ '1.3.0' ],
16 silly audit   'fast-deep-equal': [ '3.1.3' ],
16 silly audit   'fast-json-stable-stringify': [ '2.1.0' ],
16 silly audit   'fast-redact': [ '3.5.0' ],
16 silly audit   'find-up': [ '1.1.2', '4.1.0' ],
16 silly audit   'fluent-ffmpeg': [ '2.1.3' ],
16 silly audit   'follow-redirects': [ '1.16.0' ],
16 silly audit   'forever-agent': [ '0.6.1' ],
16 silly audit   'form-data': [ '4.0.5', '2.3.3' ],
16 silly audit   'fs-extra': [ '11.3.4' ],
16 silly audit   'function-bind': [ '1.1.2' ],
16 silly audit   gaxios: [ '6.7.1' ],
16 silly audit   'gcp-metadata': [ '6.1.1' ],
16 silly audit   'get-caller-file': [ '2.0.5', '1.0.3' ],
16 silly audit   'get-intrinsic': [ '1.3.0' ],
16 silly audit   'get-proto': [ '1.0.1' ],
16 silly audit   'get-stream': [ '5.2.0' ],
16 silly audit   getpass: [ '0.1.7' ],
16 silly audit   gifwrap: [ '0.10.1' ],
16 silly audit   'google-auth-library': [ '9.15.1' ],
16 silly audit   'google-logging-utils': [ '0.0.2' ],
16 silly audit   googleapis: [ '144.0.0' ],
16 silly audit   'googleapis-common': [ '7.2.0' ],
16 silly audit   gopd: [ '1.2.0' ],
16 silly audit   got: [ '11.8.6' ],
16 silly audit   'graceful-fs': [ '4.2.11' ],
16 silly audit   gtoken: [ '7.1.0' ],
16 silly audit   gtts: [ '0.2.1' ],
16 silly audit   'is-fullwidth-code-point': [ '1.0.0', '3.0.0', '2.0.0' ],
16 silly audit   'string-width': [ '1.0.2', '2.1.1', '4.2.3' ],
16 silly audit   'strip-ansi': [ '3.0.1', '4.0.0', '6.0.1' ],
16 silly audit   'wrap-ansi': [ '2.1.0', '6.2.0', '7.0.0' ],
16 silly audit   y18n: [ '3.2.2', '4.0.3', '5.0.8' ],
16 silly audit   yargs: [ '4.8.1', '15.4.1', '17.7.2' ],
16 silly audit   'yargs-parser': [ '2.4.1', '18.1.3', '21.1.1' ],
16 silly audit   'har-schema': [ '2.0.0' ],
16 silly audit   'har-validator': [ '5.1.5' ],
16 silly audit   'has-flag': [ '4.0.0' ],
16 silly audit   'has-symbols': [ '1.1.0' ],
16 silly audit   'has-tostringtag': [ '1.0.2' ],
16 silly audit   hashery: [ '1.5.1' ],
16 silly audit   hasown: [ '2.0.3' ],
16 silly audit   hookified: [ '1.15.1', '2.1.1' ],
16 silly audit   'hosted-git-info': [ '2.8.9' ],
16 silly audit   'html-encoding-sniffer': [ '3.0.0' ],
16 silly audit   'whatwg-encoding': [ '2.0.0', '3.1.1' ],
16 silly audit   htmlparser2: [ '10.1.0', '8.0.2', '6.1.0' ],
16 silly audit   'http-cache-semantics': [ '4.2.0' ],
16 silly audit   'http-proxy-agent': [ '5.0.0' ],
16 silly audit   'http-signature': [ '1.2.0' ],
16 silly audit   'http2-wrapper': [ '1.0.3' ],
16 silly audit   'https-proxy-agent': [ '7.0.6', '5.0.1' ],
16 silly audit   'human-readable': [ '0.2.1' ],
16 silly audit   'human-time': [ '0.0.2' ],
16 silly audit   'iconv-lite': [ '0.6.3', '0.6.2' ],
16 silly audit   ieee754: [ '1.2.1' ],
16 silly audit   'image-q': [ '4.0.0' ],
16 silly audit   inherits: [ '2.0.4' ],
16 silly audit   'invert-kv': [ '1.0.0' ],
16 silly audit   'is-arrayish': [ '0.2.1' ],
16 silly audit   'is-core-module': [ '2.16.1' ],
16 silly audit   'is-potential-custom-element-name': [ '1.0.1' ],
16 silly audit   'is-promise': [ '2.2.2' ],
16 silly audit   'is-stream': [ '2.0.1' ],
16 silly audit   'is-typedarray': [ '1.0.0' ],
16 silly audit   'is-utf8': [ '0.2.1' ],
16 silly audit   isarray: [ '1.0.0' ],
16 silly audit   isexe: [ '2.0.0' ],
16 silly audit   isstream: [ '0.1.2' ],
16 silly audit   jimp: [ '1.6.1' ],
16 silly audit   'jpeg-js': [ '0.4.4' ],
16 silly audit   jsbn: [ '0.1.1' ],
16 silly audit   jsdom: [ '22.1.0' ],
16 silly audit   'tough-cookie': [ '4.1.4', '2.5.0', '5.1.2' ],
16 silly audit   universalify: [ '0.2.0', '2.0.1' ],
16 silly audit   jsep: [ '1.4.0' ],
16 silly audit   'json-bigint': [ '1.0.0' ],
16 silly audit   'json-buffer': [ '3.0.1' ],
16 silly audit   'json-schema': [ '0.4.0' ],
16 silly audit   'json-schema-traverse': [ '0.4.1' ],
16 silly audit   'json-stringify-safe': [ '5.0.1' ],
16 silly audit   jsonfile: [ '6.2.1' ],
16 silly audit   'jsonpath-plus': [ '5.0.7', '10.3.0' ],
16 silly audit   jsprim: [ '1.4.2' ],
16 silly audit   jwa: [ '2.0.1' ],
16 silly audit   jws: [ '4.0.1' ],
16 silly audit   keypress: [ '0.2.1' ],
16 silly audit   lcid: [ '1.0.0' ],
16 silly audit   'libphonenumber-js': [ '1.12.41' ],
16 silly audit   libsignal: [ '2.0.1' ],
16 silly audit   'link-preview-js': [ '3.2.0' ],
16 silly audit   'load-json-file': [ '1.1.0' ],
16 silly audit   'locate-path': [ '5.0.0' ],
16 silly audit   'lodash.assign': [ '4.2.0' ],
16 silly audit   'lowercase-keys': [ '2.0.0' ],
16 silly audit   'lru-cache': [ '11.3.5' ],
16 silly audit   'lru-queue': [ '0.1.0' ],
16 silly audit   m3u8stream: [ '0.8.6' ],
16 silly audit   'math-intrinsics': [ '1.1.0' ],
16 silly audit   'media-typer': [ '1.1.0' ],
16 silly audit   memoizee: [ '0.4.17' ],
16 silly audit   mime: [ '3.0.0' ],
16 silly audit   'mime-db': [ '1.52.0' ],
16 silly audit   'mime-types': [ '2.1.35' ],
16 silly audit   'mimic-fn': [ '2.1.0' ],
16 silly audit   miniget: [ '4.2.3' ],
16 silly audit   minimatch: [ '3.0.8' ],
16 silly audit   minimist: [ '1.2.8' ],
16 silly audit   moment: [ '2.30.1' ],
16 silly audit   'moment-timezone': [ '0.5.48' ],
16 silly audit   ms: [ '2.1.3' ],
16 silly audit   multistream: [ '2.1.1' ],
16 silly audit   mumaker: [ '2.0.0' ],
16 silly audit   'music-metadata': [ '11.12.3' ],
16 silly audit   'next-tick': [ '1.1.0' ],
16 silly audit   'node-cache': [ '5.1.2' ],
16 silly audit   'node-fetch': [ '2.7.0' ],
16 silly audit   tr46: [ '0.0.3', '4.1.1' ],
16 silly audit   'webidl-conversions': [ '3.0.1', '7.0.0' ],
16 silly audit   'whatwg-url': [ '5.0.0', '12.0.1' ],
16 silly audit   'node-fzf': [ '0.5.3', '0.14.0' ],
16 silly audit   'node-id3': [ '0.2.9' ],
16 silly audit   'node-webpmux': [ '3.2.1' ],
16 silly audit   'node-youtube-music': [ '0.8.3' ],
16 silly audit   'normalize-package-data': [ '2.5.0' ],
16 silly audit   semver: [ '5.7.2', '7.7.4' ],
16 silly audit   'normalize-url': [ '6.1.0' ],
16 silly audit   'nth-check': [ '2.1.1' ],
16 silly audit   'number-is-nan': [ '1.0.1' ],
16 silly audit   nwsapi: [ '2.2.23' ],
16 silly audit   'oauth-sign': [ '0.9.0' ],
16 silly audit   'object-inspect': [ '1.13.4' ],
16 silly audit   omggif: [ '1.0.10' ],
16 silly audit   'on-exit-leak-free': [ '2.1.2' ],
16 silly audit   once: [ '1.4.0' ],
16 silly audit   onetime: [ '5.1.2' ],
16 silly audit   'os-locale': [ '1.4.0' ],
16 silly audit   'p-cancelable': [ '2.1.1' ],
16 silly audit   'p-limit': [ '2.3.0' ],
16 silly audit   'p-locate': [ '4.1.0' ],
16 silly audit   'p-queue': [ '9.1.2' ],
16 silly audit   'p-timeout': [ '7.0.1' ],
16 silly audit   'p-try': [ '2.2.0' ],
16 silly audit   pako: [ '1.0.11' ],
16 silly audit   'parse-bmfont-ascii': [ '1.0.6' ],
16 silly audit   'parse-bmfont-binary': [ '1.0.6' ],
16 silly audit   'parse-bmfont-xml': [ '1.1.6' ],
16 silly audit   'parse-json': [ '2.2.0' ],
16 silly audit   parse5: [ '7.3.0', '6.0.1' ],
16 silly audit   'parse5-htmlparser2-tree-adapter': [ '7.1.0', '6.0.1' ],
16 silly audit   'parse5-parser-stream': [ '7.1.2' ],
16 silly audit   'path-exists': [ '2.1.0', '4.0.0' ],
16 silly audit   'path-parse': [ '1.0.7' ],
16 silly audit   'path-type': [ '1.1.0' ],
16 silly audit   'peek-readable': [ '4.1.0' ],
16 silly audit   'performance-now': [ '2.1.0' ],
16 silly audit   phin: [ '3.7.1' ],
16 silly audit   picocolors: [ '1.1.1' ],
16 silly audit   pify: [ '2.3.0' ],
16 silly audit   pinkie: [ '2.0.4' ],
16 silly audit   'pinkie-promise': [ '2.0.1' ],
16 silly audit   'readable-stream': [ '4.7.0', '2.3.8' ],
16 silly audit   string_decoder: [ '1.3.0', '1.1.1' ],
16 silly audit   pixelmatch: [ '5.3.0' ],
16 silly audit   pngjs: [ '6.0.0', '7.0.0', '5.0.0' ],
16 silly audit   process: [ '0.11.10' ],
16 silly audit   'process-nextick-args': [ '2.0.1' ],
16 silly audit   'proxy-from-env': [ '2.1.0' ],
16 silly audit   psl: [ '1.15.0' ],
16 silly audit   pump: [ '3.0.4' ],
16 silly audit   punycode: [ '2.3.1', '1.3.2' ],
16 silly audit   qified: [ '0.9.1' ],
16 silly audit   qrcode: [ '1.5.4' ],
16 silly audit   'qrcode-reader': [ '1.0.4' ],
16 silly audit   'qrcode-terminal': [ '0.12.0' ],
16 silly audit   'require-main-filename': [ '2.0.0', '1.0.1' ],
16 silly audit   'which-module': [ '2.0.1', '1.0.0' ],
16 silly audit   qs: [ '6.15.1', '6.5.5' ],
16 silly audit   querystring: [ '0.2.0' ],
16 silly audit   querystringify: [ '2.2.0' ],
16 silly audit   'quick-format-unescaped': [ '4.0.4' ],
16 silly audit   'quick-lru': [ '5.1.1' ],
16 silly audit   'read-pkg': [ '1.1.0' ],
16 silly audit   'read-pkg-up': [ '1.0.1' ],
16 silly audit   'safe-buffer': [ '5.1.2', '5.2.1' ],
16 silly audit   'readable-web-to-node-stream': [ '3.0.4' ],
16 silly audit   'real-require': [ '0.2.0' ],
16 silly audit   redstar: [ '0.0.2' ],
16 silly audit   request: [ '2.88.2' ],
16 silly audit   uuid: [ '3.4.0', '9.0.1' ],
16 silly audit   'require-directory': [ '2.1.1' ],
16 silly audit   'requires-port': [ '1.0.0' ],
16 silly audit   resolve: [ '1.22.12' ],
16 silly audit   'resolve-alpn': [ '1.2.1' ],
16 silly audit   responselike: [ '2.0.1' ],
16 silly audit   'restore-cursor': [ '3.1.0' ],
16 silly audit   'rrweb-cssom': [ '0.6.0' ],
16 silly audit   'ruhend-scraper': [ '8.3.0' ],
16 silly audit   'safe-stable-stringify': [ '2.5.0' ],
16 silly audit   'safer-buffer': [ '2.1.2' ],
16 silly audit   sax: [ '1.6.0' ],
16 silly audit   saxes: [ '6.0.0' ],
16 silly audit   'set-blocking': [ '2.0.0' ],
16 silly audit   'set-cookie': [ '0.0.4' ],
16 silly audit   sharp: [ '0.34.5' ],
16 silly audit   'side-channel': [ '1.1.0' ],
16 silly audit   'side-channel-list': [ '1.0.1' ],
16 silly audit   'side-channel-map': [ '1.0.1' ],
16 silly audit   'side-channel-weakmap': [ '1.0.2' ],
16 silly audit   'signal-exit': [ '3.0.7' ],
16 silly audit   'simple-xml-to-json': [ '1.2.7' ],
16 silly audit   'spdx-correct': [ '3.2.0' ],
16 silly audit   'spdx-exceptions': [ '2.5.0' ],
16 silly audit   'spdx-expression-parse': [ '3.0.1' ],
16 silly audit   'spdx-license-ids': [ '3.0.23' ],
16 silly audit   split2: [ '4.2.0' ],
16 silly audit   sshpk: [ '1.18.0' ],
16 silly audit   'strip-bom': [ '2.0.0' ],
16 silly audit   'supports-color': [ '7.2.0' ],
16 silly audit   'supports-preserve-symlinks-flag': [ '1.0.0' ],
16 silly audit   'symbol-tree': [ '3.2.4' ],
16 silly audit   'timers-ext': [ '0.1.8' ],
16 silly audit   tinycolor2: [ '1.6.0' ],
16 silly audit   tldts: [ '6.1.86' ],
16 silly audit   'tldts-core': [ '6.1.86' ],
16 silly audit   'translate-google-api': [ '1.0.4' ],
16 silly audit   tslib: [ '2.8.1' ],
16 silly audit   ttys: [ '0.0.3' ],
16 silly audit   'tunnel-agent': [ '0.6.0' ],
16 silly audit   tweetnacl: [ '0.14.5' ],
16 silly audit   type: [ '2.7.3' ],
16 silly audit   'uint8array-extras': [ '1.5.0' ],
16 silly audit   'undici-types': [ '5.26.5' ],
16 silly audit   'uri-js': [ '4.4.1' ],
16 silly audit   url: [ '0.11.0' ],
16 silly audit   'url-parse': [ '1.5.10' ],
16 silly audit   'url-template': [ '2.0.8' ],
16 silly audit   utif2: [ '4.1.0' ],
16 silly audit   'util-deprecate': [ '1.0.2' ],
16 silly audit   'validate-npm-package-license': [ '3.0.4' ],
16 silly audit   verror: [ '1.10.0' ],
16 silly audit   'w3c-xmlserializer': [ '4.0.0' ],
16 silly audit   which: [ '1.3.1' ],
16 silly audit   'win-guid': [ '0.2.1' ],
16 silly audit   'window-size': [ '0.2.0' ],
16 silly audit   wrappy: [ '1.0.2' ],
16 silly audit   ws: [ '8.20.0' ],
16 silly audit   'xml-name-validator': [ '4.0.0' ],
16 silly audit   'xml-parse-from-string': [ '1.0.1' ],
16 silly audit   xml2js: [ '0.5.0' ],
16 silly audit   xmlbuilder: [ '11.0.1' ],
16 silly audit   xmlchars: [ '2.2.0' ],
16 silly audit   'youtube-yts': [ '2.0.0' ],
16 silly audit   'youtubedl-core': [ '4.11.7' ],
16 silly audit   'yt-search': [ '2.13.1' ],
16 silly audit   'ytdl-core': [ '4.11.5' ],
16 silly audit   zod: [ '3.25.76' ]
16 silly audit }
17 verbose reify failed optional dependency C:\Users\Adeel Mehar\Documents\Codex\2026-04-25\files-mentioned-by-the-user-prince\prince_bot\Abdulbot-main\node_modules\@img\sharp-win32-ia32
18 silly reify mark deleted [
18 silly reify   'C:\\Users\\Adeel Mehar\\Documents\\Codex\\2026-04-25\\files-mentioned-by-the-user-prince\\prince_bot\\Abdulbot-main\\node_modules\\@img\\sharp-win32-ia32'
18 silly reify ]
19 verbose reify failed optional dependency C:\Users\Adeel Mehar\Documents\Codex\2026-04-25\files-mentioned-by-the-user-prince\prince_bot\Abdulbot-main\node_modules\@img\sharp-win32-arm64
20 silly reify mark deleted [
20 silly reify   'C:\\Users\\Adeel Mehar\\Documents\\Codex\\2026-04-25\\files-mentioned-by-the-user-prince\\prince_bot\\Abdulbot-main\\node_modules\\@img\\sharp-win32-arm64'
20 silly reify ]
21 verbose reify failed optional dependency C:\Users\Adeel Mehar\Documents\Codex\2026-04-25\files-mentioned-by-the-user-prince\prince_bot\Abdulbot-main\node_modules\@img\sharp-wasm32
22 silly reify mark deleted [
22 silly reify   'C:\\Users\\Adeel Mehar\\Documents\\Codex\\2026-04-25\\files-mentioned-by-the-user-prince\\prince_bot\\Abdulbot-main\\node_modules\\@img\\sharp-wasm32'
22 silly reify ]
23 verbose reify failed optional dependency C:\Users\Adeel Mehar\Documents\Codex\2026-04-25\files-mentioned-by-the-user-prince\prince_bot\Abdulbot-main\node_modules\@emnapi\runtime
24 silly reify mark deleted [
24 silly reify   'C:\\Users\\Adeel Mehar\\Documents\\Codex\\2026-04-25\\files-mentioned-by-the-user-prince\\prince_bot\\Abdulbot-main\\node_modules\\@emnapi\\runtime'
24 silly reify ]
25 verbose reify failed optional dependency C:\Users\Adeel Mehar\Documents\Codex\2026-04-25\files-mentioned-by-the-user-prince\prince_bot\Abdulbot-main\node_modules\@img\sharp-linuxmusl-x64
26 silly reify mark deleted [
26 silly reify   'C:\\Users\\Adeel Mehar\\Documents\\Codex\\2026-04-25\\files-mentioned-by-the-user-prince\\prince_bot\\Abdulbot-main\\node_modules\\@img\\sharp-linuxmusl-x64'
26 silly reify ]
27 verbose reify failed optional dependency C:\Users\Adeel Mehar\Documents\Codex\2026-04-25\files-mentioned-by-the-user-prince\prince_bot\Abdulbot-main\node_modules\@img\sharp-linuxmusl-arm64
28 silly reify mark deleted [
28 silly reify   'C:\\Users\\Adeel Mehar\\Documents\\Codex\\2026-04-25\\files-mentioned-by-the-user-prince\\prince_bot\\Abdulbot-main\\node_modules\\@img\\sharp-linuxmusl-arm64'
28 silly reify ]
29 verbose reify failed optional dependency C:\Users\Adeel Mehar\Documents\Codex\2026-04-25\files-mentioned-by-the-user-prince\prince_bot\Abdulbot-main\node_modules\@img\sharp-linux-x64
30 silly reify mark deleted [
30 silly reify   'C:\\Users\\Adeel Mehar\\Documents\\Codex\\2026-04-25\\files-mentioned-by-the-user-prince\\prince_bot\\Abdulbot-main\\node_modules\\@img\\sharp-linux-x64'
30 silly reify ]
31 verbose reify failed optional dependency C:\Users\Adeel Mehar\Documents\Codex\2026-04-25\files-mentioned-by-the-user-prince\prince_bot\Abdulbot-main\node_modules\@img\sharp-linux-s390x
32 silly reify mark deleted [
32 silly reify   'C:\\Users\\Adeel Mehar\\Documents\\Codex\\2026-04-25\\files-mentioned-by-the-user-prince\\prince_bot\\Abdulbot-main\\node_modules\\@img\\sharp-linux-s390x'
32 silly reify ]
33 verbose reify failed optional dependency C:\Users\Adeel Mehar\Documents\Codex\2026-04-25\files-mentioned-by-the-user-prince\prince_bot\Abdulbot-main\node_modules\@img\sharp-linux-riscv64
34 silly reify mark deleted [
34 silly reify   'C:\\Users\\Adeel Mehar\\Documents\\Codex\\2026-04-25\\files-mentioned-by-the-user-prince\\prince_bot\\Abdulbot-main\\node_modules\\@img\\sharp-linux-riscv64'
34 silly reify ]
35 verbose reify failed optional dependency C:\Users\Adeel Mehar\Documents\Codex\2026-04-25\files-mentioned-by-the-user-prince\prince_bot\Abdulbot-main\node_modules\@img\sharp-linux-ppc64
36 silly reify mark deleted [
36 silly reify   'C:\\Users\\Adeel Mehar\\Documents\\Codex\\2026-04-25\\files-mentioned-by-the-user-prince\\prince_bot\\Abdulbot-main\\node_modules\\@img\\sharp-linux-ppc64'
36 silly reify ]
37 verbose reify failed optional dependency C:\Users\Adeel Mehar\Documents\Codex\2026-04-25\files-mentioned-by-the-user-prince\prince_bot\Abdulbot-main\node_modules\@img\sharp-linux-arm64
38 silly reify mark deleted [
38 silly reify   'C:\\Users\\Adeel Mehar\\Documents\\Codex\\2026-04-25\\files-mentioned-by-the-user-prince\\prince_bot\\Abdulbot-main\\node_modules\\@img\\sharp-linux-arm64'
38 silly reify ]
39 verbose reify failed optional dependency C:\Users\Adeel Mehar\Documents\Codex\2026-04-25\files-mentioned-by-the-user-prince\prince_bot\Abdulbot-main\node_modules\@img\sharp-linux-arm
40 silly reify mark deleted [
40 silly reify   'C:\\Users\\Adeel Mehar\\Documents\\Codex\\2026-04-25\\files-mentioned-by-the-user-prince\\prince_bot\\Abdulbot-main\\node_modules\\@img\\sharp-linux-arm'
40 silly reify ]
41 verbose reify failed optional dependency C:\Users\Adeel Mehar\Documents\Codex\2026-04-25\files-mentioned-by-the-user-prince\prince_bot\Abdulbot-main\node_modules\@img\sharp-libvips-linuxmusl-x64
42 silly reify mark deleted [
42 silly reify   'C:\\Users\\Adeel Mehar\\Documents\\Codex\\2026-04-25\\files-mentioned-by-the-user-prince\\prince_bot\\Abdulbot-main\\node_modules\\@img\\sharp-libvips-linuxmusl-x64'
42 silly reify ]
43 verbose reify failed optional dependency C:\Users\Adeel Mehar\Documents\Codex\2026-04-25\files-mentioned-by-the-user-prince\prince_bot\Abdulbot-main\node_modules\@img\sharp-libvips-linuxmusl-arm64
44 silly reify mark deleted [
44 silly reify   'C:\\Users\\Adeel Mehar\\Documents\\Codex\\2026-04-25\\files-mentioned-by-the-user-prince\\prince_bot\\Abdulbot-main\\node_modules\\@img\\sharp-libvips-linuxmusl-arm64'
44 silly reify ]
45 verbose reify failed optional dependency C:\Users\Adeel Mehar\Documents\Codex\2026-04-25\files-mentioned-by-the-user-prince\prince_bot\Abdulbot-main\node_modules\@img\sharp-libvips-linux-x64
46 silly reify mark deleted [
46 silly reify   'C:\\Users\\Adeel Mehar\\Documents\\Codex\\2026-04-25\\files-mentioned-by-the-user-prince\\prince_bot\\Abdulbot-main\\node_modules\\@img\\sharp-libvips-linux-x64'
46 silly reify ]
47 verbose reify failed optional dependency C:\Users\Adeel Mehar\Documents\Codex\2026-04-25\files-mentioned-by-the-user-prince\prince_bot\Abdulbot-main\node_modules\@img\sharp-libvips-linux-s390x
48 silly reify mark deleted [
48 silly reify   'C:\\Users\\Adeel Mehar\\Documents\\Codex\\2026-04-25\\files-mentioned-by-the-user-prince\\prince_bot\\Abdulbot-main\\node_modules\\@img\\sharp-libvips-linux-s390x'
48 silly reify ]
49 verbose reify failed optional dependency C:\Users\Adeel Mehar\Documents\Codex\2026-04-25\files-mentioned-by-the-user-prince\prince_bot\Abdulbot-main\node_modules\@img\sharp-libvips-linux-riscv64
50 silly reify mark deleted [
50 silly reify   'C:\\Users\\Adeel Mehar\\Documents\\Codex\\2026-04-25\\files-mentioned-by-the-user-prince\\prince_bot\\Abdulbot-main\\node_modules\\@img\\sharp-libvips-linux-riscv64'
50 silly reify ]
51 verbose reify failed optional dependency C:\Users\Adeel Mehar\Documents\Codex\2026-04-25\files-mentioned-by-the-user-prince\prince_bot\Abdulbot-main\node_modules\@img\sharp-libvips-linux-ppc64
52 silly reify mark deleted [
52 silly reify   'C:\\Users\\Adeel Mehar\\Documents\\Codex\\2026-04-25\\files-mentioned-by-the-user-prince\\prince_bot\\Abdulbot-main\\node_modules\\@img\\sharp-libvips-linux-ppc64'
52 silly reify ]
53 verbose reify failed optional dependency C:\Users\Adeel Mehar\Documents\Codex\2026-04-25\files-mentioned-by-the-user-prince\prince_bot\Abdulbot-main\node_modules\@img\sharp-libvips-linux-arm64
54 silly reify mark deleted [
54 silly reify   'C:\\Users\\Adeel Mehar\\Documents\\Codex\\2026-04-25\\files-mentioned-by-the-user-prince\\prince_bot\\Abdulbot-main\\node_modules\\@img\\sharp-libvips-linux-arm64'
54 silly reify ]
55 verbose reify failed optional dependency C:\Users\Adeel Mehar\Documents\Codex\2026-04-25\files-mentioned-by-the-user-prince\prince_bot\Abdulbot-main\node_modules\@img\sharp-libvips-linux-arm
56 silly reify mark deleted [
56 silly reify   'C:\\Users\\Adeel Mehar\\Documents\\Codex\\2026-04-25\\files-mentioned-by-the-user-prince\\prince_bot\\Abdulbot-main\\node_modules\\@img\\sharp-libvips-linux-arm'
56 silly reify ]
57 verbose reify failed optional dependency C:\Users\Adeel Mehar\Documents\Codex\2026-04-25\files-mentioned-by-the-user-prince\prince_bot\Abdulbot-main\node_modules\@img\sharp-libvips-darwin-x64
58 silly reify mark deleted [
58 silly reify   'C:\\Users\\Adeel Mehar\\Documents\\Codex\\2026-04-25\\files-mentioned-by-the-user-prince\\prince_bot\\Abdulbot-main\\node_modules\\@img\\sharp-libvips-darwin-x64'
58 silly reify ]
59 verbose reify failed optional dependency C:\Users\Adeel Mehar\Documents\Codex\2026-04-25\files-mentioned-by-the-user-prince\prince_bot\Abdulbot-main\node_modules\@img\sharp-libvips-darwin-arm64
60 silly reify mark deleted [
60 silly reify   'C:\\Users\\Adeel Mehar\\Documents\\Codex\\2026-04-25\\files-mentioned-by-the-user-prince\\prince_bot\\Abdulbot-main\\node_modules\\@img\\sharp-libvips-darwin-arm64'
60 silly reify ]
61 verbose reify failed optional dependency C:\Users\Adeel Mehar\Documents\Codex\2026-04-25\files-mentioned-by-the-user-prince\prince_bot\Abdulbot-main\node_modules\@img\sharp-darwin-x64
62 silly reify mark deleted [
62 silly reify   'C:\\Users\\Adeel Mehar\\Documents\\Codex\\2026-04-25\\files-mentioned-by-the-user-prince\\prince_bot\\Abdulbot-main\\node_modules\\@img\\sharp-darwin-x64'
62 silly reify ]
63 verbose reify failed optional dependency C:\Users\Adeel Mehar\Documents\Codex\2026-04-25\files-mentioned-by-the-user-prince\prince_bot\Abdulbot-main\node_modules\@img\sharp-darwin-arm64
64 silly reify mark deleted [
64 silly reify   'C:\\Users\\Adeel Mehar\\Documents\\Codex\\2026-04-25\\files-mentioned-by-the-user-prince\\prince_bot\\Abdulbot-main\\node_modules\\@img\\sharp-darwin-arm64'
64 silly reify ]
65 http cache zod@https://registry.npmjs.org/zod/-/zod-3.25.76.tgz 2ms (cache hit)
66 http cache ytdl-core@https://registry.npmjs.org/ytdl-core/-/ytdl-core-4.11.5.tgz 0ms (cache hit)
67 http cache youtubedl-core@https://registry.npmjs.org/youtubedl-core/-/youtubedl-core-4.11.7.tgz 0ms (cache hit)
68 http cache youtube-yts@https://registry.npmjs.org/youtube-yts/-/youtube-yts-2.0.0.tgz 0ms (cache hit)
69 http cache yt-search@https://registry.npmjs.org/yt-search/-/yt-search-2.13.1.tgz 0ms (cache hit)
70 http cache yargs-parser@https://registry.npmjs.org/yargs-parser/-/yargs-parser-21.1.1.tgz 0ms (cache hit)
71 http cache yargs@https://registry.npmjs.org/yargs/-/yargs-17.7.2.tgz 0ms (cache hit)
72 http cache y18n@https://registry.npmjs.org/y18n/-/y18n-5.0.8.tgz 0ms (cache hit)
73 http cache xmlchars@https://registry.npmjs.org/xmlchars/-/xmlchars-2.2.0.tgz 0ms (cache hit)
74 http cache xmlbuilder@https://registry.npmjs.org/xmlbuilder/-/xmlbuilder-11.0.1.tgz 0ms (cache hit)
75 http cache xml2js@https://registry.npmjs.org/xml2js/-/xml2js-0.5.0.tgz 0ms (cache hit)
76 http cache xml-name-validator@https://registry.npmjs.org/xml-name-validator/-/xml-name-validator-4.0.0.tgz 0ms (cache hit)
77 http cache ws@https://registry.npmjs.org/ws/-/ws-8.20.0.tgz 0ms (cache hit)
78 http cache window-size@https://registry.npmjs.org/window-size/-/window-size-0.2.0.tgz 0ms (cache hit)
79 http cache xml-parse-from-string@https://registry.npmjs.org/xml-parse-from-string/-/xml-parse-from-string-1.0.1.tgz 1ms (cache hit)
80 http cache wrap-ansi@https://registry.npmjs.org/wrap-ansi/-/wrap-ansi-7.0.0.tgz 0ms (cache hit)
81 http cache win-guid@https://registry.npmjs.org/win-guid/-/win-guid-0.2.1.tgz 0ms (cache hit)
82 http cache which-module@https://registry.npmjs.org/which-module/-/which-module-1.0.0.tgz 0ms (cache hit)
83 http cache which@https://registry.npmjs.org/which/-/which-1.3.1.tgz 0ms (cache hit)
84 http cache whatwg-url@https://registry.npmjs.org/whatwg-url/-/whatwg-url-12.0.1.tgz 0ms (cache hit)
85 http cache whatwg-mimetype@https://registry.npmjs.org/whatwg-mimetype/-/whatwg-mimetype-4.0.0.tgz 0ms (cache hit)
86 http cache webidl-conversions@https://registry.npmjs.org/webidl-conversions/-/webidl-conversions-7.0.0.tgz 0ms (cache hit)
87 http cache wrappy@https://registry.npmjs.org/wrappy/-/wrappy-1.0.2.tgz 0ms (cache hit)
88 http cache whatwg-encoding@https://registry.npmjs.org/whatwg-encoding/-/whatwg-encoding-3.1.1.tgz 0ms (cache hit)
89 http cache w3c-xmlserializer@https://registry.npmjs.org/w3c-xmlserializer/-/w3c-xmlserializer-4.0.0.tgz 0ms (cache hit)
90 http cache verror@https://registry.npmjs.org/verror/-/verror-1.10.0.tgz 0ms (cache hit)
91 http cache uuid@https://registry.npmjs.org/uuid/-/uuid-9.0.1.tgz 0ms (cache hit)
92 http cache util-deprecate@https://registry.npmjs.org/util-deprecate/-/util-deprecate-1.0.2.tgz 0ms (cache hit)
93 http cache validate-npm-package-license@https://registry.npmjs.org/validate-npm-package-license/-/validate-npm-package-license-3.0.4.tgz 0ms (cache hit)
94 http cache utif2@https://registry.npmjs.org/utif2/-/utif2-4.1.0.tgz 0ms (cache hit)
95 http cache url-template@https://registry.npmjs.org/url-template/-/url-template-2.0.8.tgz 0ms (cache hit)
96 http cache uri-js@https://registry.npmjs.org/uri-js/-/uri-js-4.4.1.tgz 0ms (cache hit)
97 http cache url@https://registry.npmjs.org/url/-/url-0.11.0.tgz 0ms (cache hit)
98 http cache universalify@https://registry.npmjs.org/universalify/-/universalify-2.0.1.tgz 0ms (cache hit)
99 http cache url-parse@https://registry.npmjs.org/url-parse/-/url-parse-1.5.10.tgz 0ms (cache hit)
100 http cache type@https://registry.npmjs.org/type/-/type-2.7.3.tgz 0ms (cache hit)
101 http cache undici-types@https://registry.npmjs.org/undici-types/-/undici-types-5.26.5.tgz 0ms (cache hit)
102 http cache uint8array-extras@https://registry.npmjs.org/uint8array-extras/-/uint8array-extras-1.5.0.tgz 0ms (cache hit)
103 http cache tunnel-agent@https://registry.npmjs.org/tunnel-agent/-/tunnel-agent-0.6.0.tgz 0ms (cache hit)
104 http cache undici@https://registry.npmjs.org/undici/-/undici-7.25.0.tgz 0ms (cache hit)
105 http cache tweetnacl@https://registry.npmjs.org/tweetnacl/-/tweetnacl-0.14.5.tgz 0ms (cache hit)
106 http cache ttys@https://registry.npmjs.org/ttys/-/ttys-0.0.3.tgz 0ms (cache hit)
107 http cache translate-google-api@https://registry.npmjs.org/translate-google-api/-/translate-google-api-1.0.4.tgz 0ms (cache hit)
108 http cache tslib@https://registry.npmjs.org/tslib/-/tslib-2.8.1.tgz 0ms (cache hit)
109 http cache tr46@https://registry.npmjs.org/tr46/-/tr46-4.1.1.tgz 0ms (cache hit)
110 http cache tough-cookie@https://registry.npmjs.org/tough-cookie/-/tough-cookie-5.1.2.tgz 0ms (cache hit)
111 http cache token-types@https://registry.npmjs.org/token-types/-/token-types-4.2.1.tgz 0ms (cache hit)
112 http cache tldts@https://registry.npmjs.org/tldts/-/tldts-6.1.86.tgz 0ms (cache hit)
113 http cache tldts-core@https://registry.npmjs.org/tldts-core/-/tldts-core-6.1.86.tgz 0ms (cache hit)
114 http cache tinycolor2@https://registry.npmjs.org/tinycolor2/-/tinycolor2-1.6.0.tgz 0ms (cache hit)
115 http cache timers-ext@https://registry.npmjs.org/timers-ext/-/timers-ext-0.1.8.tgz 0ms (cache hit)
116 http cache thread-stream@https://registry.npmjs.org/thread-stream/-/thread-stream-2.7.0.tgz 0ms (cache hit)
117 http cache supports-color@https://registry.npmjs.org/supports-color/-/supports-color-7.2.0.tgz 0ms (cache hit)
118 http cache symbol-tree@https://registry.npmjs.org/symbol-tree/-/symbol-tree-3.2.4.tgz 0ms (cache hit)
119 http cache supports-preserve-symlinks-flag@https://registry.npmjs.org/supports-preserve-symlinks-flag/-/supports-preserve-symlinks-flag-1.0.0.tgz 0ms (cache hit)
120 http cache strtok3@https://registry.npmjs.org/strtok3/-/strtok3-6.3.0.tgz 0ms (cache hit)
121 http cache strip-bom@https://registry.npmjs.org/strip-bom/-/strip-bom-2.0.0.tgz 0ms (cache hit)
122 http cache strip-ansi@https://registry.npmjs.org/strip-ansi/-/strip-ansi-6.0.1.tgz 0ms (cache hit)
123 http cache string-width@https://registry.npmjs.org/string-width/-/string-width-4.2.3.tgz 0ms (cache hit)
124 http cache string_decoder@https://registry.npmjs.org/string_decoder/-/string_decoder-1.1.1.tgz 0ms (cache hit)
125 http cache sshpk@https://registry.npmjs.org/sshpk/-/sshpk-1.18.0.tgz 0ms (cache hit)
126 http cache split2@https://registry.npmjs.org/split2/-/split2-4.2.0.tgz 0ms (cache hit)
127 http cache spdx-expression-parse@https://registry.npmjs.org/spdx-expression-parse/-/spdx-expression-parse-3.0.1.tgz 0ms (cache hit)
128 http cache spdx-exceptions@https://registry.npmjs.org/spdx-exceptions/-/spdx-exceptions-2.5.0.tgz 0ms (cache hit)
129 http cache sonic-boom@https://registry.npmjs.org/sonic-boom/-/sonic-boom-3.8.1.tgz 0ms (cache hit)
130 http cache spdx-correct@https://registry.npmjs.org/spdx-correct/-/spdx-correct-3.2.0.tgz 0ms (cache hit)
131 http cache simple-xml-to-json@https://registry.npmjs.org/simple-xml-to-json/-/simple-xml-to-json-1.2.7.tgz 0ms (cache hit)
132 http cache signal-exit@https://registry.npmjs.org/signal-exit/-/signal-exit-3.0.7.tgz 0ms (cache hit)
133 http cache spdx-license-ids@https://registry.npmjs.org/spdx-license-ids/-/spdx-license-ids-3.0.23.tgz 0ms (cache hit)
134 http cache side-channel-weakmap@https://registry.npmjs.org/side-channel-weakmap/-/side-channel-weakmap-1.0.2.tgz 0ms (cache hit)
135 http cache side-channel-list@https://registry.npmjs.org/side-channel-list/-/side-channel-list-1.0.1.tgz 0ms (cache hit)
136 http cache side-channel-map@https://registry.npmjs.org/side-channel-map/-/side-channel-map-1.0.1.tgz 0ms (cache hit)
137 http cache sharp@https://registry.npmjs.org/sharp/-/sharp-0.34.5.tgz 0ms (cache hit)
138 http cache set-cookie@https://registry.npmjs.org/set-cookie/-/set-cookie-0.0.4.tgz 0ms (cache hit)
139 http cache set-blocking@https://registry.npmjs.org/set-blocking/-/set-blocking-2.0.0.tgz 0ms (cache hit)
140 http cache side-channel@https://registry.npmjs.org/side-channel/-/side-channel-1.1.0.tgz 0ms (cache hit)
141 http cache semver@https://registry.npmjs.org/semver/-/semver-7.7.4.tgz 0ms (cache hit)
142 http cache saxes@https://registry.npmjs.org/saxes/-/saxes-6.0.0.tgz 0ms (cache hit)
143 http cache sax@https://registry.npmjs.org/sax/-/sax-1.6.0.tgz 0ms (cache hit)
144 http cache safe-buffer@https://registry.npmjs.org/safe-buffer/-/safe-buffer-5.2.1.tgz 0ms (cache hit)
145 http cache safe-stable-stringify@https://registry.npmjs.org/safe-stable-stringify/-/safe-stable-stringify-2.5.0.tgz 0ms (cache hit)
146 http cache ruhend-scraper@https://registry.npmjs.org/ruhend-scraper/-/ruhend-scraper-8.3.0.tgz 0ms (cache hit)
147 http cache rrweb-cssom@https://registry.npmjs.org/rrweb-cssom/-/rrweb-cssom-0.6.0.tgz 0ms (cache hit)
148 http cache restore-cursor@https://registry.npmjs.org/restore-cursor/-/restore-cursor-3.1.0.tgz 0ms (cache hit)
149 http cache resolve-alpn@https://registry.npmjs.org/resolve-alpn/-/resolve-alpn-1.2.1.tgz 0ms (cache hit)
150 http cache responselike@https://registry.npmjs.org/responselike/-/responselike-2.0.1.tgz 0ms (cache hit)
151 http cache resolve@https://registry.npmjs.org/resolve/-/resolve-1.22.12.tgz 0ms (cache hit)
152 http cache requires-port@https://registry.npmjs.org/requires-port/-/requires-port-1.0.0.tgz 0ms (cache hit)
153 http cache require-main-filename@https://registry.npmjs.org/require-main-filename/-/require-main-filename-1.0.1.tgz 0ms (cache hit)
154 http cache require-directory@https://registry.npmjs.org/require-directory/-/require-directory-2.1.1.tgz 0ms (cache hit)
155 http cache request@https://registry.npmjs.org/request/-/request-2.88.2.tgz 0ms (cache hit)
156 http cache real-require@https://registry.npmjs.org/real-require/-/real-require-0.2.0.tgz 0ms (cache hit)
157 http cache readable-web-to-node-stream@https://registry.npmjs.org/readable-web-to-node-stream/-/readable-web-to-node-stream-3.0.4.tgz 0ms (cache hit)
158 http cache redstar@https://registry.npmjs.org/redstar/-/redstar-0.0.2.tgz 0ms (cache hit)
159 http cache readable-stream@https://registry.npmjs.org/readable-stream/-/readable-stream-2.3.8.tgz 0ms (cache hit)
160 http cache read-pkg-up@https://registry.npmjs.org/read-pkg-up/-/read-pkg-up-1.0.1.tgz 0ms (cache hit)
161 http cache quick-format-unescaped@https://registry.npmjs.org/quick-format-unescaped/-/quick-format-unescaped-4.0.4.tgz 0ms (cache hit)
162 http cache read-pkg@https://registry.npmjs.org/read-pkg/-/read-pkg-1.1.0.tgz 0ms (cache hit)
163 http cache querystringify@https://registry.npmjs.org/querystringify/-/querystringify-2.2.0.tgz 0ms (cache hit)
164 http cache querystring@https://registry.npmjs.org/querystring/-/querystring-0.2.0.tgz 0ms (cache hit)
165 http cache qs@https://registry.npmjs.org/qs/-/qs-6.15.1.tgz 0ms (cache hit)
166 http cache qrcode-reader@https://registry.npmjs.org/qrcode-reader/-/qrcode-reader-1.0.4.tgz 0ms (cache hit)
167 http cache qified@https://registry.npmjs.org/qified/-/qified-0.9.1.tgz 0ms (cache hit)
168 http cache qrcode-terminal@https://registry.npmjs.org/qrcode-terminal/-/qrcode-terminal-0.12.0.tgz 0ms (cache hit)
169 http cache qrcode@https://registry.npmjs.org/qrcode/-/qrcode-1.5.4.tgz 0ms (cache hit)
170 http cache punycode@https://registry.npmjs.org/punycode/-/punycode-2.3.1.tgz 0ms (cache hit)
171 http cache pump@https://registry.npmjs.org/pump/-/pump-3.0.4.tgz 0ms (cache hit)
172 http cache proxy-from-env@https://registry.npmjs.org/proxy-from-env/-/proxy-from-env-2.1.0.tgz 0ms (cache hit)
173 http cache psl@https://registry.npmjs.org/psl/-/psl-1.15.0.tgz 0ms (cache hit)
174 http cache protobufjs@https://registry.npmjs.org/protobufjs/-/protobufjs-7.5.5.tgz 0ms (cache hit)
175 http cache process-warning@https://registry.npmjs.org/process-warning/-/process-warning-3.0.0.tgz 0ms (cache hit)
176 http cache process-nextick-args@https://registry.npmjs.org/process-nextick-args/-/process-nextick-args-2.0.1.tgz 0ms (cache hit)
177 http cache safer-buffer@https://registry.npmjs.org/safer-buffer/-/safer-buffer-2.1.2.tgz 0ms (cache hit)
178 http cache process@https://registry.npmjs.org/process/-/process-0.11.10.tgz 0ms (cache hit)
179 http cache pixelmatch@https://registry.npmjs.org/pixelmatch/-/pixelmatch-5.3.0.tgz 0ms (cache hit)
180 http cache pino-abstract-transport@https://registry.npmjs.org/pino-abstract-transport/-/pino-abstract-transport-1.2.0.tgz 0ms (cache hit)
181 http cache pino-std-serializers@https://registry.npmjs.org/pino-std-serializers/-/pino-std-serializers-6.2.2.tgz 0ms (cache hit)
182 http cache pngjs@https://registry.npmjs.org/pngjs/-/pngjs-7.0.0.tgz 0ms (cache hit)
183 http cache pino@https://registry.npmjs.org/pino/-/pino-8.21.0.tgz 0ms (cache hit)
184 http cache pinkie-promise@https://registry.npmjs.org/pinkie-promise/-/pinkie-promise-2.0.1.tgz 0ms (cache hit)
185 http cache pinkie@https://registry.npmjs.org/pinkie/-/pinkie-2.0.4.tgz 0ms (cache hit)
186 http cache pify@https://registry.npmjs.org/pify/-/pify-2.3.0.tgz 0ms (cache hit)
187 http cache phin@https://registry.npmjs.org/phin/-/phin-3.7.1.tgz 0ms (cache hit)
188 http cache performance-now@https://registry.npmjs.org/performance-now/-/performance-now-2.1.0.tgz 0ms (cache hit)
189 http cache peek-readable@https://registry.npmjs.org/peek-readable/-/peek-readable-4.1.0.tgz 0ms (cache hit)
190 http cache path-type@https://registry.npmjs.org/path-type/-/path-type-1.1.0.tgz 0ms (cache hit)
191 http cache path-parse@https://registry.npmjs.org/path-parse/-/path-parse-1.0.7.tgz 0ms (cache hit)
192 http cache path-exists@https://registry.npmjs.org/path-exists/-/path-exists-2.1.0.tgz 0ms (cache hit)
193 http cache parse5-parser-stream@https://registry.npmjs.org/parse5-parser-stream/-/parse5-parser-stream-7.1.2.tgz 0ms (cache hit)
194 http cache parse5-htmlparser2-tree-adapter@https://registry.npmjs.org/parse5-htmlparser2-tree-adapter/-/parse5-htmlparser2-tree-adapter-7.1.0.tgz 0ms (cache hit)
195 http cache parse5@https://registry.npmjs.org/parse5/-/parse5-7.3.0.tgz 0ms (cache hit)
196 http cache picocolors@https://registry.npmjs.org/picocolors/-/picocolors-1.1.1.tgz 0ms (cache hit)
197 http cache parse-json@https://registry.npmjs.org/parse-json/-/parse-json-2.2.0.tgz 0ms (cache hit)
198 http cache parse-bmfont-xml@https://registry.npmjs.org/parse-bmfont-xml/-/parse-bmfont-xml-1.1.6.tgz 0ms (cache hit)
199 http cache parse-bmfont-binary@https://registry.npmjs.org/parse-bmfont-binary/-/parse-bmfont-binary-1.0.6.tgz 0ms (cache hit)
200 http cache parse-bmfont-ascii@https://registry.npmjs.org/parse-bmfont-ascii/-/parse-bmfont-ascii-1.0.6.tgz 0ms (cache hit)
201 http cache pako@https://registry.npmjs.org/pako/-/pako-1.0.11.tgz 0ms (cache hit)
202 http cache p-timeout@https://registry.npmjs.org/p-timeout/-/p-timeout-7.0.1.tgz 0ms (cache hit)
203 http cache p-try@https://registry.npmjs.org/p-try/-/p-try-2.2.0.tgz 0ms (cache hit)
204 http cache p-queue@https://registry.npmjs.org/p-queue/-/p-queue-9.1.2.tgz 0ms (cache hit)
205 http cache p-locate@https://registry.npmjs.org/p-locate/-/p-locate-4.1.0.tgz 0ms (cache hit)
206 http cache p-limit@https://registry.npmjs.org/p-limit/-/p-limit-2.3.0.tgz 0ms (cache hit)
207 http cache p-cancelable@https://registry.npmjs.org/p-cancelable/-/p-cancelable-2.1.1.tgz 0ms (cache hit)
208 http cache os-locale@https://registry.npmjs.org/os-locale/-/os-locale-1.4.0.tgz 0ms (cache hit)
209 http cache onetime@https://registry.npmjs.org/onetime/-/onetime-5.1.2.tgz 0ms (cache hit)
210 http cache once@https://registry.npmjs.org/once/-/once-1.4.0.tgz 0ms (cache hit)
211 http cache on-exit-leak-free@https://registry.npmjs.org/on-exit-leak-free/-/on-exit-leak-free-2.1.2.tgz 0ms (cache hit)
212 http cache omggif@https://registry.npmjs.org/omggif/-/omggif-1.0.10.tgz 0ms (cache hit)
213 http cache object-inspect@https://registry.npmjs.org/object-inspect/-/object-inspect-1.13.4.tgz 0ms (cache hit)
214 http cache oauth-sign@https://registry.npmjs.org/oauth-sign/-/oauth-sign-0.9.0.tgz 0ms (cache hit)
215 http cache nwsapi@https://registry.npmjs.org/nwsapi/-/nwsapi-2.2.23.tgz 0ms (cache hit)
216 http cache quick-lru@https://registry.npmjs.org/quick-lru/-/quick-lru-5.1.1.tgz 0ms (cache hit)
217 http cache number-is-nan@https://registry.npmjs.org/number-is-nan/-/number-is-nan-1.0.1.tgz 0ms (cache hit)
218 http cache nth-check@https://registry.npmjs.org/nth-check/-/nth-check-2.1.1.tgz 0ms (cache hit)
219 http cache node-youtube-music@https://registry.npmjs.org/node-youtube-music/-/node-youtube-music-0.8.3.tgz 0ms (cache hit)
220 http cache normalize-url@https://registry.npmjs.org/normalize-url/-/normalize-url-6.1.0.tgz 0ms (cache hit)
221 http cache node-id3@https://registry.npmjs.org/node-id3/-/node-id3-0.2.9.tgz 0ms (cache hit)
222 http cache normalize-package-data@https://registry.npmjs.org/normalize-package-data/-/normalize-package-data-2.5.0.tgz 0ms (cache hit)
223 http cache node-webpmux@https://registry.npmjs.org/node-webpmux/-/node-webpmux-3.2.1.tgz 0ms (cache hit)
224 http cache node-fetch@https://registry.npmjs.org/node-fetch/-/node-fetch-2.7.0.tgz 0ms (cache hit)
225 http cache node-fzf@https://registry.npmjs.org/node-fzf/-/node-fzf-0.5.3.tgz 0ms (cache hit)
226 http cache next-tick@https://registry.npmjs.org/next-tick/-/next-tick-1.1.0.tgz 0ms (cache hit)
227 http cache node-cache@https://registry.npmjs.org/node-cache/-/node-cache-5.1.2.tgz 0ms (cache hit)
228 http cache mumaker@https://registry.npmjs.org/mumaker/-/mumaker-2.0.0.tgz 0ms (cache hit)
229 http cache multistream@https://registry.npmjs.org/multistream/-/multistream-2.1.1.tgz 0ms (cache hit)
230 http cache ms@https://registry.npmjs.org/ms/-/ms-2.1.3.tgz 0ms (cache hit)
231 http cache music-metadata@https://registry.npmjs.org/music-metadata/-/music-metadata-11.12.3.tgz 0ms (cache hit)
232 http cache moment-timezone@https://registry.npmjs.org/moment-timezone/-/moment-timezone-0.5.48.tgz 1ms (cache hit)
233 http cache moment@https://registry.npmjs.org/moment/-/moment-2.30.1.tgz 0ms (cache hit)
234 http cache minimist@https://registry.npmjs.org/minimist/-/minimist-1.2.8.tgz 0ms (cache hit)
235 http cache miniget@https://registry.npmjs.org/miniget/-/miniget-4.2.3.tgz 0ms (cache hit)
236 http cache minimatch@https://registry.npmjs.org/minimatch/-/minimatch-3.0.8.tgz 0ms (cache hit)
237 http cache mimic-response@https://registry.npmjs.org/mimic-response/-/mimic-response-1.0.1.tgz 0ms (cache hit)
238 http cache mime-types@https://registry.npmjs.org/mime-types/-/mime-types-2.1.35.tgz 0ms (cache hit)
239 http cache mimic-fn@https://registry.npmjs.org/mimic-fn/-/mimic-fn-2.1.0.tgz 0ms (cache hit)
240 http cache mime-db@https://registry.npmjs.org/mime-db/-/mime-db-1.52.0.tgz 0ms (cache hit)
241 http cache mime@https://registry.npmjs.org/mime/-/mime-3.0.0.tgz 0ms (cache hit)
242 http cache memoizee@https://registry.npmjs.org/memoizee/-/memoizee-0.4.17.tgz 0ms (cache hit)
243 http cache media-typer@https://registry.npmjs.org/media-typer/-/media-typer-1.1.0.tgz 0ms (cache hit)
244 http cache math-intrinsics@https://registry.npmjs.org/math-intrinsics/-/math-intrinsics-1.1.0.tgz 0ms (cache hit)
245 http cache m3u8stream@https://registry.npmjs.org/m3u8stream/-/m3u8stream-0.8.6.tgz 1ms (cache hit)
246 http cache lru-queue@https://registry.npmjs.org/lru-queue/-/lru-queue-0.1.0.tgz 0ms (cache hit)
247 http cache lowercase-keys@https://registry.npmjs.org/lowercase-keys/-/lowercase-keys-2.0.0.tgz 0ms (cache hit)
248 http cache long@https://registry.npmjs.org/long/-/long-5.3.2.tgz 0ms (cache hit)
249 http cache lru-cache@https://registry.npmjs.org/lru-cache/-/lru-cache-11.3.5.tgz 0ms (cache hit)
250 http cache lodash.assign@https://registry.npmjs.org/lodash.assign/-/lodash.assign-4.2.0.tgz 0ms (cache hit)
251 http cache locate-path@https://registry.npmjs.org/locate-path/-/locate-path-5.0.0.tgz 0ms (cache hit)
252 http cache load-json-file@https://registry.npmjs.org/load-json-file/-/load-json-file-1.1.0.tgz 0ms (cache hit)
253 http cache link-preview-js@https://registry.npmjs.org/link-preview-js/-/link-preview-js-3.2.0.tgz 0ms (cache hit)
254 http cache libsignal@https://registry.npmjs.org/libsignal/-/libsignal-2.0.1.tgz 0ms (cache hit)
255 http cache libphonenumber-js@https://registry.npmjs.org/libphonenumber-js/-/libphonenumber-js-1.12.41.tgz 0ms (cache hit)
256 http cache lcid@https://registry.npmjs.org/lcid/-/lcid-1.0.0.tgz 0ms (cache hit)
257 http cache keypress@https://registry.npmjs.org/keypress/-/keypress-0.2.1.tgz 0ms (cache hit)
258 http cache keyv@https://registry.npmjs.org/keyv/-/keyv-5.6.0.tgz 0ms (cache hit)
259 http cache jsprim@https://registry.npmjs.org/jsprim/-/jsprim-1.4.2.tgz 0ms (cache hit)
260 http cache jws@https://registry.npmjs.org/jws/-/jws-4.0.1.tgz 0ms (cache hit)
261 http cache jwa@https://registry.npmjs.org/jwa/-/jwa-2.0.1.tgz 0ms (cache hit)
262 http cache jsonfile@https://registry.npmjs.org/jsonfile/-/jsonfile-6.2.1.tgz 0ms (cache hit)
263 http cache jsonpath-plus@https://registry.npmjs.org/jsonpath-plus/-/jsonpath-plus-5.0.7.tgz 0ms (cache hit)
264 http cache json-stringify-safe@https://registry.npmjs.org/json-stringify-safe/-/json-stringify-safe-5.0.1.tgz 0ms (cache hit)
265 http cache json-schema-traverse@https://registry.npmjs.org/json-schema-traverse/-/json-schema-traverse-0.4.1.tgz 0ms (cache hit)
266 http cache json-schema@https://registry.npmjs.org/json-schema/-/json-schema-0.4.0.tgz 0ms (cache hit)
267 http cache json-buffer@https://registry.npmjs.org/json-buffer/-/json-buffer-3.0.1.tgz 0ms (cache hit)
268 http cache jsep@https://registry.npmjs.org/jsep/-/jsep-1.4.0.tgz 0ms (cache hit)
269 http cache json-bigint@https://registry.npmjs.org/json-bigint/-/json-bigint-1.0.0.tgz 0ms (cache hit)
270 http cache jsdom@https://registry.npmjs.org/jsdom/-/jsdom-22.1.0.tgz 0ms (cache hit)
271 http cache jimp@https://registry.npmjs.org/jimp/-/jimp-1.6.1.tgz 0ms (cache hit)
272 http cache jsbn@https://registry.npmjs.org/jsbn/-/jsbn-0.1.1.tgz 0ms (cache hit)
273 http cache jpeg-js@https://registry.npmjs.org/jpeg-js/-/jpeg-js-0.4.4.tgz 0ms (cache hit)
274 http cache isexe@https://registry.npmjs.org/isexe/-/isexe-2.0.0.tgz 0ms (cache hit)
275 http cache isstream@https://registry.npmjs.org/isstream/-/isstream-0.1.2.tgz 0ms (cache hit)
276 http cache isarray@https://registry.npmjs.org/isarray/-/isarray-1.0.0.tgz 0ms (cache hit)
277 http cache is-utf8@https://registry.npmjs.org/is-utf8/-/is-utf8-0.2.1.tgz 0ms (cache hit)
278 http cache is-typedarray@https://registry.npmjs.org/is-typedarray/-/is-typedarray-1.0.0.tgz 0ms (cache hit)
279 http cache is-stream@https://registry.npmjs.org/is-stream/-/is-stream-2.0.1.tgz 0ms (cache hit)
280 http cache is-promise@https://registry.npmjs.org/is-promise/-/is-promise-2.2.2.tgz 0ms (cache hit)
281 http cache is-fullwidth-code-point@https://registry.npmjs.org/is-fullwidth-code-point/-/is-fullwidth-code-point-3.0.0.tgz 0ms (cache hit)
282 http cache is-potential-custom-element-name@https://registry.npmjs.org/is-potential-custom-element-name/-/is-potential-custom-element-name-1.0.1.tgz 0ms (cache hit)
283 http cache is-core-module@https://registry.npmjs.org/is-core-module/-/is-core-module-2.16.1.tgz 0ms (cache hit)
284 http cache is-arrayish@https://registry.npmjs.org/is-arrayish/-/is-arrayish-0.2.1.tgz 0ms (cache hit)
285 http cache invert-kv@https://registry.npmjs.org/invert-kv/-/invert-kv-1.0.0.tgz 0ms (cache hit)
286 http cache inherits@https://registry.npmjs.org/inherits/-/inherits-2.0.4.tgz 0ms (cache hit)
287 http cache image-q@https://registry.npmjs.org/image-q/-/image-q-4.0.0.tgz 0ms (cache hit)
288 http cache ieee754@https://registry.npmjs.org/ieee754/-/ieee754-1.2.1.tgz 0ms (cache hit)
289 http cache iconv-lite@https://registry.npmjs.org/iconv-lite/-/iconv-lite-0.6.3.tgz 0ms (cache hit)
290 http cache human-time@https://registry.npmjs.org/human-time/-/human-time-0.0.2.tgz 0ms (cache hit)
291 http cache human-readable@https://registry.npmjs.org/human-readable/-/human-readable-0.2.1.tgz 0ms (cache hit)
292 http cache https-proxy-agent@https://registry.npmjs.org/https-proxy-agent/-/https-proxy-agent-7.0.6.tgz 0ms (cache hit)
293 http cache http2-wrapper@https://registry.npmjs.org/http2-wrapper/-/http2-wrapper-1.0.3.tgz 0ms (cache hit)
294 http cache http-signature@https://registry.npmjs.org/http-signature/-/http-signature-1.2.0.tgz 0ms (cache hit)
295 http cache http-proxy-agent@https://registry.npmjs.org/http-proxy-agent/-/http-proxy-agent-5.0.0.tgz 0ms (cache hit)
296 http cache http-cookie-agent@https://registry.npmjs.org/http-cookie-agent/-/http-cookie-agent-7.0.3.tgz 0ms (cache hit)
297 http cache http-cache-semantics@https://registry.npmjs.org/http-cache-semantics/-/http-cache-semantics-4.2.0.tgz 0ms (cache hit)
298 http cache htmlparser2@https://registry.npmjs.org/htmlparser2/-/htmlparser2-10.1.0.tgz 0ms (cache hit)
299 http cache html-encoding-sniffer@https://registry.npmjs.org/html-encoding-sniffer/-/html-encoding-sniffer-3.0.0.tgz 0ms (cache hit)
300 http cache hosted-git-info@https://registry.npmjs.org/hosted-git-info/-/hosted-git-info-2.8.9.tgz 0ms (cache hit)
301 http cache hookified@https://registry.npmjs.org/hookified/-/hookified-1.15.1.tgz 0ms (cache hit)
302 http cache hashery@https://registry.npmjs.org/hashery/-/hashery-1.5.1.tgz 0ms (cache hit)
303 http cache hasown@https://registry.npmjs.org/hasown/-/hasown-2.0.3.tgz 0ms (cache hit)
304 http cache has-symbols@https://registry.npmjs.org/has-symbols/-/has-symbols-1.1.0.tgz 0ms (cache hit)
305 http cache has-tostringtag@https://registry.npmjs.org/has-tostringtag/-/has-tostringtag-1.0.2.tgz 0ms (cache hit)
306 http cache har-validator@https://registry.npmjs.org/har-validator/-/har-validator-5.1.5.tgz 0ms (cache hit)
307 http cache har-schema@https://registry.npmjs.org/har-schema/-/har-schema-2.0.0.tgz 0ms (cache hit)
308 http cache has-flag@https://registry.npmjs.org/has-flag/-/has-flag-4.0.0.tgz 1ms (cache hit)
309 http cache gtts@https://registry.npmjs.org/gtts/-/gtts-0.2.1.tgz 0ms (cache hit)
310 http cache gtoken@https://registry.npmjs.org/gtoken/-/gtoken-7.1.0.tgz 0ms (cache hit)
311 http cache graceful-fs@https://registry.npmjs.org/graceful-fs/-/graceful-fs-4.2.11.tgz 0ms (cache hit)
312 http cache got@https://registry.npmjs.org/got/-/got-11.8.6.tgz 0ms (cache hit)
313 http cache googleapis-common@https://registry.npmjs.org/googleapis-common/-/googleapis-common-7.2.0.tgz 0ms (cache hit)
314 http cache gopd@https://registry.npmjs.org/gopd/-/gopd-1.2.0.tgz 0ms (cache hit)
315 http cache googleapis@https://registry.npmjs.org/googleapis/-/googleapis-144.0.0.tgz 0ms (cache hit)
316 http cache google-logging-utils@https://registry.npmjs.org/google-logging-utils/-/google-logging-utils-0.0.2.tgz 0ms (cache hit)
317 http cache gifwrap@https://registry.npmjs.org/gifwrap/-/gifwrap-0.10.1.tgz 0ms (cache hit)
318 http cache google-auth-library@https://registry.npmjs.org/google-auth-library/-/google-auth-library-9.15.1.tgz 0ms (cache hit)
319 http cache getpass@https://registry.npmjs.org/getpass/-/getpass-0.1.7.tgz 0ms (cache hit)
320 http cache get-stream@https://registry.npmjs.org/get-stream/-/get-stream-5.2.0.tgz 0ms (cache hit)
321 http cache get-proto@https://registry.npmjs.org/get-proto/-/get-proto-1.0.1.tgz 0ms (cache hit)
322 http cache get-intrinsic@https://registry.npmjs.org/get-intrinsic/-/get-intrinsic-1.3.0.tgz 0ms (cache hit)
323 http cache get-caller-file@https://registry.npmjs.org/get-caller-file/-/get-caller-file-2.0.5.tgz 0ms (cache hit)
324 http cache gaxios@https://registry.npmjs.org/gaxios/-/gaxios-6.7.1.tgz 1ms (cache hit)
325 http cache gcp-metadata@https://registry.npmjs.org/gcp-metadata/-/gcp-metadata-6.1.1.tgz 0ms (cache hit)
326 http cache fs-extra@https://registry.npmjs.org/fs-extra/-/fs-extra-11.3.4.tgz 0ms (cache hit)
327 http cache function-bind@https://registry.npmjs.org/function-bind/-/function-bind-1.1.2.tgz 0ms (cache hit)
328 http cache form-data@https://registry.npmjs.org/form-data/-/form-data-4.0.5.tgz 0ms (cache hit)
329 http cache follow-redirects@https://registry.npmjs.org/follow-redirects/-/follow-redirects-1.16.0.tgz 0ms (cache hit)
330 http cache forever-agent@https://registry.npmjs.org/forever-agent/-/forever-agent-0.6.1.tgz 0ms (cache hit)
331 http cache fluent-ffmpeg@https://registry.npmjs.org/fluent-ffmpeg/-/fluent-ffmpeg-2.1.3.tgz 0ms (cache hit)
332 http cache find-up@https://registry.npmjs.org/find-up/-/find-up-1.1.2.tgz 0ms (cache hit)
333 http cache file-type@https://registry.npmjs.org/file-type/-/file-type-16.5.4.tgz 0ms (cache hit)
334 http cache fast-json-stable-stringify@https://registry.npmjs.org/fast-json-stable-stringify/-/fast-json-stable-stringify-2.1.0.tgz 0ms (cache hit)
335 http cache fast-redact@https://registry.npmjs.org/fast-redact/-/fast-redact-3.5.0.tgz 0ms (cache hit)
336 http cache fast-deep-equal@https://registry.npmjs.org/fast-deep-equal/-/fast-deep-equal-3.1.3.tgz 0ms (cache hit)
337 http cache extsprintf@https://registry.npmjs.org/extsprintf/-/extsprintf-1.3.0.tgz 0ms (cache hit)
338 http cache extend@https://registry.npmjs.org/extend/-/extend-3.0.2.tgz 0ms (cache hit)
339 http cache ext@https://registry.npmjs.org/ext/-/ext-1.7.0.tgz 0ms (cache hit)
340 http cache exif-parser@https://registry.npmjs.org/exif-parser/-/exif-parser-0.1.12.tgz 0ms (cache hit)
341 http cache events@https://registry.npmjs.org/events/-/events-3.3.0.tgz 0ms (cache hit)
342 http cache eventemitter3@https://registry.npmjs.org/eventemitter3/-/eventemitter3-5.0.4.tgz 0ms (cache hit)
343 http cache esniff@https://registry.npmjs.org/esniff/-/esniff-2.0.1.tgz 0ms (cache hit)
344 http cache event-target-shim@https://registry.npmjs.org/event-target-shim/-/event-target-shim-5.0.1.tgz 0ms (cache hit)
345 http cache escape-string-regexp@https://registry.npmjs.org/escape-string-regexp/-/escape-string-regexp-1.0.5.tgz 0ms (cache hit)
346 http cache event-emitter@https://registry.npmjs.org/event-emitter/-/event-emitter-0.3.5.tgz 0ms (cache hit)
347 http cache es6-weak-map@https://registry.npmjs.org/es6-weak-map/-/es6-weak-map-2.0.3.tgz 0ms (cache hit)
348 http cache escalade@https://registry.npmjs.org/escalade/-/escalade-3.2.0.tgz 0ms (cache hit)
349 http cache es6-symbol@https://registry.npmjs.org/es6-symbol/-/es6-symbol-3.1.4.tgz 0ms (cache hit)
350 http cache es6-iterator@https://registry.npmjs.org/es6-iterator/-/es6-iterator-2.0.3.tgz 0ms (cache hit)
351 http cache es-set-tostringtag@https://registry.npmjs.org/es-set-tostringtag/-/es-set-tostringtag-2.1.0.tgz 0ms (cache hit)
352 http cache es5-ext@https://registry.npmjs.org/es5-ext/-/es5-ext-0.10.64.tgz 0ms (cache hit)
353 http cache es-object-atoms@https://registry.npmjs.org/es-object-atoms/-/es-object-atoms-1.1.1.tgz 0ms (cache hit)
354 http cache es-errors@https://registry.npmjs.org/es-errors/-/es-errors-1.3.0.tgz 0ms (cache hit)
355 http cache es-define-property@https://registry.npmjs.org/es-define-property/-/es-define-property-1.0.1.tgz 0ms (cache hit)
356 http cache error-ex@https://registry.npmjs.org/error-ex/-/error-ex-1.3.4.tgz 0ms (cache hit)
357 http cache entities@https://registry.npmjs.org/entities/-/entities-4.5.0.tgz 0ms (cache hit)
358 http cache end-of-stream@https://registry.npmjs.org/end-of-stream/-/end-of-stream-1.4.5.tgz 0ms (cache hit)
359 http cache emoji-regex@https://registry.npmjs.org/emoji-regex/-/emoji-regex-8.0.0.tgz 0ms (cache hit)
360 http cache ecdsa-sig-formatter@https://registry.npmjs.org/ecdsa-sig-formatter/-/ecdsa-sig-formatter-1.0.11.tgz 0ms (cache hit)
361 http cache encoding-sniffer@https://registry.npmjs.org/encoding-sniffer/-/encoding-sniffer-0.2.1.tgz 0ms (cache hit)
362 http cache ecc-jsbn@https://registry.npmjs.org/ecc-jsbn/-/ecc-jsbn-0.1.2.tgz 0ms (cache hit)
363 http cache dotenv@https://registry.npmjs.org/dotenv/-/dotenv-16.6.1.tgz 0ms (cache hit)
364 http cache domutils@https://registry.npmjs.org/domutils/-/domutils-3.2.2.tgz 0ms (cache hit)
365 http cache domhandler@https://registry.npmjs.org/domhandler/-/domhandler-5.0.3.tgz 0ms (cache hit)
366 http cache domexception@https://registry.npmjs.org/domexception/-/domexception-4.0.0.tgz 0ms (cache hit)
367 http cache domelementtype@https://registry.npmjs.org/domelementtype/-/domelementtype-2.3.0.tgz 0ms (cache hit)
368 http cache dom-serializer@https://registry.npmjs.org/dom-serializer/-/dom-serializer-2.0.0.tgz 0ms (cache hit)
369 http cache dijkstrajs@https://registry.npmjs.org/dijkstrajs/-/dijkstrajs-1.0.3.tgz 0ms (cache hit)
370 http cache detect-libc@https://registry.npmjs.org/detect-libc/-/detect-libc-2.1.2.tgz 0ms (cache hit)
371 http cache delayed-stream@https://registry.npmjs.org/delayed-stream/-/delayed-stream-1.0.0.tgz 0ms (cache hit)
372 http cache defer-to-connect@https://registry.npmjs.org/defer-to-connect/-/defer-to-connect-2.0.1.tgz 0ms (cache hit)
373 http cache decompress-response@https://registry.npmjs.org/decompress-response/-/decompress-response-6.0.0.tgz 0ms (cache hit)
374 http cache decimal.js@https://registry.npmjs.org/decimal.js/-/decimal.js-10.6.0.tgz 0ms (cache hit)
375 http cache dunder-proto@https://registry.npmjs.org/dunder-proto/-/dunder-proto-1.0.1.tgz 0ms (cache hit)
376 http cache decamelize@https://registry.npmjs.org/decamelize/-/decamelize-1.2.0.tgz 0ms (cache hit)
377 http cache data-urls@https://registry.npmjs.org/data-urls/-/data-urls-4.0.0.tgz 0ms (cache hit)
378 http cache debug@https://registry.npmjs.org/debug/-/debug-4.4.3.tgz 0ms (cache hit)
379 http cache dasu@https://registry.npmjs.org/dasu/-/dasu-0.4.3.tgz 0ms (cache hit)
380 http cache dashdash@https://registry.npmjs.org/dashdash/-/dashdash-1.14.1.tgz 0ms (cache hit)
381 http cache d@https://registry.npmjs.org/d/-/d-1.0.2.tgz 0ms (cache hit)
382 http cache curve25519-js@https://registry.npmjs.org/curve25519-js/-/curve25519-js-0.0.4.tgz 1ms (cache hit)
383 http cache cssstyle@https://registry.npmjs.org/cssstyle/-/cssstyle-3.0.0.tgz 0ms (cache hit)
384 http cache css-select@https://registry.npmjs.org/css-select/-/css-select-5.2.2.tgz 0ms (cache hit)
385 http cache css-what@https://registry.npmjs.org/css-what/-/css-what-6.2.2.tgz 0ms (cache hit)
386 http cache core-util-is@https://registry.npmjs.org/core-util-is/-/core-util-is-1.0.3.tgz 0ms (cache hit)
387 http cache cookie@https://registry.npmjs.org/cookie/-/cookie-0.5.0.tgz 0ms (cache hit)
388 http cache content-type@https://registry.npmjs.org/content-type/-/content-type-1.0.5.tgz 0ms (cache hit)
389 http cache concat-map@https://registry.npmjs.org/concat-map/-/concat-map-0.0.1.tgz 0ms (cache hit)
390 http cache combined-stream@https://registry.npmjs.org/combined-stream/-/combined-stream-1.0.8.tgz 0ms (cache hit)
391 http cache color-name@https://registry.npmjs.org/color-name/-/color-name-1.1.4.tgz 0ms (cache hit)
392 http cache clone-response@https://registry.npmjs.org/clone-response/-/clone-response-1.0.3.tgz 0ms (cache hit)
393 http cache color-convert@https://registry.npmjs.org/color-convert/-/color-convert-2.0.1.tgz 1ms (cache hit)
394 http cache cliui@https://registry.npmjs.org/cliui/-/cliui-8.0.1.tgz 0ms (cache hit)
395 http cache clone@https://registry.npmjs.org/clone/-/clone-2.1.2.tgz 0ms (cache hit)
396 http cache cli-color@https://registry.npmjs.org/cli-color/-/cli-color-1.2.0.tgz 0ms (cache hit)
397 http cache code-point-at@https://registry.npmjs.org/code-point-at/-/code-point-at-1.1.0.tgz 0ms (cache hit)
398 http cache cheerio-select@https://registry.npmjs.org/cheerio-select/-/cheerio-select-2.1.0.tgz 0ms (cache hit)
399 http cache cheerio@https://registry.npmjs.org/cheerio/-/cheerio-1.2.0.tgz 0ms (cache hit)
400 http cache chalk@https://registry.npmjs.org/chalk/-/chalk-4.1.2.tgz 0ms (cache hit)
401 http cache centra@https://registry.npmjs.org/centra/-/centra-2.7.0.tgz 0ms (cache hit)
402 http cache caseless@https://registry.npmjs.org/caseless/-/caseless-0.12.0.tgz 0ms (cache hit)
403 http cache camelcase@https://registry.npmjs.org/camelcase/-/camelcase-3.0.0.tgz 0ms (cache hit)
404 http cache call-bound@https://registry.npmjs.org/call-bound/-/call-bound-1.0.4.tgz 0ms (cache hit)
405 http cache cacheable-request@https://registry.npmjs.org/cacheable-request/-/cacheable-request-7.0.4.tgz 0ms (cache hit)
406 http cache call-bind-apply-helpers@https://registry.npmjs.org/call-bind-apply-helpers/-/call-bind-apply-helpers-1.0.2.tgz 0ms (cache hit)
407 http cache cacheable-lookup@https://registry.npmjs.org/cacheable-lookup/-/cacheable-lookup-5.0.4.tgz 0ms (cache hit)
408 http cache cacheable@https://registry.npmjs.org/cacheable/-/cacheable-2.3.4.tgz 0ms (cache hit)
409 http cache buffer-equal-constant-time@https://registry.npmjs.org/buffer-equal-constant-time/-/buffer-equal-constant-time-1.0.1.tgz 0ms (cache hit)
410 http cache buffer@https://registry.npmjs.org/buffer/-/buffer-6.0.3.tgz 0ms (cache hit)
411 http cache bmp-ts@https://registry.npmjs.org/bmp-ts/-/bmp-ts-1.0.9.tgz 0ms (cache hit)
412 http cache brace-expansion@https://registry.npmjs.org/brace-expansion/-/brace-expansion-1.1.14.tgz 0ms (cache hit)
413 http cache boolstring@https://registry.npmjs.org/boolstring/-/boolstring-1.0.2.tgz 0ms (cache hit)
414 http cache bcrypt-pbkdf@https://registry.npmjs.org/bcrypt-pbkdf/-/bcrypt-pbkdf-1.0.2.tgz 0ms (cache hit)
415 http cache boolbase@https://registry.npmjs.org/boolbase/-/boolbase-1.0.0.tgz 0ms (cache hit)
416 http cache bignumber.js@https://registry.npmjs.org/bignumber.js/-/bignumber.js-9.3.1.tgz 0ms (cache hit)
417 http cache base64-js@https://registry.npmjs.org/base64-js/-/base64-js-1.5.1.tgz 0ms (cache hit)
418 http cache balanced-match@https://registry.npmjs.org/balanced-match/-/balanced-match-1.0.2.tgz 0ms (cache hit)
419 http cache axios@https://registry.npmjs.org/axios/-/axios-1.15.2.tgz 0ms (cache hit)
420 http cache axios-cookiejar-support@https://registry.npmjs.org/axios-cookiejar-support/-/axios-cookiejar-support-5.0.5.tgz 0ms (cache hit)
421 http cache aws4@https://registry.npmjs.org/aws4/-/aws4-1.13.2.tgz 0ms (cache hit)
422 http cache aws-sign2@https://registry.npmjs.org/aws-sign2/-/aws-sign2-0.7.0.tgz 0ms (cache hit)
423 http cache awesome-phonenumber@https://registry.npmjs.org/awesome-phonenumber/-/awesome-phonenumber-5.11.0.tgz 0ms (cache hit)
424 http cache await-to-js@https://registry.npmjs.org/await-to-js/-/await-to-js-3.0.0.tgz 0ms (cache hit)
425 http cache asynckit@https://registry.npmjs.org/asynckit/-/asynckit-0.4.0.tgz 0ms (cache hit)
426 http cache async.util.parallel@https://registry.npmjs.org/async.util.parallel/-/async.util.parallel-0.5.2.tgz 0ms (cache hit)
427 http cache async.util.restparam@https://registry.npmjs.org/async.util.restparam/-/async.util.restparam-0.5.2.tgz 0ms (cache hit)
428 http cache async.util.onlyonce@https://registry.npmjs.org/async.util.onlyonce/-/async.util.onlyonce-0.5.2.tgz 0ms (cache hit)
429 http cache async.util.keys@https://registry.npmjs.org/async.util.keys/-/async.util.keys-0.5.2.tgz 0ms (cache hit)
430 http cache async.util.once@https://registry.npmjs.org/async.util.once/-/async.util.once-0.5.2.tgz 0ms (cache hit)
431 http cache async.util.isarray@https://registry.npmjs.org/async.util.isarray/-/async.util.isarray-0.5.2.tgz 0ms (cache hit)
432 http cache async.util.keyiterator@https://registry.npmjs.org/async.util.keyiterator/-/async.util.keyiterator-0.5.2.tgz 0ms (cache hit)
433 http cache async.util.isarraylike@https://registry.npmjs.org/async.util.isarraylike/-/async.util.isarraylike-0.5.2.tgz 0ms (cache hit)
434 http cache async.util.eachoflimit@https://registry.npmjs.org/async.util.eachoflimit/-/async.util.eachoflimit-0.5.2.tgz 0ms (cache hit)
435 http cache atomic-sleep@https://registry.npmjs.org/atomic-sleep/-/atomic-sleep-1.0.0.tgz 0ms (cache hit)
436 http cache async.util.noop@https://registry.npmjs.org/async.util.noop/-/async.util.noop-0.5.2.tgz 0ms (cache hit)
437 http cache async@https://registry.npmjs.org/async/-/async-0.2.10.tgz 0ms (cache hit)
438 http cache async.parallellimit@https://registry.npmjs.org/async.parallellimit/-/async.parallellimit-0.5.2.tgz 0ms (cache hit)
439 http cache async-mutex@https://registry.npmjs.org/async-mutex/-/async-mutex-0.5.0.tgz 0ms (cache hit)
440 http cache assert-plus@https://registry.npmjs.org/assert-plus/-/assert-plus-1.0.0.tgz 0ms (cache hit)
441 http cache asn1@https://registry.npmjs.org/asn1/-/asn1-0.2.6.tgz 0ms (cache hit)
442 http cache ansi-styles@https://registry.npmjs.org/ansi-styles/-/ansi-styles-4.3.0.tgz 0ms (cache hit)
443 http cache ansi-regex@https://registry.npmjs.org/ansi-regex/-/ansi-regex-5.0.1.tgz 0ms (cache hit)
444 http cache any-base@https://registry.npmjs.org/any-base/-/any-base-1.1.0.tgz 0ms (cache hit)
445 http cache @emnapi/runtime@https://registry.npmjs.org/@emnapi/runtime/-/runtime-1.10.0.tgz 1ms (cache hit)
446 http cache strip-ansi@https://registry.npmjs.org/strip-ansi/-/strip-ansi-4.0.0.tgz 0ms (cache hit)
447 http cache node-fzf@https://registry.npmjs.org/node-fzf/-/node-fzf-0.14.0.tgz 0ms (cache hit)
448 http cache string-width@https://registry.npmjs.org/string-width/-/string-width-2.1.1.tgz 0ms (cache hit)
449 http cache jsonpath-plus@https://registry.npmjs.org/jsonpath-plus/-/jsonpath-plus-10.3.0.tgz 0ms (cache hit)
450 http cache is-fullwidth-code-point@https://registry.npmjs.org/is-fullwidth-code-point/-/is-fullwidth-code-point-2.0.0.tgz 0ms (cache hit)
451 http cache boolstring@https://registry.npmjs.org/boolstring/-/boolstring-2.0.1.tgz 0ms (cache hit)
452 http cache ansi-regex@https://registry.npmjs.org/ansi-regex/-/ansi-regex-3.0.1.tgz 0ms (cache hit)
453 http cache core-util-is@https://registry.npmjs.org/core-util-is/-/core-util-is-1.0.2.tgz 0ms (cache hit)
454 http cache axios@https://registry.npmjs.org/axios/-/axios-0.20.0.tgz 0ms (cache hit)
455 http cache punycode@https://registry.npmjs.org/punycode/-/punycode-1.3.2.tgz 0ms (cache hit)
456 http cache cookie@https://registry.npmjs.org/cookie/-/cookie-0.1.5.tgz 0ms (cache hit)
457 http cache safe-buffer@https://registry.npmjs.org/safe-buffer/-/safe-buffer-5.1.2.tgz 0ms (cache hit)
458 http cache parse5-htmlparser2-tree-adapter@https://registry.npmjs.org/parse5-htmlparser2-tree-adapter/-/parse5-htmlparser2-tree-adapter-6.0.1.tgz 0ms (cache hit)
459 http cache parse5@https://registry.npmjs.org/parse5/-/parse5-6.0.1.tgz 0ms (cache hit)
460 http cache domutils@https://registry.npmjs.org/domutils/-/domutils-2.8.0.tgz 0ms (cache hit)
461 http cache htmlparser2@https://registry.npmjs.org/htmlparser2/-/htmlparser2-6.1.0.tgz 0ms (cache hit)
462 http cache entities@https://registry.npmjs.org/entities/-/entities-2.2.0.tgz 0ms (cache hit)
463 http cache domhandler@https://registry.npmjs.org/domhandler/-/domhandler-4.3.1.tgz 0ms (cache hit)
464 http cache dom-serializer@https://registry.npmjs.org/dom-serializer/-/dom-serializer-1.4.1.tgz 0ms (cache hit)
465 http cache css-select@https://registry.npmjs.org/css-select/-/css-select-4.3.0.tgz 0ms (cache hit)
466 http cache uuid@https://registry.npmjs.org/uuid/-/uuid-3.4.0.tgz 0ms (cache hit)
467 http cache cheerio-select@https://registry.npmjs.org/cheerio-select/-/cheerio-select-1.6.0.tgz 0ms (cache hit)
468 http cache cheerio@https://registry.npmjs.org/cheerio/-/cheerio-1.0.0-rc.10.tgz 0ms (cache hit)
469 http cache qs@https://registry.npmjs.org/qs/-/qs-6.5.5.tgz 0ms (cache hit)
470 http cache tough-cookie@https://registry.npmjs.org/tough-cookie/-/tough-cookie-2.5.0.tgz 0ms (cache hit)
471 http cache form-data@https://registry.npmjs.org/form-data/-/form-data-2.3.3.tgz 0ms (cache hit)
472 http cache readable-stream@https://registry.npmjs.org/readable-stream/-/readable-stream-4.7.0.tgz 0ms (cache hit)
473 http cache string_decoder@https://registry.npmjs.org/string_decoder/-/string_decoder-1.3.0.tgz 0ms (cache hit)
474 http cache yargs@https://registry.npmjs.org/yargs/-/yargs-15.4.1.tgz 0ms (cache hit)
475 http cache safe-buffer@https://registry.npmjs.org/safe-buffer/-/safe-buffer-5.1.2.tgz 0ms (cache hit)
476 http cache yargs-parser@https://registry.npmjs.org/yargs-parser/-/yargs-parser-18.1.3.tgz 0ms (cache hit)
477 http cache y18n@https://registry.npmjs.org/y18n/-/y18n-4.0.3.tgz 0ms (cache hit)
478 http cache which-module@https://registry.npmjs.org/which-module/-/which-module-2.0.1.tgz 0ms (cache hit)
479 http cache require-main-filename@https://registry.npmjs.org/require-main-filename/-/require-main-filename-2.0.0.tgz 0ms (cache hit)
480 http cache pngjs@https://registry.npmjs.org/pngjs/-/pngjs-5.0.0.tgz 0ms (cache hit)
481 http cache path-exists@https://registry.npmjs.org/path-exists/-/path-exists-4.0.0.tgz 0ms (cache hit)
482 http cache find-up@https://registry.npmjs.org/find-up/-/find-up-4.1.0.tgz 0ms (cache hit)
483 http cache camelcase@https://registry.npmjs.org/camelcase/-/camelcase-5.3.1.tgz 0ms (cache hit)
484 http cache cliui@https://registry.npmjs.org/cliui/-/cliui-6.0.0.tgz 0ms (cache hit)
485 http cache hookified@https://registry.npmjs.org/hookified/-/hookified-2.1.1.tgz 0ms (cache hit)
486 http cache pngjs@https://registry.npmjs.org/pngjs/-/pngjs-6.0.0.tgz 0ms (cache hit)
487 http cache entities@https://registry.npmjs.org/entities/-/entities-6.0.1.tgz 0ms (cache hit)
488 http cache string_decoder@https://registry.npmjs.org/string_decoder/-/string_decoder-1.3.0.tgz 0ms (cache hit)
489 http cache readable-stream@https://registry.npmjs.org/readable-stream/-/readable-stream-4.7.0.tgz 0ms (cache hit)
490 http cache semver@https://registry.npmjs.org/semver/-/semver-5.7.2.tgz 0ms (cache hit)
491 http cache iconv-lite@https://registry.npmjs.org/iconv-lite/-/iconv-lite-0.6.2.tgz 0ms (cache hit)
492 http cache strip-ansi@https://registry.npmjs.org/strip-ansi/-/strip-ansi-4.0.0.tgz 0ms (cache hit)
493 http cache string-width@https://registry.npmjs.org/string-width/-/string-width-2.1.1.tgz 0ms (cache hit)
494 http cache is-fullwidth-code-point@https://registry.npmjs.org/is-fullwidth-code-point/-/is-fullwidth-code-point-2.0.0.tgz 0ms (cache hit)
495 http cache wrap-ansi@https://registry.npmjs.org/wrap-ansi/-/wrap-ansi-6.2.0.tgz 0ms (cache hit)
496 http cache ansi-regex@https://registry.npmjs.org/ansi-regex/-/ansi-regex-3.0.1.tgz 0ms (cache hit)
497 http cache token-types@https://registry.npmjs.org/token-types/-/token-types-6.1.2.tgz 0ms (cache hit)
498 http cache webidl-conversions@https://registry.npmjs.org/webidl-conversions/-/webidl-conversions-3.0.1.tgz 0ms (cache hit)
499 http cache whatwg-url@https://registry.npmjs.org/whatwg-url/-/whatwg-url-5.0.0.tgz 0ms (cache hit)
500 http cache tr46@https://registry.npmjs.org/tr46/-/tr46-0.0.3.tgz 0ms (cache hit)
501 http cache strtok3@https://registry.npmjs.org/strtok3/-/strtok3-10.3.5.tgz 0ms (cache hit)
502 http cache htmlparser2@https://registry.npmjs.org/htmlparser2/-/htmlparser2-8.0.2.tgz 0ms (cache hit)
503 http cache file-type@https://registry.npmjs.org/file-type/-/file-type-21.3.4.tgz 0ms (cache hit)
504 http cache protobufjs@https://registry.npmjs.org/protobufjs/-/protobufjs-6.8.8.tgz 0ms (cache hit)
505 http cache long@https://registry.npmjs.org/long/-/long-4.0.0.tgz 0ms (cache hit)
506 http cache cheerio@https://registry.npmjs.org/cheerio/-/cheerio-1.0.0-rc.11.tgz 0ms (cache hit)
507 http cache @types/node@https://registry.npmjs.org/@types/node/-/node-10.17.60.tgz 0ms (cache hit)
508 http cache whatwg-mimetype@https://registry.npmjs.org/whatwg-mimetype/-/whatwg-mimetype-3.0.0.tgz 0ms (cache hit)
509 http cache whatwg-encoding@https://registry.npmjs.org/whatwg-encoding/-/whatwg-encoding-2.0.0.tgz 0ms (cache hit)
510 http cache universalify@https://registry.npmjs.org/universalify/-/universalify-0.2.0.tgz 0ms (cache hit)
511 http cache tough-cookie@https://registry.npmjs.org/tough-cookie/-/tough-cookie-4.1.4.tgz 0ms (cache hit)
512 http cache https-proxy-agent@https://registry.npmjs.org/https-proxy-agent/-/https-proxy-agent-5.0.1.tgz 0ms (cache hit)
513 http cache agent-base@https://registry.npmjs.org/agent-base/-/agent-base-6.0.2.tgz 0ms (cache hit)
514 http cache @types/node@https://registry.npmjs.org/@types/node/-/node-16.9.1.tgz 0ms (cache hit)
515 http cache agent-base@https://registry.npmjs.org/agent-base/-/agent-base-6.0.2.tgz 0ms (cache hit)
516 http cache entities@https://registry.npmjs.org/entities/-/entities-7.0.1.tgz 0ms (cache hit)
517 http cache whatwg-encoding@https://registry.npmjs.org/whatwg-encoding/-/whatwg-encoding-2.0.0.tgz 0ms (cache hit)
518 http cache yargs-parser@https://registry.npmjs.org/yargs-parser/-/yargs-parser-2.4.1.tgz 0ms (cache hit)
519 http cache yargs@https://registry.npmjs.org/yargs/-/yargs-4.8.1.tgz 0ms (cache hit)
520 http cache y18n@https://registry.npmjs.org/y18n/-/y18n-3.2.2.tgz 0ms (cache hit)
521 http cache wrap-ansi@https://registry.npmjs.org/wrap-ansi/-/wrap-ansi-2.1.0.tgz 0ms (cache hit)
522 http cache strip-ansi@https://registry.npmjs.org/strip-ansi/-/strip-ansi-3.0.1.tgz 0ms (cache hit)
523 http cache string-width@https://registry.npmjs.org/string-width/-/string-width-1.0.2.tgz 0ms (cache hit)
524 http cache is-fullwidth-code-point@https://registry.npmjs.org/is-fullwidth-code-point/-/is-fullwidth-code-point-1.0.0.tgz 0ms (cache hit)
525 http cache get-caller-file@https://registry.npmjs.org/get-caller-file/-/get-caller-file-1.0.3.tgz 0ms (cache hit)
526 http cache cliui@https://registry.npmjs.org/cliui/-/cliui-3.2.0.tgz 0ms (cache hit)
527 http cache ansi-regex@https://registry.npmjs.org/ansi-regex/-/ansi-regex-2.1.1.tgz 0ms (cache hit)
528 http cache async@https://registry.npmjs.org/async/-/async-1.5.2.tgz 0ms (cache hit)
529 http cache mimic-response@https://registry.npmjs.org/mimic-response/-/mimic-response-3.1.0.tgz 0ms (cache hit)
530 http cache whatwg-mimetype@https://registry.npmjs.org/whatwg-mimetype/-/whatwg-mimetype-3.0.0.tgz 0ms (cache hit)
531 http cache keyv@https://registry.npmjs.org/keyv/-/keyv-4.5.4.tgz 0ms (cache hit)
532 silly tarball no local data for zod@https://registry.npmjs.org/zod/-/zod-3.25.76.tgz. Extracting by manifest.
533 http cache undici@https://registry.npmjs.org/undici/-/undici-6.25.0.tgz 0ms (cache hit)
534 silly tarball no local data for ytdl-core@https://registry.npmjs.org/ytdl-core/-/ytdl-core-4.11.5.tgz. Extracting by manifest.
535 http cache http-cookie-agent@https://registry.npmjs.org/http-cookie-agent/-/http-cookie-agent-6.0.8.tgz 0ms (cache hit)
536 silly tarball no local data for youtubedl-core@https://registry.npmjs.org/youtubedl-core/-/youtubedl-core-4.11.7.tgz. Extracting by manifest.
537 silly tarball no local data for youtube-yts@https://registry.npmjs.org/youtube-yts/-/youtube-yts-2.0.0.tgz. Extracting by manifest.
538 silly tarball no local data for yt-search@https://registry.npmjs.org/yt-search/-/yt-search-2.13.1.tgz. Extracting by manifest.
539 silly tarball no local data for yargs-parser@https://registry.npmjs.org/yargs-parser/-/yargs-parser-21.1.1.tgz. Extracting by manifest.
540 silly tarball no local data for yargs@https://registry.npmjs.org/yargs/-/yargs-17.7.2.tgz. Extracting by manifest.
541 http cache ansi-regex@https://registry.npmjs.org/ansi-regex/-/ansi-regex-2.1.1.tgz 0ms (cache hit)
542 silly tarball no local data for y18n@https://registry.npmjs.org/y18n/-/y18n-5.0.8.tgz. Extracting by manifest.
543 silly tarball no local data for xmlchars@https://registry.npmjs.org/xmlchars/-/xmlchars-2.2.0.tgz. Extracting by manifest.
544 silly tarball no local data for xmlbuilder@https://registry.npmjs.org/xmlbuilder/-/xmlbuilder-11.0.1.tgz. Extracting by manifest.
545 silly tarball no local data for xml2js@https://registry.npmjs.org/xml2js/-/xml2js-0.5.0.tgz. Extracting by manifest.
546 silly tarball no local data for xml-name-validator@https://registry.npmjs.org/xml-name-validator/-/xml-name-validator-4.0.0.tgz. Extracting by manifest.
547 silly tarball no local data for ws@https://registry.npmjs.org/ws/-/ws-8.20.0.tgz. Extracting by manifest.
548 silly tarball no local data for window-size@https://registry.npmjs.org/window-size/-/window-size-0.2.0.tgz. Extracting by manifest.
549 silly tarball no local data for xml-parse-from-string@https://registry.npmjs.org/xml-parse-from-string/-/xml-parse-from-string-1.0.1.tgz. Extracting by manifest.
550 silly tarball no local data for wrap-ansi@https://registry.npmjs.org/wrap-ansi/-/wrap-ansi-7.0.0.tgz. Extracting by manifest.
551 silly tarball no local data for win-guid@https://registry.npmjs.org/win-guid/-/win-guid-0.2.1.tgz. Extracting by manifest.
552 silly tarball no local data for which-module@https://registry.npmjs.org/which-module/-/which-module-1.0.0.tgz. Extracting by manifest.
553 silly tarball no local data for which@https://registry.npmjs.org/which/-/which-1.3.1.tgz. Extracting by manifest.
554 silly tarball no local data for whatwg-url@https://registry.npmjs.org/whatwg-url/-/whatwg-url-12.0.1.tgz. Extracting by manifest.
555 silly tarball no local data for whatwg-mimetype@https://registry.npmjs.org/whatwg-mimetype/-/whatwg-mimetype-4.0.0.tgz. Extracting by manifest.
556 silly tarball no local data for webidl-conversions@https://registry.npmjs.org/webidl-conversions/-/webidl-conversions-7.0.0.tgz. Extracting by manifest.
557 silly tarball no local data for wrappy@https://registry.npmjs.org/wrappy/-/wrappy-1.0.2.tgz. Extracting by manifest.
558 silly tarball no local data for whatwg-encoding@https://registry.npmjs.org/whatwg-encoding/-/whatwg-encoding-3.1.1.tgz. Extracting by manifest.
559 silly tarball no local data for w3c-xmlserializer@https://registry.npmjs.org/w3c-xmlserializer/-/w3c-xmlserializer-4.0.0.tgz. Extracting by manifest.
560 silly tarball no local data for verror@https://registry.npmjs.org/verror/-/verror-1.10.0.tgz. Extracting by manifest.
561 silly tarball no local data for uuid@https://registry.npmjs.org/uuid/-/uuid-9.0.1.tgz. Extracting by manifest.
562 silly tarball no local data for util-deprecate@https://registry.npmjs.org/util-deprecate/-/util-deprecate-1.0.2.tgz. Extracting by manifest.
563 silly tarball no local data for validate-npm-package-license@https://registry.npmjs.org/validate-npm-package-license/-/validate-npm-package-license-3.0.4.tgz. Extracting by manifest.
564 silly tarball no local data for utif2@https://registry.npmjs.org/utif2/-/utif2-4.1.0.tgz. Extracting by manifest.
565 silly tarball no local data for url-template@https://registry.npmjs.org/url-template/-/url-template-2.0.8.tgz. Extracting by manifest.
566 silly tarball no local data for uri-js@https://registry.npmjs.org/uri-js/-/uri-js-4.4.1.tgz. Extracting by manifest.
567 silly tarball no local data for url@https://registry.npmjs.org/url/-/url-0.11.0.tgz. Extracting by manifest.
568 silly tarball no local data for universalify@https://registry.npmjs.org/universalify/-/universalify-2.0.1.tgz. Extracting by manifest.
569 silly tarball no local data for url-parse@https://registry.npmjs.org/url-parse/-/url-parse-1.5.10.tgz. Extracting by manifest.
570 silly tarball no local data for type@https://registry.npmjs.org/type/-/type-2.7.3.tgz. Extracting by manifest.
571 silly tarball no local data for undici-types@https://registry.npmjs.org/undici-types/-/undici-types-5.26.5.tgz. Extracting by manifest.
572 silly tarball no local data for uint8array-extras@https://registry.npmjs.org/uint8array-extras/-/uint8array-extras-1.5.0.tgz. Extracting by manifest.
573 silly tarball no local data for tunnel-agent@https://registry.npmjs.org/tunnel-agent/-/tunnel-agent-0.6.0.tgz. Extracting by manifest.
574 silly tarball no local data for undici@https://registry.npmjs.org/undici/-/undici-7.25.0.tgz. Extracting by manifest.
575 silly tarball no local data for tweetnacl@https://registry.npmjs.org/tweetnacl/-/tweetnacl-0.14.5.tgz. Extracting by manifest.
576 silly tarball no local data for ttys@https://registry.npmjs.org/ttys/-/ttys-0.0.3.tgz. Extracting by manifest.
577 silly tarball no local data for translate-google-api@https://registry.npmjs.org/translate-google-api/-/translate-google-api-1.0.4.tgz. Extracting by manifest.
578 silly tarball no local data for tslib@https://registry.npmjs.org/tslib/-/tslib-2.8.1.tgz. Extracting by manifest.
579 silly tarball no local data for tr46@https://registry.npmjs.org/tr46/-/tr46-4.1.1.tgz. Extracting by manifest.
580 silly tarball no local data for tough-cookie@https://registry.npmjs.org/tough-cookie/-/tough-cookie-5.1.2.tgz. Extracting by manifest.
581 silly tarball no local data for token-types@https://registry.npmjs.org/token-types/-/token-types-4.2.1.tgz. Extracting by manifest.
582 silly tarball no local data for tldts@https://registry.npmjs.org/tldts/-/tldts-6.1.86.tgz. Extracting by manifest.
583 silly tarball no local data for tldts-core@https://registry.npmjs.org/tldts-core/-/tldts-core-6.1.86.tgz. Extracting by manifest.
584 silly tarball no local data for tinycolor2@https://registry.npmjs.org/tinycolor2/-/tinycolor2-1.6.0.tgz. Extracting by manifest.
585 silly tarball no local data for timers-ext@https://registry.npmjs.org/timers-ext/-/timers-ext-0.1.8.tgz. Extracting by manifest.
586 silly tarball no local data for thread-stream@https://registry.npmjs.org/thread-stream/-/thread-stream-2.7.0.tgz. Extracting by manifest.
587 silly tarball no local data for supports-color@https://registry.npmjs.org/supports-color/-/supports-color-7.2.0.tgz. Extracting by manifest.
588 silly tarball no local data for symbol-tree@https://registry.npmjs.org/symbol-tree/-/symbol-tree-3.2.4.tgz. Extracting by manifest.
589 silly tarball no local data for supports-preserve-symlinks-flag@https://registry.npmjs.org/supports-preserve-symlinks-flag/-/supports-preserve-symlinks-flag-1.0.0.tgz. Extracting by manifest.
590 silly tarball no local data for strtok3@https://registry.npmjs.org/strtok3/-/strtok3-6.3.0.tgz. Extracting by manifest.
591 silly tarball no local data for strip-bom@https://registry.npmjs.org/strip-bom/-/strip-bom-2.0.0.tgz. Extracting by manifest.
592 silly tarball no local data for strip-ansi@https://registry.npmjs.org/strip-ansi/-/strip-ansi-6.0.1.tgz. Extracting by manifest.
593 silly tarball no local data for string-width@https://registry.npmjs.org/string-width/-/string-width-4.2.3.tgz. Extracting by manifest.
594 silly tarball no local data for string_decoder@https://registry.npmjs.org/string_decoder/-/string_decoder-1.1.1.tgz. Extracting by manifest.
595 silly tarball no local data for sshpk@https://registry.npmjs.org/sshpk/-/sshpk-1.18.0.tgz. Extracting by manifest.
596 silly tarball no local data for split2@https://registry.npmjs.org/split2/-/split2-4.2.0.tgz. Extracting by manifest.
597 silly tarball no local data for spdx-expression-parse@https://registry.npmjs.org/spdx-expression-parse/-/spdx-expression-parse-3.0.1.tgz. Extracting by manifest.
598 silly tarball no local data for spdx-exceptions@https://registry.npmjs.org/spdx-exceptions/-/spdx-exceptions-2.5.0.tgz. Extracting by manifest.
599 silly tarball no local data for sonic-boom@https://registry.npmjs.org/sonic-boom/-/sonic-boom-3.8.1.tgz. Extracting by manifest.
600 silly tarball no local data for spdx-correct@https://registry.npmjs.org/spdx-correct/-/spdx-correct-3.2.0.tgz. Extracting by manifest.
601 silly tarball no local data for simple-xml-to-json@https://registry.npmjs.org/simple-xml-to-json/-/simple-xml-to-json-1.2.7.tgz. Extracting by manifest.
602 silly tarball no local data for signal-exit@https://registry.npmjs.org/signal-exit/-/signal-exit-3.0.7.tgz. Extracting by manifest.
603 silly tarball no local data for spdx-license-ids@https://registry.npmjs.org/spdx-license-ids/-/spdx-license-ids-3.0.23.tgz. Extracting by manifest.
604 silly tarball no local data for side-channel-weakmap@https://registry.npmjs.org/side-channel-weakmap/-/side-channel-weakmap-1.0.2.tgz. Extracting by manifest.
605 silly tarball no local data for side-channel-list@https://registry.npmjs.org/side-channel-list/-/side-channel-list-1.0.1.tgz. Extracting by manifest.
606 silly tarball no local data for side-channel-map@https://registry.npmjs.org/side-channel-map/-/side-channel-map-1.0.1.tgz. Extracting by manifest.
607 silly tarball no local data for sharp@https://registry.npmjs.org/sharp/-/sharp-0.34.5.tgz. Extracting by manifest.
608 silly tarball no local data for set-cookie@https://registry.npmjs.org/set-cookie/-/set-cookie-0.0.4.tgz. Extracting by manifest.
609 silly tarball no local data for set-blocking@https://registry.npmjs.org/set-blocking/-/set-blocking-2.0.0.tgz. Extracting by manifest.
610 silly tarball no local data for side-channel@https://registry.npmjs.org/side-channel/-/side-channel-1.1.0.tgz. Extracting by manifest.
611 silly tarball no local data for semver@https://registry.npmjs.org/semver/-/semver-7.7.4.tgz. Extracting by manifest.
612 silly tarball no local data for saxes@https://registry.npmjs.org/saxes/-/saxes-6.0.0.tgz. Extracting by manifest.
613 silly tarball no local data for sax@https://registry.npmjs.org/sax/-/sax-1.6.0.tgz. Extracting by manifest.
614 silly tarball no local data for safe-buffer@https://registry.npmjs.org/safe-buffer/-/safe-buffer-5.2.1.tgz. Extracting by manifest.
615 silly tarball no local data for safe-stable-stringify@https://registry.npmjs.org/safe-stable-stringify/-/safe-stable-stringify-2.5.0.tgz. Extracting by manifest.
616 silly tarball no local data for ruhend-scraper@https://registry.npmjs.org/ruhend-scraper/-/ruhend-scraper-8.3.0.tgz. Extracting by manifest.
617 silly tarball no local data for rrweb-cssom@https://registry.npmjs.org/rrweb-cssom/-/rrweb-cssom-0.6.0.tgz. Extracting by manifest.
618 silly tarball no local data for restore-cursor@https://registry.npmjs.org/restore-cursor/-/restore-cursor-3.1.0.tgz. Extracting by manifest.
619 silly tarball no local data for resolve-alpn@https://registry.npmjs.org/resolve-alpn/-/resolve-alpn-1.2.1.tgz. Extracting by manifest.
620 silly tarball no local data for responselike@https://registry.npmjs.org/responselike/-/responselike-2.0.1.tgz. Extracting by manifest.
621 silly tarball no local data for resolve@https://registry.npmjs.org/resolve/-/resolve-1.22.12.tgz. Extracting by manifest.
622 silly tarball no local data for requires-port@https://registry.npmjs.org/requires-port/-/requires-port-1.0.0.tgz. Extracting by manifest.
623 silly tarball no local data for require-main-filename@https://registry.npmjs.org/require-main-filename/-/require-main-filename-1.0.1.tgz. Extracting by manifest.
624 silly tarball no local data for require-directory@https://registry.npmjs.org/require-directory/-/require-directory-2.1.1.tgz. Extracting by manifest.
625 silly tarball no local data for request@https://registry.npmjs.org/request/-/request-2.88.2.tgz. Extracting by manifest.
626 silly tarball no local data for real-require@https://registry.npmjs.org/real-require/-/real-require-0.2.0.tgz. Extracting by manifest.
627 silly tarball no local data for readable-web-to-node-stream@https://registry.npmjs.org/readable-web-to-node-stream/-/readable-web-to-node-stream-3.0.4.tgz. Extracting by manifest.
628 silly tarball no local data for redstar@https://registry.npmjs.org/redstar/-/redstar-0.0.2.tgz. Extracting by manifest.
629 silly tarball no local data for readable-stream@https://registry.npmjs.org/readable-stream/-/readable-stream-2.3.8.tgz. Extracting by manifest.
630 silly tarball no local data for read-pkg-up@https://registry.npmjs.org/read-pkg-up/-/read-pkg-up-1.0.1.tgz. Extracting by manifest.
631 silly tarball no local data for quick-format-unescaped@https://registry.npmjs.org/quick-format-unescaped/-/quick-format-unescaped-4.0.4.tgz. Extracting by manifest.
632 silly tarball no local data for read-pkg@https://registry.npmjs.org/read-pkg/-/read-pkg-1.1.0.tgz. Extracting by manifest.
633 silly tarball no local data for querystringify@https://registry.npmjs.org/querystringify/-/querystringify-2.2.0.tgz. Extracting by manifest.
634 silly tarball no local data for querystring@https://registry.npmjs.org/querystring/-/querystring-0.2.0.tgz. Extracting by manifest.
635 silly tarball no local data for qs@https://registry.npmjs.org/qs/-/qs-6.15.1.tgz. Extracting by manifest.
636 silly tarball no local data for qrcode-reader@https://registry.npmjs.org/qrcode-reader/-/qrcode-reader-1.0.4.tgz. Extracting by manifest.
637 silly tarball no local data for qified@https://registry.npmjs.org/qified/-/qified-0.9.1.tgz. Extracting by manifest.
638 silly tarball no local data for qrcode-terminal@https://registry.npmjs.org/qrcode-terminal/-/qrcode-terminal-0.12.0.tgz. Extracting by manifest.
639 silly tarball no local data for qrcode@https://registry.npmjs.org/qrcode/-/qrcode-1.5.4.tgz. Extracting by manifest.
640 silly tarball no local data for punycode@https://registry.npmjs.org/punycode/-/punycode-2.3.1.tgz. Extracting by manifest.
641 silly tarball no local data for pump@https://registry.npmjs.org/pump/-/pump-3.0.4.tgz. Extracting by manifest.
642 silly tarball no local data for proxy-from-env@https://registry.npmjs.org/proxy-from-env/-/proxy-from-env-2.1.0.tgz. Extracting by manifest.
643 silly tarball no local data for psl@https://registry.npmjs.org/psl/-/psl-1.15.0.tgz. Extracting by manifest.
644 silly tarball no local data for protobufjs@https://registry.npmjs.org/protobufjs/-/protobufjs-7.5.5.tgz. Extracting by manifest.
645 silly tarball no local data for process-warning@https://registry.npmjs.org/process-warning/-/process-warning-3.0.0.tgz. Extracting by manifest.
646 silly tarball no local data for process-nextick-args@https://registry.npmjs.org/process-nextick-args/-/process-nextick-args-2.0.1.tgz. Extracting by manifest.
647 silly tarball no local data for safer-buffer@https://registry.npmjs.org/safer-buffer/-/safer-buffer-2.1.2.tgz. Extracting by manifest.
648 silly tarball no local data for process@https://registry.npmjs.org/process/-/process-0.11.10.tgz. Extracting by manifest.
649 silly tarball no local data for pixelmatch@https://registry.npmjs.org/pixelmatch/-/pixelmatch-5.3.0.tgz. Extracting by manifest.
650 silly tarball no local data for pino-abstract-transport@https://registry.npmjs.org/pino-abstract-transport/-/pino-abstract-transport-1.2.0.tgz. Extracting by manifest.
651 silly tarball no local data for pino-std-serializers@https://registry.npmjs.org/pino-std-serializers/-/pino-std-serializers-6.2.2.tgz. Extracting by manifest.
652 silly tarball no local data for pngjs@https://registry.npmjs.org/pngjs/-/pngjs-7.0.0.tgz. Extracting by manifest.
653 silly tarball no local data for pino@https://registry.npmjs.org/pino/-/pino-8.21.0.tgz. Extracting by manifest.
654 silly tarball no local data for pinkie-promise@https://registry.npmjs.org/pinkie-promise/-/pinkie-promise-2.0.1.tgz. Extracting by manifest.
655 silly tarball no local data for pinkie@https://registry.npmjs.org/pinkie/-/pinkie-2.0.4.tgz. Extracting by manifest.
656 silly tarball no local data for pify@https://registry.npmjs.org/pify/-/pify-2.3.0.tgz. Extracting by manifest.
657 silly tarball no local data for phin@https://registry.npmjs.org/phin/-/phin-3.7.1.tgz. Extracting by manifest.
658 silly tarball no local data for performance-now@https://registry.npmjs.org/performance-now/-/performance-now-2.1.0.tgz. Extracting by manifest.
659 silly tarball no local data for path-type@https://registry.npmjs.org/path-type/-/path-type-1.1.0.tgz. Extracting by manifest.
660 silly tarball no local data for peek-readable@https://registry.npmjs.org/peek-readable/-/peek-readable-4.1.0.tgz. Extracting by manifest.
661 silly tarball no local data for path-parse@https://registry.npmjs.org/path-parse/-/path-parse-1.0.7.tgz. Extracting by manifest.
662 silly tarball no local data for path-exists@https://registry.npmjs.org/path-exists/-/path-exists-2.1.0.tgz. Extracting by manifest.
663 silly tarball no local data for parse5-parser-stream@https://registry.npmjs.org/parse5-parser-stream/-/parse5-parser-stream-7.1.2.tgz. Extracting by manifest.
664 silly tarball no local data for parse5-htmlparser2-tree-adapter@https://registry.npmjs.org/parse5-htmlparser2-tree-adapter/-/parse5-htmlparser2-tree-adapter-7.1.0.tgz. Extracting by manifest.
665 silly tarball no local data for parse5@https://registry.npmjs.org/parse5/-/parse5-7.3.0.tgz. Extracting by manifest.
666 silly tarball no local data for picocolors@https://registry.npmjs.org/picocolors/-/picocolors-1.1.1.tgz. Extracting by manifest.
667 silly tarball no local data for parse-json@https://registry.npmjs.org/parse-json/-/parse-json-2.2.0.tgz. Extracting by manifest.
668 silly tarball no local data for parse-bmfont-xml@https://registry.npmjs.org/parse-bmfont-xml/-/parse-bmfont-xml-1.1.6.tgz. Extracting by manifest.
669 silly tarball no local data for parse-bmfont-binary@https://registry.npmjs.org/parse-bmfont-binary/-/parse-bmfont-binary-1.0.6.tgz. Extracting by manifest.
670 silly tarball no local data for parse-bmfont-ascii@https://registry.npmjs.org/parse-bmfont-ascii/-/parse-bmfont-ascii-1.0.6.tgz. Extracting by manifest.
671 silly tarball no local data for pako@https://registry.npmjs.org/pako/-/pako-1.0.11.tgz. Extracting by manifest.
672 silly tarball no local data for p-timeout@https://registry.npmjs.org/p-timeout/-/p-timeout-7.0.1.tgz. Extracting by manifest.
673 silly tarball no local data for p-try@https://registry.npmjs.org/p-try/-/p-try-2.2.0.tgz. Extracting by manifest.
674 silly tarball no local data for p-queue@https://registry.npmjs.org/p-queue/-/p-queue-9.1.2.tgz. Extracting by manifest.
675 silly tarball no local data for p-locate@https://registry.npmjs.org/p-locate/-/p-locate-4.1.0.tgz. Extracting by manifest.
676 silly tarball no local data for p-limit@https://registry.npmjs.org/p-limit/-/p-limit-2.3.0.tgz. Extracting by manifest.
677 silly tarball no local data for p-cancelable@https://registry.npmjs.org/p-cancelable/-/p-cancelable-2.1.1.tgz. Extracting by manifest.
678 silly tarball no local data for os-locale@https://registry.npmjs.org/os-locale/-/os-locale-1.4.0.tgz. Extracting by manifest.
679 silly tarball no local data for onetime@https://registry.npmjs.org/onetime/-/onetime-5.1.2.tgz. Extracting by manifest.
680 silly tarball no local data for once@https://registry.npmjs.org/once/-/once-1.4.0.tgz. Extracting by manifest.
681 silly tarball no local data for on-exit-leak-free@https://registry.npmjs.org/on-exit-leak-free/-/on-exit-leak-free-2.1.2.tgz. Extracting by manifest.
682 silly tarball no local data for omggif@https://registry.npmjs.org/omggif/-/omggif-1.0.10.tgz. Extracting by manifest.
683 silly tarball no local data for object-inspect@https://registry.npmjs.org/object-inspect/-/object-inspect-1.13.4.tgz. Extracting by manifest.
684 silly tarball no local data for oauth-sign@https://registry.npmjs.org/oauth-sign/-/oauth-sign-0.9.0.tgz. Extracting by manifest.
685 silly tarball no local data for nwsapi@https://registry.npmjs.org/nwsapi/-/nwsapi-2.2.23.tgz. Extracting by manifest.
686 silly tarball no local data for quick-lru@https://registry.npmjs.org/quick-lru/-/quick-lru-5.1.1.tgz. Extracting by manifest.
687 silly tarball no local data for number-is-nan@https://registry.npmjs.org/number-is-nan/-/number-is-nan-1.0.1.tgz. Extracting by manifest.
688 silly tarball no local data for nth-check@https://registry.npmjs.org/nth-check/-/nth-check-2.1.1.tgz. Extracting by manifest.
689 silly tarball no local data for node-youtube-music@https://registry.npmjs.org/node-youtube-music/-/node-youtube-music-0.8.3.tgz. Extracting by manifest.
690 silly tarball no local data for normalize-url@https://registry.npmjs.org/normalize-url/-/normalize-url-6.1.0.tgz. Extracting by manifest.
691 silly tarball no local data for node-id3@https://registry.npmjs.org/node-id3/-/node-id3-0.2.9.tgz. Extracting by manifest.
692 silly tarball no local data for normalize-package-data@https://registry.npmjs.org/normalize-package-data/-/normalize-package-data-2.5.0.tgz. Extracting by manifest.
693 silly tarball no local data for node-webpmux@https://registry.npmjs.org/node-webpmux/-/node-webpmux-3.2.1.tgz. Extracting by manifest.
694 silly tarball no local data for node-fetch@https://registry.npmjs.org/node-fetch/-/node-fetch-2.7.0.tgz. Extracting by manifest.
695 silly tarball no local data for node-fzf@https://registry.npmjs.org/node-fzf/-/node-fzf-0.5.3.tgz. Extracting by manifest.
696 silly tarball no local data for next-tick@https://registry.npmjs.org/next-tick/-/next-tick-1.1.0.tgz. Extracting by manifest.
697 silly tarball no local data for node-cache@https://registry.npmjs.org/node-cache/-/node-cache-5.1.2.tgz. Extracting by manifest.
698 silly tarball no local data for mumaker@https://registry.npmjs.org/mumaker/-/mumaker-2.0.0.tgz. Extracting by manifest.
699 silly tarball no local data for multistream@https://registry.npmjs.org/multistream/-/multistream-2.1.1.tgz. Extracting by manifest.
700 silly tarball no local data for ms@https://registry.npmjs.org/ms/-/ms-2.1.3.tgz. Extracting by manifest.
701 silly tarball no local data for music-metadata@https://registry.npmjs.org/music-metadata/-/music-metadata-11.12.3.tgz. Extracting by manifest.
702 silly tarball no local data for moment-timezone@https://registry.npmjs.org/moment-timezone/-/moment-timezone-0.5.48.tgz. Extracting by manifest.
703 silly tarball no local data for moment@https://registry.npmjs.org/moment/-/moment-2.30.1.tgz. Extracting by manifest.
704 silly tarball no local data for minimist@https://registry.npmjs.org/minimist/-/minimist-1.2.8.tgz. Extracting by manifest.
705 silly tarball no local data for miniget@https://registry.npmjs.org/miniget/-/miniget-4.2.3.tgz. Extracting by manifest.
706 silly tarball no local data for minimatch@https://registry.npmjs.org/minimatch/-/minimatch-3.0.8.tgz. Extracting by manifest.
707 silly tarball no local data for mimic-response@https://registry.npmjs.org/mimic-response/-/mimic-response-1.0.1.tgz. Extracting by manifest.
708 silly tarball no local data for mime-types@https://registry.npmjs.org/mime-types/-/mime-types-2.1.35.tgz. Extracting by manifest.
709 silly tarball no local data for mimic-fn@https://registry.npmjs.org/mimic-fn/-/mimic-fn-2.1.0.tgz. Extracting by manifest.
710 silly tarball no local data for mime-db@https://registry.npmjs.org/mime-db/-/mime-db-1.52.0.tgz. Extracting by manifest.
711 silly tarball no local data for mime@https://registry.npmjs.org/mime/-/mime-3.0.0.tgz. Extracting by manifest.
712 silly tarball no local data for memoizee@https://registry.npmjs.org/memoizee/-/memoizee-0.4.17.tgz. Extracting by manifest.
713 silly tarball no local data for media-typer@https://registry.npmjs.org/media-typer/-/media-typer-1.1.0.tgz. Extracting by manifest.
714 silly tarball no local data for math-intrinsics@https://registry.npmjs.org/math-intrinsics/-/math-intrinsics-1.1.0.tgz. Extracting by manifest.
715 silly tarball no local data for m3u8stream@https://registry.npmjs.org/m3u8stream/-/m3u8stream-0.8.6.tgz. Extracting by manifest.
716 silly tarball no local data for lru-queue@https://registry.npmjs.org/lru-queue/-/lru-queue-0.1.0.tgz. Extracting by manifest.
717 silly tarball no local data for lowercase-keys@https://registry.npmjs.org/lowercase-keys/-/lowercase-keys-2.0.0.tgz. Extracting by manifest.
718 silly tarball no local data for long@https://registry.npmjs.org/long/-/long-5.3.2.tgz. Extracting by manifest.
719 silly tarball no local data for lru-cache@https://registry.npmjs.org/lru-cache/-/lru-cache-11.3.5.tgz. Extracting by manifest.
720 silly tarball no local data for lodash.assign@https://registry.npmjs.org/lodash.assign/-/lodash.assign-4.2.0.tgz. Extracting by manifest.
721 silly tarball no local data for locate-path@https://registry.npmjs.org/locate-path/-/locate-path-5.0.0.tgz. Extracting by manifest.
722 silly tarball no local data for load-json-file@https://registry.npmjs.org/load-json-file/-/load-json-file-1.1.0.tgz. Extracting by manifest.
723 silly tarball no local data for link-preview-js@https://registry.npmjs.org/link-preview-js/-/link-preview-js-3.2.0.tgz. Extracting by manifest.
724 silly tarball no local data for libsignal@https://registry.npmjs.org/libsignal/-/libsignal-2.0.1.tgz. Extracting by manifest.
725 silly tarball no local data for libphonenumber-js@https://registry.npmjs.org/libphonenumber-js/-/libphonenumber-js-1.12.41.tgz. Extracting by manifest.
726 silly tarball no local data for lcid@https://registry.npmjs.org/lcid/-/lcid-1.0.0.tgz. Extracting by manifest.
727 silly tarball no local data for keypress@https://registry.npmjs.org/keypress/-/keypress-0.2.1.tgz. Extracting by manifest.
728 silly tarball no local data for keyv@https://registry.npmjs.org/keyv/-/keyv-5.6.0.tgz. Extracting by manifest.
729 silly tarball no local data for jsprim@https://registry.npmjs.org/jsprim/-/jsprim-1.4.2.tgz. Extracting by manifest.
730 silly tarball no local data for jws@https://registry.npmjs.org/jws/-/jws-4.0.1.tgz. Extracting by manifest.
731 silly tarball no local data for jwa@https://registry.npmjs.org/jwa/-/jwa-2.0.1.tgz. Extracting by manifest.
732 silly tarball no local data for jsonfile@https://registry.npmjs.org/jsonfile/-/jsonfile-6.2.1.tgz. Extracting by manifest.
733 silly tarball no local data for jsonpath-plus@https://registry.npmjs.org/jsonpath-plus/-/jsonpath-plus-5.0.7.tgz. Extracting by manifest.
734 silly tarball no local data for json-stringify-safe@https://registry.npmjs.org/json-stringify-safe/-/json-stringify-safe-5.0.1.tgz. Extracting by manifest.
735 silly tarball no local data for json-schema-traverse@https://registry.npmjs.org/json-schema-traverse/-/json-schema-traverse-0.4.1.tgz. Extracting by manifest.
736 silly tarball no local data for json-schema@https://registry.npmjs.org/json-schema/-/json-schema-0.4.0.tgz. Extracting by manifest.
737 silly tarball no local data for json-buffer@https://registry.npmjs.org/json-buffer/-/json-buffer-3.0.1.tgz. Extracting by manifest.
738 silly tarball no local data for jsep@https://registry.npmjs.org/jsep/-/jsep-1.4.0.tgz. Extracting by manifest.
739 silly tarball no local data for json-bigint@https://registry.npmjs.org/json-bigint/-/json-bigint-1.0.0.tgz. Extracting by manifest.
740 silly tarball no local data for jsdom@https://registry.npmjs.org/jsdom/-/jsdom-22.1.0.tgz. Extracting by manifest.
741 silly tarball no local data for jimp@https://registry.npmjs.org/jimp/-/jimp-1.6.1.tgz. Extracting by manifest.
742 silly tarball no local data for jsbn@https://registry.npmjs.org/jsbn/-/jsbn-0.1.1.tgz. Extracting by manifest.
743 silly tarball no local data for jpeg-js@https://registry.npmjs.org/jpeg-js/-/jpeg-js-0.4.4.tgz. Extracting by manifest.
744 silly tarball no local data for isexe@https://registry.npmjs.org/isexe/-/isexe-2.0.0.tgz. Extracting by manifest.
745 silly tarball no local data for isstream@https://registry.npmjs.org/isstream/-/isstream-0.1.2.tgz. Extracting by manifest.
746 silly tarball no local data for isarray@https://registry.npmjs.org/isarray/-/isarray-1.0.0.tgz. Extracting by manifest.
747 silly tarball no local data for is-utf8@https://registry.npmjs.org/is-utf8/-/is-utf8-0.2.1.tgz. Extracting by manifest.
748 silly tarball no local data for is-typedarray@https://registry.npmjs.org/is-typedarray/-/is-typedarray-1.0.0.tgz. Extracting by manifest.
749 silly tarball no local data for is-stream@https://registry.npmjs.org/is-stream/-/is-stream-2.0.1.tgz. Extracting by manifest.
750 silly tarball no local data for is-promise@https://registry.npmjs.org/is-promise/-/is-promise-2.2.2.tgz. Extracting by manifest.
751 silly tarball no local data for is-fullwidth-code-point@https://registry.npmjs.org/is-fullwidth-code-point/-/is-fullwidth-code-point-3.0.0.tgz. Extracting by manifest.
752 silly tarball no local data for is-potential-custom-element-name@https://registry.npmjs.org/is-potential-custom-element-name/-/is-potential-custom-element-name-1.0.1.tgz. Extracting by manifest.
753 silly tarball no local data for is-core-module@https://registry.npmjs.org/is-core-module/-/is-core-module-2.16.1.tgz. Extracting by manifest.
754 silly tarball no local data for is-arrayish@https://registry.npmjs.org/is-arrayish/-/is-arrayish-0.2.1.tgz. Extracting by manifest.
755 silly tarball no local data for invert-kv@https://registry.npmjs.org/invert-kv/-/invert-kv-1.0.0.tgz. Extracting by manifest.
756 silly tarball no local data for inherits@https://registry.npmjs.org/inherits/-/inherits-2.0.4.tgz. Extracting by manifest.
757 silly tarball no local data for image-q@https://registry.npmjs.org/image-q/-/image-q-4.0.0.tgz. Extracting by manifest.
758 silly tarball no local data for ieee754@https://registry.npmjs.org/ieee754/-/ieee754-1.2.1.tgz. Extracting by manifest.
759 silly tarball no local data for iconv-lite@https://registry.npmjs.org/iconv-lite/-/iconv-lite-0.6.3.tgz. Extracting by manifest.
760 silly tarball no local data for human-time@https://registry.npmjs.org/human-time/-/human-time-0.0.2.tgz. Extracting by manifest.
761 silly tarball no local data for human-readable@https://registry.npmjs.org/human-readable/-/human-readable-0.2.1.tgz. Extracting by manifest.
762 silly tarball no local data for https-proxy-agent@https://registry.npmjs.org/https-proxy-agent/-/https-proxy-agent-7.0.6.tgz. Extracting by manifest.
763 silly tarball no local data for http2-wrapper@https://registry.npmjs.org/http2-wrapper/-/http2-wrapper-1.0.3.tgz. Extracting by manifest.
764 silly tarball no local data for http-signature@https://registry.npmjs.org/http-signature/-/http-signature-1.2.0.tgz. Extracting by manifest.
765 silly tarball no local data for http-proxy-agent@https://registry.npmjs.org/http-proxy-agent/-/http-proxy-agent-5.0.0.tgz. Extracting by manifest.
766 silly tarball no local data for http-cookie-agent@https://registry.npmjs.org/http-cookie-agent/-/http-cookie-agent-7.0.3.tgz. Extracting by manifest.
767 silly tarball no local data for http-cache-semantics@https://registry.npmjs.org/http-cache-semantics/-/http-cache-semantics-4.2.0.tgz. Extracting by manifest.
768 silly tarball no local data for htmlparser2@https://registry.npmjs.org/htmlparser2/-/htmlparser2-10.1.0.tgz. Extracting by manifest.
769 silly tarball no local data for html-encoding-sniffer@https://registry.npmjs.org/html-encoding-sniffer/-/html-encoding-sniffer-3.0.0.tgz. Extracting by manifest.
770 silly tarball no local data for hosted-git-info@https://registry.npmjs.org/hosted-git-info/-/hosted-git-info-2.8.9.tgz. Extracting by manifest.
771 silly tarball no local data for hookified@https://registry.npmjs.org/hookified/-/hookified-1.15.1.tgz. Extracting by manifest.
772 silly tarball no local data for hashery@https://registry.npmjs.org/hashery/-/hashery-1.5.1.tgz. Extracting by manifest.
773 silly tarball no local data for hasown@https://registry.npmjs.org/hasown/-/hasown-2.0.3.tgz. Extracting by manifest.
774 silly tarball no local data for has-symbols@https://registry.npmjs.org/has-symbols/-/has-symbols-1.1.0.tgz. Extracting by manifest.
775 silly tarball no local data for has-tostringtag@https://registry.npmjs.org/has-tostringtag/-/has-tostringtag-1.0.2.tgz. Extracting by manifest.
776 silly tarball no local data for har-validator@https://registry.npmjs.org/har-validator/-/har-validator-5.1.5.tgz. Extracting by manifest.
777 silly tarball no local data for har-schema@https://registry.npmjs.org/har-schema/-/har-schema-2.0.0.tgz. Extracting by manifest.
778 silly tarball no local data for has-flag@https://registry.npmjs.org/has-flag/-/has-flag-4.0.0.tgz. Extracting by manifest.
779 silly tarball no local data for gtts@https://registry.npmjs.org/gtts/-/gtts-0.2.1.tgz. Extracting by manifest.
780 silly tarball no local data for gtoken@https://registry.npmjs.org/gtoken/-/gtoken-7.1.0.tgz. Extracting by manifest.
781 silly tarball no local data for graceful-fs@https://registry.npmjs.org/graceful-fs/-/graceful-fs-4.2.11.tgz. Extracting by manifest.
782 silly tarball no local data for got@https://registry.npmjs.org/got/-/got-11.8.6.tgz. Extracting by manifest.
783 silly tarball no local data for googleapis-common@https://registry.npmjs.org/googleapis-common/-/googleapis-common-7.2.0.tgz. Extracting by manifest.
784 silly tarball no local data for gopd@https://registry.npmjs.org/gopd/-/gopd-1.2.0.tgz. Extracting by manifest.
785 silly tarball no local data for googleapis@https://registry.npmjs.org/googleapis/-/googleapis-144.0.0.tgz. Extracting by manifest.
786 silly tarball no local data for google-logging-utils@https://registry.npmjs.org/google-logging-utils/-/google-logging-utils-0.0.2.tgz. Extracting by manifest.
787 silly tarball no local data for gifwrap@https://registry.npmjs.org/gifwrap/-/gifwrap-0.10.1.tgz. Extracting by manifest.
788 silly tarball no local data for google-auth-library@https://registry.npmjs.org/google-auth-library/-/google-auth-library-9.15.1.tgz. Extracting by manifest.
789 silly tarball no local data for getpass@https://registry.npmjs.org/getpass/-/getpass-0.1.7.tgz. Extracting by manifest.
790 silly tarball no local data for get-stream@https://registry.npmjs.org/get-stream/-/get-stream-5.2.0.tgz. Extracting by manifest.
791 silly tarball no local data for get-proto@https://registry.npmjs.org/get-proto/-/get-proto-1.0.1.tgz. Extracting by manifest.
792 silly tarball no local data for get-intrinsic@https://registry.npmjs.org/get-intrinsic/-/get-intrinsic-1.3.0.tgz. Extracting by manifest.
793 silly tarball no local data for get-caller-file@https://registry.npmjs.org/get-caller-file/-/get-caller-file-2.0.5.tgz. Extracting by manifest.
794 silly tarball no local data for gaxios@https://registry.npmjs.org/gaxios/-/gaxios-6.7.1.tgz. Extracting by manifest.
795 silly tarball no local data for gcp-metadata@https://registry.npmjs.org/gcp-metadata/-/gcp-metadata-6.1.1.tgz. Extracting by manifest.
796 silly tarball no local data for fs-extra@https://registry.npmjs.org/fs-extra/-/fs-extra-11.3.4.tgz. Extracting by manifest.
797 silly tarball no local data for function-bind@https://registry.npmjs.org/function-bind/-/function-bind-1.1.2.tgz. Extracting by manifest.
798 silly tarball no local data for form-data@https://registry.npmjs.org/form-data/-/form-data-4.0.5.tgz. Extracting by manifest.
799 silly tarball no local data for follow-redirects@https://registry.npmjs.org/follow-redirects/-/follow-redirects-1.16.0.tgz. Extracting by manifest.
800 silly tarball no local data for forever-agent@https://registry.npmjs.org/forever-agent/-/forever-agent-0.6.1.tgz. Extracting by manifest.
801 silly tarball no local data for fluent-ffmpeg@https://registry.npmjs.org/fluent-ffmpeg/-/fluent-ffmpeg-2.1.3.tgz. Extracting by manifest.
802 silly tarball no local data for find-up@https://registry.npmjs.org/find-up/-/find-up-1.1.2.tgz. Extracting by manifest.
803 silly tarball no local data for file-type@https://registry.npmjs.org/file-type/-/file-type-16.5.4.tgz. Extracting by manifest.
804 silly tarball no local data for fast-json-stable-stringify@https://registry.npmjs.org/fast-json-stable-stringify/-/fast-json-stable-stringify-2.1.0.tgz. Extracting by manifest.
805 silly tarball no local data for fast-redact@https://registry.npmjs.org/fast-redact/-/fast-redact-3.5.0.tgz. Extracting by manifest.
806 silly tarball no local data for fast-deep-equal@https://registry.npmjs.org/fast-deep-equal/-/fast-deep-equal-3.1.3.tgz. Extracting by manifest.
807 silly tarball no local data for extsprintf@https://registry.npmjs.org/extsprintf/-/extsprintf-1.3.0.tgz. Extracting by manifest.
808 silly tarball no local data for extend@https://registry.npmjs.org/extend/-/extend-3.0.2.tgz. Extracting by manifest.
809 silly tarball no local data for ext@https://registry.npmjs.org/ext/-/ext-1.7.0.tgz. Extracting by manifest.
810 silly tarball no local data for exif-parser@https://registry.npmjs.org/exif-parser/-/exif-parser-0.1.12.tgz. Extracting by manifest.
811 silly tarball no local data for events@https://registry.npmjs.org/events/-/events-3.3.0.tgz. Extracting by manifest.
812 silly tarball no local data for eventemitter3@https://registry.npmjs.org/eventemitter3/-/eventemitter3-5.0.4.tgz. Extracting by manifest.
813 silly tarball no local data for esniff@https://registry.npmjs.org/esniff/-/esniff-2.0.1.tgz. Extracting by manifest.
814 silly tarball no local data for event-target-shim@https://registry.npmjs.org/event-target-shim/-/event-target-shim-5.0.1.tgz. Extracting by manifest.
815 silly tarball no local data for escape-string-regexp@https://registry.npmjs.org/escape-string-regexp/-/escape-string-regexp-1.0.5.tgz. Extracting by manifest.
816 silly tarball no local data for event-emitter@https://registry.npmjs.org/event-emitter/-/event-emitter-0.3.5.tgz. Extracting by manifest.
817 silly tarball no local data for es6-weak-map@https://registry.npmjs.org/es6-weak-map/-/es6-weak-map-2.0.3.tgz. Extracting by manifest.
818 silly tarball no local data for escalade@https://registry.npmjs.org/escalade/-/escalade-3.2.0.tgz. Extracting by manifest.
819 silly tarball no local data for es6-symbol@https://registry.npmjs.org/es6-symbol/-/es6-symbol-3.1.4.tgz. Extracting by manifest.
820 silly tarball no local data for es6-iterator@https://registry.npmjs.org/es6-iterator/-/es6-iterator-2.0.3.tgz. Extracting by manifest.
821 silly tarball no local data for es-set-tostringtag@https://registry.npmjs.org/es-set-tostringtag/-/es-set-tostringtag-2.1.0.tgz. Extracting by manifest.
822 silly tarball no local data for es5-ext@https://registry.npmjs.org/es5-ext/-/es5-ext-0.10.64.tgz. Extracting by manifest.
823 silly tarball no local data for es-object-atoms@https://registry.npmjs.org/es-object-atoms/-/es-object-atoms-1.1.1.tgz. Extracting by manifest.
824 silly tarball no local data for es-errors@https://registry.npmjs.org/es-errors/-/es-errors-1.3.0.tgz. Extracting by manifest.
825 silly tarball no local data for es-define-property@https://registry.npmjs.org/es-define-property/-/es-define-property-1.0.1.tgz. Extracting by manifest.
826 silly tarball no local data for error-ex@https://registry.npmjs.org/error-ex/-/error-ex-1.3.4.tgz. Extracting by manifest.
827 silly tarball no local data for entities@https://registry.npmjs.org/entities/-/entities-4.5.0.tgz. Extracting by manifest.
828 silly tarball no local data for end-of-stream@https://registry.npmjs.org/end-of-stream/-/end-of-stream-1.4.5.tgz. Extracting by manifest.
829 silly tarball no local data for emoji-regex@https://registry.npmjs.org/emoji-regex/-/emoji-regex-8.0.0.tgz. Extracting by manifest.
830 silly tarball no local data for ecdsa-sig-formatter@https://registry.npmjs.org/ecdsa-sig-formatter/-/ecdsa-sig-formatter-1.0.11.tgz. Extracting by manifest.
831 silly tarball no local data for encoding-sniffer@https://registry.npmjs.org/encoding-sniffer/-/encoding-sniffer-0.2.1.tgz. Extracting by manifest.
832 silly tarball no local data for ecc-jsbn@https://registry.npmjs.org/ecc-jsbn/-/ecc-jsbn-0.1.2.tgz. Extracting by manifest.
833 silly tarball no local data for dotenv@https://registry.npmjs.org/dotenv/-/dotenv-16.6.1.tgz. Extracting by manifest.
834 silly tarball no local data for domutils@https://registry.npmjs.org/domutils/-/domutils-3.2.2.tgz. Extracting by manifest.
835 silly tarball no local data for domhandler@https://registry.npmjs.org/domhandler/-/domhandler-5.0.3.tgz. Extracting by manifest.
836 silly tarball no local data for domexception@https://registry.npmjs.org/domexception/-/domexception-4.0.0.tgz. Extracting by manifest.
837 silly tarball no local data for domelementtype@https://registry.npmjs.org/domelementtype/-/domelementtype-2.3.0.tgz. Extracting by manifest.
838 silly tarball no local data for dom-serializer@https://registry.npmjs.org/dom-serializer/-/dom-serializer-2.0.0.tgz. Extracting by manifest.
839 silly tarball no local data for dijkstrajs@https://registry.npmjs.org/dijkstrajs/-/dijkstrajs-1.0.3.tgz. Extracting by manifest.
840 silly tarball no local data for detect-libc@https://registry.npmjs.org/detect-libc/-/detect-libc-2.1.2.tgz. Extracting by manifest.
841 silly tarball no local data for delayed-stream@https://registry.npmjs.org/delayed-stream/-/delayed-stream-1.0.0.tgz. Extracting by manifest.
842 silly tarball no local data for defer-to-connect@https://registry.npmjs.org/defer-to-connect/-/defer-to-connect-2.0.1.tgz. Extracting by manifest.
843 silly tarball no local data for decompress-response@https://registry.npmjs.org/decompress-response/-/decompress-response-6.0.0.tgz. Extracting by manifest.
844 silly tarball no local data for decimal.js@https://registry.npmjs.org/decimal.js/-/decimal.js-10.6.0.tgz. Extracting by manifest.
845 silly tarball no local data for dunder-proto@https://registry.npmjs.org/dunder-proto/-/dunder-proto-1.0.1.tgz. Extracting by manifest.
846 silly tarball no local data for decamelize@https://registry.npmjs.org/decamelize/-/decamelize-1.2.0.tgz. Extracting by manifest.
847 silly tarball no local data for data-urls@https://registry.npmjs.org/data-urls/-/data-urls-4.0.0.tgz. Extracting by manifest.
848 silly tarball no local data for debug@https://registry.npmjs.org/debug/-/debug-4.4.3.tgz. Extracting by manifest.
849 silly tarball no local data for dasu@https://registry.npmjs.org/dasu/-/dasu-0.4.3.tgz. Extracting by manifest.
850 silly tarball no local data for dashdash@https://registry.npmjs.org/dashdash/-/dashdash-1.14.1.tgz. Extracting by manifest.
851 silly tarball no local data for d@https://registry.npmjs.org/d/-/d-1.0.2.tgz. Extracting by manifest.
852 silly tarball no local data for curve25519-js@https://registry.npmjs.org/curve25519-js/-/curve25519-js-0.0.4.tgz. Extracting by manifest.
853 silly tarball no local data for cssstyle@https://registry.npmjs.org/cssstyle/-/cssstyle-3.0.0.tgz. Extracting by manifest.
854 silly tarball no local data for css-select@https://registry.npmjs.org/css-select/-/css-select-5.2.2.tgz. Extracting by manifest.
855 silly tarball no local data for css-what@https://registry.npmjs.org/css-what/-/css-what-6.2.2.tgz. Extracting by manifest.
856 silly tarball no local data for core-util-is@https://registry.npmjs.org/core-util-is/-/core-util-is-1.0.3.tgz. Extracting by manifest.
857 silly tarball no local data for cookie@https://registry.npmjs.org/cookie/-/cookie-0.5.0.tgz. Extracting by manifest.
858 silly tarball no local data for content-type@https://registry.npmjs.org/content-type/-/content-type-1.0.5.tgz. Extracting by manifest.
859 silly tarball no local data for concat-map@https://registry.npmjs.org/concat-map/-/concat-map-0.0.1.tgz. Extracting by manifest.
860 silly tarball no local data for combined-stream@https://registry.npmjs.org/combined-stream/-/combined-stream-1.0.8.tgz. Extracting by manifest.
861 silly tarball no local data for color-name@https://registry.npmjs.org/color-name/-/color-name-1.1.4.tgz. Extracting by manifest.
862 silly tarball no local data for clone-response@https://registry.npmjs.org/clone-response/-/clone-response-1.0.3.tgz. Extracting by manifest.
863 silly tarball no local data for color-convert@https://registry.npmjs.org/color-convert/-/color-convert-2.0.1.tgz. Extracting by manifest.
864 silly tarball no local data for cliui@https://registry.npmjs.org/cliui/-/cliui-8.0.1.tgz. Extracting by manifest.
865 silly tarball no local data for clone@https://registry.npmjs.org/clone/-/clone-2.1.2.tgz. Extracting by manifest.
866 silly tarball no local data for cli-color@https://registry.npmjs.org/cli-color/-/cli-color-1.2.0.tgz. Extracting by manifest.
867 silly tarball no local data for code-point-at@https://registry.npmjs.org/code-point-at/-/code-point-at-1.1.0.tgz. Extracting by manifest.
868 silly tarball no local data for cheerio-select@https://registry.npmjs.org/cheerio-select/-/cheerio-select-2.1.0.tgz. Extracting by manifest.
869 silly tarball no local data for cheerio@https://registry.npmjs.org/cheerio/-/cheerio-1.2.0.tgz. Extracting by manifest.
870 silly tarball no local data for chalk@https://registry.npmjs.org/chalk/-/chalk-4.1.2.tgz. Extracting by manifest.
871 silly tarball no local data for centra@https://registry.npmjs.org/centra/-/centra-2.7.0.tgz. Extracting by manifest.
872 silly tarball no local data for caseless@https://registry.npmjs.org/caseless/-/caseless-0.12.0.tgz. Extracting by manifest.
873 silly tarball no local data for camelcase@https://registry.npmjs.org/camelcase/-/camelcase-3.0.0.tgz. Extracting by manifest.
874 silly tarball no local data for call-bound@https://registry.npmjs.org/call-bound/-/call-bound-1.0.4.tgz. Extracting by manifest.
875 silly tarball no local data for cacheable-request@https://registry.npmjs.org/cacheable-request/-/cacheable-request-7.0.4.tgz. Extracting by manifest.
876 silly tarball no local data for call-bind-apply-helpers@https://registry.npmjs.org/call-bind-apply-helpers/-/call-bind-apply-helpers-1.0.2.tgz. Extracting by manifest.
877 silly tarball no local data for cacheable-lookup@https://registry.npmjs.org/cacheable-lookup/-/cacheable-lookup-5.0.4.tgz. Extracting by manifest.
878 silly tarball no local data for cacheable@https://registry.npmjs.org/cacheable/-/cacheable-2.3.4.tgz. Extracting by manifest.
879 silly tarball no local data for buffer-equal-constant-time@https://registry.npmjs.org/buffer-equal-constant-time/-/buffer-equal-constant-time-1.0.1.tgz. Extracting by manifest.
880 silly tarball no local data for buffer@https://registry.npmjs.org/buffer/-/buffer-6.0.3.tgz. Extracting by manifest.
881 silly tarball no local data for bmp-ts@https://registry.npmjs.org/bmp-ts/-/bmp-ts-1.0.9.tgz. Extracting by manifest.
882 silly tarball no local data for brace-expansion@https://registry.npmjs.org/brace-expansion/-/brace-expansion-1.1.14.tgz. Extracting by manifest.
883 silly tarball no local data for boolstring@https://registry.npmjs.org/boolstring/-/boolstring-1.0.2.tgz. Extracting by manifest.
884 silly tarball no local data for bcrypt-pbkdf@https://registry.npmjs.org/bcrypt-pbkdf/-/bcrypt-pbkdf-1.0.2.tgz. Extracting by manifest.
885 silly tarball no local data for boolbase@https://registry.npmjs.org/boolbase/-/boolbase-1.0.0.tgz. Extracting by manifest.
886 silly tarball no local data for bignumber.js@https://registry.npmjs.org/bignumber.js/-/bignumber.js-9.3.1.tgz. Extracting by manifest.
887 silly tarball no local data for base64-js@https://registry.npmjs.org/base64-js/-/base64-js-1.5.1.tgz. Extracting by manifest.
888 silly tarball no local data for balanced-match@https://registry.npmjs.org/balanced-match/-/balanced-match-1.0.2.tgz. Extracting by manifest.
889 silly tarball no local data for axios@https://registry.npmjs.org/axios/-/axios-1.15.2.tgz. Extracting by manifest.
890 silly tarball no local data for axios-cookiejar-support@https://registry.npmjs.org/axios-cookiejar-support/-/axios-cookiejar-support-5.0.5.tgz. Extracting by manifest.
891 silly tarball no local data for aws4@https://registry.npmjs.org/aws4/-/aws4-1.13.2.tgz. Extracting by manifest.
892 silly tarball no local data for aws-sign2@https://registry.npmjs.org/aws-sign2/-/aws-sign2-0.7.0.tgz. Extracting by manifest.
893 silly tarball no local data for awesome-phonenumber@https://registry.npmjs.org/awesome-phonenumber/-/awesome-phonenumber-5.11.0.tgz. Extracting by manifest.
894 silly tarball no local data for await-to-js@https://registry.npmjs.org/await-to-js/-/await-to-js-3.0.0.tgz. Extracting by manifest.
895 silly tarball no local data for asynckit@https://registry.npmjs.org/asynckit/-/asynckit-0.4.0.tgz. Extracting by manifest.
896 silly tarball no local data for async.util.parallel@https://registry.npmjs.org/async.util.parallel/-/async.util.parallel-0.5.2.tgz. Extracting by manifest.
897 silly tarball no local data for async.util.restparam@https://registry.npmjs.org/async.util.restparam/-/async.util.restparam-0.5.2.tgz. Extracting by manifest.
898 silly tarball no local data for async.util.onlyonce@https://registry.npmjs.org/async.util.onlyonce/-/async.util.onlyonce-0.5.2.tgz. Extracting by manifest.
899 silly tarball no local data for async.util.keys@https://registry.npmjs.org/async.util.keys/-/async.util.keys-0.5.2.tgz. Extracting by manifest.
900 silly tarball no local data for async.util.once@https://registry.npmjs.org/async.util.once/-/async.util.once-0.5.2.tgz. Extracting by manifest.
901 silly tarball no local data for async.util.isarray@https://registry.npmjs.org/async.util.isarray/-/async.util.isarray-0.5.2.tgz. Extracting by manifest.
902 silly tarball no local data for async.util.keyiterator@https://registry.npmjs.org/async.util.keyiterator/-/async.util.keyiterator-0.5.2.tgz. Extracting by manifest.
903 silly tarball no local data for async.util.isarraylike@https://registry.npmjs.org/async.util.isarraylike/-/async.util.isarraylike-0.5.2.tgz. Extracting by manifest.
904 silly tarball no local data for async.util.eachoflimit@https://registry.npmjs.org/async.util.eachoflimit/-/async.util.eachoflimit-0.5.2.tgz. Extracting by manifest.
905 silly tarball no local data for atomic-sleep@https://registry.npmjs.org/atomic-sleep/-/atomic-sleep-1.0.0.tgz. Extracting by manifest.
906 silly tarball no local data for async.util.noop@https://registry.npmjs.org/async.util.noop/-/async.util.noop-0.5.2.tgz. Extracting by manifest.
907 silly tarball no local data for async@https://registry.npmjs.org/async/-/async-0.2.10.tgz. Extracting by manifest.
908 silly tarball no local data for async.parallellimit@https://registry.npmjs.org/async.parallellimit/-/async.parallellimit-0.5.2.tgz. Extracting by manifest.
909 silly tarball no local data for async-mutex@https://registry.npmjs.org/async-mutex/-/async-mutex-0.5.0.tgz. Extracting by manifest.
910 silly tarball no local data for assert-plus@https://registry.npmjs.org/assert-plus/-/assert-plus-1.0.0.tgz. Extracting by manifest.
911 silly tarball no local data for asn1@https://registry.npmjs.org/asn1/-/asn1-0.2.6.tgz. Extracting by manifest.
912 silly tarball no local data for ansi-styles@https://registry.npmjs.org/ansi-styles/-/ansi-styles-4.3.0.tgz. Extracting by manifest.
913 silly tarball no local data for ansi-regex@https://registry.npmjs.org/ansi-regex/-/ansi-regex-5.0.1.tgz. Extracting by manifest.
914 silly tarball no local data for any-base@https://registry.npmjs.org/any-base/-/any-base-1.1.0.tgz. Extracting by manifest.
915 silly tarball no local data for @emnapi/runtime@https://registry.npmjs.org/@emnapi/runtime/-/runtime-1.10.0.tgz. Extracting by manifest.
916 silly tarball no local data for strip-ansi@https://registry.npmjs.org/strip-ansi/-/strip-ansi-4.0.0.tgz. Extracting by manifest.
917 silly tarball no local data for node-fzf@https://registry.npmjs.org/node-fzf/-/node-fzf-0.14.0.tgz. Extracting by manifest.
918 silly tarball no local data for string-width@https://registry.npmjs.org/string-width/-/string-width-2.1.1.tgz. Extracting by manifest.
919 silly tarball no local data for jsonpath-plus@https://registry.npmjs.org/jsonpath-plus/-/jsonpath-plus-10.3.0.tgz. Extracting by manifest.
920 silly tarball no local data for is-fullwidth-code-point@https://registry.npmjs.org/is-fullwidth-code-point/-/is-fullwidth-code-point-2.0.0.tgz. Extracting by manifest.
921 silly tarball no local data for boolstring@https://registry.npmjs.org/boolstring/-/boolstring-2.0.1.tgz. Extracting by manifest.
922 silly tarball no local data for ansi-regex@https://registry.npmjs.org/ansi-regex/-/ansi-regex-3.0.1.tgz. Extracting by manifest.
923 silly tarball no local data for core-util-is@https://registry.npmjs.org/core-util-is/-/core-util-is-1.0.2.tgz. Extracting by manifest.
924 silly tarball no local data for axios@https://registry.npmjs.org/axios/-/axios-0.20.0.tgz. Extracting by manifest.
925 silly tarball no local data for punycode@https://registry.npmjs.org/punycode/-/punycode-1.3.2.tgz. Extracting by manifest.
926 silly tarball no local data for cookie@https://registry.npmjs.org/cookie/-/cookie-0.1.5.tgz. Extracting by manifest.
927 silly tarball no local data for safe-buffer@https://registry.npmjs.org/safe-buffer/-/safe-buffer-5.1.2.tgz. Extracting by manifest.
928 silly tarball no local data for parse5-htmlparser2-tree-adapter@https://registry.npmjs.org/parse5-htmlparser2-tree-adapter/-/parse5-htmlparser2-tree-adapter-6.0.1.tgz. Extracting by manifest.
929 silly tarball no local data for parse5@https://registry.npmjs.org/parse5/-/parse5-6.0.1.tgz. Extracting by manifest.
930 silly tarball no local data for domutils@https://registry.npmjs.org/domutils/-/domutils-2.8.0.tgz. Extracting by manifest.
931 silly tarball no local data for htmlparser2@https://registry.npmjs.org/htmlparser2/-/htmlparser2-6.1.0.tgz. Extracting by manifest.
932 silly tarball no local data for entities@https://registry.npmjs.org/entities/-/entities-2.2.0.tgz. Extracting by manifest.
933 silly tarball no local data for domhandler@https://registry.npmjs.org/domhandler/-/domhandler-4.3.1.tgz. Extracting by manifest.
934 silly tarball no local data for dom-serializer@https://registry.npmjs.org/dom-serializer/-/dom-serializer-1.4.1.tgz. Extracting by manifest.
935 silly tarball no local data for css-select@https://registry.npmjs.org/css-select/-/css-select-4.3.0.tgz. Extracting by manifest.
936 silly tarball no local data for uuid@https://registry.npmjs.org/uuid/-/uuid-3.4.0.tgz. Extracting by manifest.
937 silly tarball no local data for cheerio-select@https://registry.npmjs.org/cheerio-select/-/cheerio-select-1.6.0.tgz. Extracting by manifest.
938 silly tarball no local data for cheerio@https://registry.npmjs.org/cheerio/-/cheerio-1.0.0-rc.10.tgz. Extracting by manifest.
939 silly tarball no local data for qs@https://registry.npmjs.org/qs/-/qs-6.5.5.tgz. Extracting by manifest.
940 silly tarball no local data for tough-cookie@https://registry.npmjs.org/tough-cookie/-/tough-cookie-2.5.0.tgz. Extracting by manifest.
941 silly tarball no local data for form-data@https://registry.npmjs.org/form-data/-/form-data-2.3.3.tgz. Extracting by manifest.
942 silly tarball no local data for readable-stream@https://registry.npmjs.org/readable-stream/-/readable-stream-4.7.0.tgz. Extracting by manifest.
943 silly tarball no local data for string_decoder@https://registry.npmjs.org/string_decoder/-/string_decoder-1.3.0.tgz. Extracting by manifest.
944 silly tarball no local data for yargs@https://registry.npmjs.org/yargs/-/yargs-15.4.1.tgz. Extracting by manifest.
945 silly tarball no local data for safe-buffer@https://registry.npmjs.org/safe-buffer/-/safe-buffer-5.1.2.tgz. Extracting by manifest.
946 silly tarball no local data for yargs-parser@https://registry.npmjs.org/yargs-parser/-/yargs-parser-18.1.3.tgz. Extracting by manifest.
947 silly tarball no local data for y18n@https://registry.npmjs.org/y18n/-/y18n-4.0.3.tgz. Extracting by manifest.
948 silly tarball no local data for which-module@https://registry.npmjs.org/which-module/-/which-module-2.0.1.tgz. Extracting by manifest.
949 silly tarball no local data for require-main-filename@https://registry.npmjs.org/require-main-filename/-/require-main-filename-2.0.0.tgz. Extracting by manifest.
950 silly tarball no local data for pngjs@https://registry.npmjs.org/pngjs/-/pngjs-5.0.0.tgz. Extracting by manifest.
951 silly tarball no local data for path-exists@https://registry.npmjs.org/path-exists/-/path-exists-4.0.0.tgz. Extracting by manifest.
952 silly tarball no local data for find-up@https://registry.npmjs.org/find-up/-/find-up-4.1.0.tgz. Extracting by manifest.
953 silly tarball no local data for camelcase@https://registry.npmjs.org/camelcase/-/camelcase-5.3.1.tgz. Extracting by manifest.
954 silly tarball no local data for cliui@https://registry.npmjs.org/cliui/-/cliui-6.0.0.tgz. Extracting by manifest.
955 silly tarball no local data for hookified@https://registry.npmjs.org/hookified/-/hookified-2.1.1.tgz. Extracting by manifest.
956 silly tarball no local data for pngjs@https://registry.npmjs.org/pngjs/-/pngjs-6.0.0.tgz. Extracting by manifest.
957 silly tarball no local data for entities@https://registry.npmjs.org/entities/-/entities-6.0.1.tgz. Extracting by manifest.
958 silly tarball no local data for string_decoder@https://registry.npmjs.org/string_decoder/-/string_decoder-1.3.0.tgz. Extracting by manifest.
959 silly tarball no local data for readable-stream@https://registry.npmjs.org/readable-stream/-/readable-stream-4.7.0.tgz. Extracting by manifest.
960 silly tarball no local data for semver@https://registry.npmjs.org/semver/-/semver-5.7.2.tgz. Extracting by manifest.
961 silly tarball no local data for iconv-lite@https://registry.npmjs.org/iconv-lite/-/iconv-lite-0.6.2.tgz. Extracting by manifest.
962 silly tarball no local data for strip-ansi@https://registry.npmjs.org/strip-ansi/-/strip-ansi-4.0.0.tgz. Extracting by manifest.
963 silly tarball no local data for string-width@https://registry.npmjs.org/string-width/-/string-width-2.1.1.tgz. Extracting by manifest.
964 silly tarball no local data for is-fullwidth-code-point@https://registry.npmjs.org/is-fullwidth-code-point/-/is-fullwidth-code-point-2.0.0.tgz. Extracting by manifest.
965 silly tarball no local data for wrap-ansi@https://registry.npmjs.org/wrap-ansi/-/wrap-ansi-6.2.0.tgz. Extracting by manifest.
966 silly tarball no local data for ansi-regex@https://registry.npmjs.org/ansi-regex/-/ansi-regex-3.0.1.tgz. Extracting by manifest.
967 silly tarball no local data for token-types@https://registry.npmjs.org/token-types/-/token-types-6.1.2.tgz. Extracting by manifest.
968 silly tarball no local data for webidl-conversions@https://registry.npmjs.org/webidl-conversions/-/webidl-conversions-3.0.1.tgz. Extracting by manifest.
969 silly tarball no local data for whatwg-url@https://registry.npmjs.org/whatwg-url/-/whatwg-url-5.0.0.tgz. Extracting by manifest.
970 silly tarball no local data for tr46@https://registry.npmjs.org/tr46/-/tr46-0.0.3.tgz. Extracting by manifest.
971 silly tarball no local data for strtok3@https://registry.npmjs.org/strtok3/-/strtok3-10.3.5.tgz. Extracting by manifest.
972 silly tarball no local data for htmlparser2@https://registry.npmjs.org/htmlparser2/-/htmlparser2-8.0.2.tgz. Extracting by manifest.
973 silly tarball no local data for file-type@https://registry.npmjs.org/file-type/-/file-type-21.3.4.tgz. Extracting by manifest.
974 silly tarball no local data for protobufjs@https://registry.npmjs.org/protobufjs/-/protobufjs-6.8.8.tgz. Extracting by manifest.
975 silly tarball no local data for long@https://registry.npmjs.org/long/-/long-4.0.0.tgz. Extracting by manifest.
976 silly tarball no local data for cheerio@https://registry.npmjs.org/cheerio/-/cheerio-1.0.0-rc.11.tgz. Extracting by manifest.
977 silly tarball no local data for @types/node@https://registry.npmjs.org/@types/node/-/node-10.17.60.tgz. Extracting by manifest.
978 silly tarball no local data for whatwg-mimetype@https://registry.npmjs.org/whatwg-mimetype/-/whatwg-mimetype-3.0.0.tgz. Extracting by manifest.
979 silly tarball no local data for whatwg-encoding@https://registry.npmjs.org/whatwg-encoding/-/whatwg-encoding-2.0.0.tgz. Extracting by manifest.
980 silly tarball no local data for universalify@https://registry.npmjs.org/universalify/-/universalify-0.2.0.tgz. Extracting by manifest.
981 silly tarball no local data for tough-cookie@https://registry.npmjs.org/tough-cookie/-/tough-cookie-4.1.4.tgz. Extracting by manifest.
982 silly tarball no local data for https-proxy-agent@https://registry.npmjs.org/https-proxy-agent/-/https-proxy-agent-5.0.1.tgz. Extracting by manifest.
983 silly tarball no local data for agent-base@https://registry.npmjs.org/agent-base/-/agent-base-6.0.2.tgz. Extracting by manifest.
984 silly tarball no local data for @types/node@https://registry.npmjs.org/@types/node/-/node-16.9.1.tgz. Extracting by manifest.
985 silly tarball no local data for agent-base@https://registry.npmjs.org/agent-base/-/agent-base-6.0.2.tgz. Extracting by manifest.
986 silly tarball no local data for entities@https://registry.npmjs.org/entities/-/entities-7.0.1.tgz. Extracting by manifest.
987 silly tarball no local data for whatwg-encoding@https://registry.npmjs.org/whatwg-encoding/-/whatwg-encoding-2.0.0.tgz. Extracting by manifest.
988 silly tarball no local data for yargs-parser@https://registry.npmjs.org/yargs-parser/-/yargs-parser-2.4.1.tgz. Extracting by manifest.
989 silly tarball no local data for yargs@https://registry.npmjs.org/yargs/-/yargs-4.8.1.tgz. Extracting by manifest.
990 silly tarball no local data for y18n@https://registry.npmjs.org/y18n/-/y18n-3.2.2.tgz. Extracting by manifest.
991 silly tarball no local data for wrap-ansi@https://registry.npmjs.org/wrap-ansi/-/wrap-ansi-2.1.0.tgz. Extracting by manifest.
992 silly tarball no local data for strip-ansi@https://registry.npmjs.org/strip-ansi/-/strip-ansi-3.0.1.tgz. Extracting by manifest.
993 silly tarball no local data for string-width@https://registry.npmjs.org/string-width/-/string-width-1.0.2.tgz. Extracting by manifest.
994 silly tarball no local data for is-fullwidth-code-point@https://registry.npmjs.org/is-fullwidth-code-point/-/is-fullwidth-code-point-1.0.0.tgz. Extracting by manifest.
995 silly tarball no local data for get-caller-file@https://registry.npmjs.org/get-caller-file/-/get-caller-file-1.0.3.tgz. Extracting by manifest.
996 silly tarball no local data for cliui@https://registry.npmjs.org/cliui/-/cliui-3.2.0.tgz. Extracting by manifest.
997 silly tarball no local data for ansi-regex@https://registry.npmjs.org/ansi-regex/-/ansi-regex-2.1.1.tgz. Extracting by manifest.
998 silly tarball no local data for async@https://registry.npmjs.org/async/-/async-1.5.2.tgz. Extracting by manifest.
999 silly tarball no local data for mimic-response@https://registry.npmjs.org/mimic-response/-/mimic-response-3.1.0.tgz. Extracting by manifest.
1000 silly tarball no local data for whatwg-mimetype@https://registry.npmjs.org/whatwg-mimetype/-/whatwg-mimetype-3.0.0.tgz. Extracting by manifest.
1001 silly tarball no local data for keyv@https://registry.npmjs.org/keyv/-/keyv-4.5.4.tgz. Extracting by manifest.
1002 silly tarball no local data for undici@https://registry.npmjs.org/undici/-/undici-6.25.0.tgz. Extracting by manifest.
1003 silly tarball no local data for http-cookie-agent@https://registry.npmjs.org/http-cookie-agent/-/http-cookie-agent-6.0.8.tgz. Extracting by manifest.
1004 silly tarball no local data for ansi-regex@https://registry.npmjs.org/ansi-regex/-/ansi-regex-2.1.1.tgz. Extracting by manifest.
1005 http fetch POST 200 https://registry.npmjs.org/-/npm/v1/security/advisories/bulk 1867ms
1006 silly audit report {
1006 silly audit report   'file-type': [
1006 silly audit report     {
1006 silly audit report       id: 1114301,
1006 silly audit report       url: 'https://github.com/advisories/GHSA-5v7r-6r5c-r473',
1006 silly audit report       title: 'file-type affected by infinite loop in ASF parser on malformed input with zero-size sub-header',
1006 silly audit report       severity: 'moderate',
1006 silly audit report       vulnerable_versions: '>=13.0.0 <21.3.1',
1006 silly audit report       cwe: [Array],
1006 silly audit report       cvss: [Object]
1006 silly audit report     }
1006 silly audit report   ],
1006 silly audit report   '@tootallnate/once': [
1006 silly audit report     {
1006 silly audit report       id: 1113977,
1006 silly audit report       url: 'https://github.com/advisories/GHSA-vpq2-c234-7xj6',
1006 silly audit report       title: '@tootallnate/once vulnerable to Incorrect Control Flow Scoping',
1006 silly audit report       severity: 'low',
1006 silly audit report       vulnerable_versions: '<3.0.1',
1006 silly audit report       cwe: [Array],
1006 silly audit report       cvss: [Object]
1006 silly audit report     }
1006 silly audit report   ],
1006 silly audit report   protobufjs: [
1006 silly audit report     {
1006 silly audit report       id: 1117042,
1006 silly audit report       url: 'https://github.com/advisories/GHSA-xq3m-2v4x-88gg',
1006 silly audit report       title: 'Arbitrary code execution in protobufjs',
1006 silly audit report       severity: 'critical',
1006 silly audit report       vulnerable_versions: '<7.5.5',
1006 silly audit report       cwe: [Array],
1006 silly audit report       cvss: [Object]
1006 silly audit report     }
1006 silly audit report   ],
1006 silly audit report   axios: [
1006 silly audit report     {
1006 silly audit report       id: 1102326,
1006 silly audit report       url: 'https://github.com/advisories/GHSA-cph5-m8f7-6c5x',
1006 silly audit report       title: 'axios Inefficient Regular Expression Complexity vulnerability',
1006 silly audit report       severity: 'high',
1006 silly audit report       vulnerable_versions: '<0.21.2',
1006 silly audit report       cwe: [Array],
1006 silly audit report       cvss: [Object]
1006 silly audit report     },
1006 silly audit report     {
1006 silly audit report       id: 1111034,
1006 silly audit report       url: 'https://github.com/advisories/GHSA-jr5f-v2jv-69x6',
1006 silly audit report       title: 'axios Requests Vulnerable To Possible SSRF and Credential Leakage via Absolute URL',
1006 silly audit report       severity: 'high',
1006 silly audit report       vulnerable_versions: '<0.30.0',
1006 silly audit report       cwe: [Array],
1006 silly audit report       cvss: [Object]
1006 silly audit report     },
1006 silly audit report     {
1006 silly audit report       id: 1113274,
1006 silly audit report       url: 'https://github.com/advisories/GHSA-43fc-jf86-j433',
1006 silly audit report       title: 'Axios is Vulnerable to Denial of Service via __proto__ Key in mergeConfig',
1006 silly audit report       severity: 'high',
1006 silly audit report       vulnerable_versions: '<=0.30.2',
1006 silly audit report       cwe: [Array],
1006 silly audit report       cvss: [Object]
1006 silly audit report     },
1006 silly audit report     {
1006 silly audit report       id: 1116672,
1006 silly audit report       url: 'https://github.com/advisories/GHSA-3p68-rc4w-qgx5',
1006 silly audit report       title: 'Axios has a NO_PROXY Hostname Normalization Bypass that Leads to SSRF',
1006 silly audit report       severity: 'moderate',
1006 silly audit report       vulnerable_versions: '<0.31.0',
1006 silly audit report       cwe: [Array],
1006 silly audit report       cvss: [Object]
1006 silly audit report     },
1006 silly audit report     {
1006 silly audit report       id: 1116674,
1006 silly audit report       url: 'https://github.com/advisories/GHSA-fvcv-3m26-pcqx',
1006 silly audit report       title: 'Axios has Unrestricted Cloud Metadata Exfiltration via Header Injection Chain',
1006 silly audit report       severity: 'moderate',
1006 silly audit report       vulnerable_versions: '<0.31.0',
1006 silly audit report       cwe: [Array],
1006 silly audit report       cvss: [Object]
1006 silly audit report     },
1006 silly audit report     {
1006 silly audit report       id: 1090049,
1006 silly audit report       url: 'https://github.com/advisories/GHSA-4w2v-q235-vp99',
1006 silly audit report       title: 'Axios vulnerable to Server-Side Request Forgery',
1006 silly audit report       severity: 'moderate',
1006 silly audit report       vulnerable_versions: '<0.21.1',
1006 silly audit report       cwe: [Array],
1006 silly audit report       cvss: [Object]
1006 silly audit report     },
1006 silly audit report     {
1006 silly audit report       id: 1097679,
1006 silly audit report       url: 'https://github.com/advisories/GHSA-wf5p-g6vw-rhxx',
1006 silly audit report       title: 'Axios Cross-Site Request Forgery Vulnerability',
1006 silly audit report       severity: 'moderate',
1006 silly audit report       vulnerable_versions: '>=0.8.1 <0.28.0',
1006 silly audit report       cwe: [Array],
1006 silly audit report       cvss: [Object]
1006 silly audit report     }
1006 silly audit report   ],
1006 silly audit report   cookie: [
1006 silly audit report     {
1006 silly audit report       id: 1103907,
1006 silly audit report       url: 'https://github.com/advisories/GHSA-pxg6-pf52-xh8x',
1006 silly audit report       title: 'cookie accepts cookie name, path, and domain with out of bounds characters',
1006 silly audit report       severity: 'low',
1006 silly audit report       vulnerable_versions: '<0.7.0',
1006 silly audit report       cwe: [Array],
1006 silly audit report       cvss: [Object]
1006 silly audit report     }
1006 silly audit report   ],
1006 silly audit report   'form-data': [
1006 silly audit report     {
1006 silly audit report       id: 1109540,
1006 silly audit report       url: 'https://github.com/advisories/GHSA-fjxv-7rqg-78g4',
1006 silly audit report       title: 'form-data uses unsafe random function in form-data for choosing boundary',
1006 silly audit report       severity: 'critical',
1006 silly audit report       vulnerable_versions: '<2.5.4',
1006 silly audit report       cwe: [Array],
1006 silly audit report       cvss: [Object]
1006 silly audit report     }
1006 silly audit report   ],
1006 silly audit report   'yargs-parser': [
1006 silly audit report     {
1006 silly audit report       id: 1088783,
1006 silly audit report       url: 'https://github.com/advisories/GHSA-p9pc-299p-vxgp',
1006 silly audit report       title: 'yargs-parser Vulnerable to Prototype Pollution',
1006 silly audit report       severity: 'moderate',
1006 silly audit report       vulnerable_versions: '<=5.0.0',
1006 silly audit report       cwe: [Array],
1006 silly audit report       cvss: [Object]
1006 silly audit report     }
1006 silly audit report   ],
1006 silly audit report   'tough-cookie': [
1006 silly audit report     {
1006 silly audit report       id: 1097682,
1006 silly audit report       url: 'https://github.com/advisories/GHSA-72xf-g2v4-qvf3',
1006 silly audit report       title: 'tough-cookie Prototype Pollution vulnerability',
1006 silly audit report       severity: 'moderate',
1006 silly audit report       vulnerable_versions: '<4.1.3',
1006 silly audit report       cwe: [Array],
1006 silly audit report       cvss: [Object]
1006 silly audit report     }
1006 silly audit report   ],
1006 silly audit report   'jsonpath-plus': [
1006 silly audit report     {
1006 silly audit report       id: 1102423,
1006 silly audit report       url: 'https://github.com/advisories/GHSA-pppg-cpfq-h7wr',
1006 silly audit report       title: 'JSONPath Plus Remote Code Execution (RCE) Vulnerability',
1006 silly audit report       severity: 'critical',
1006 silly audit report       vulnerable_versions: '<10.2.0',
1006 silly audit report       cwe: [Array],
1006 silly audit report       cvss: [Object]
1006 silly audit report     },
1006 silly audit report     {
1006 silly audit report       id: 1102895,
1006 silly audit report       url: 'https://github.com/advisories/GHSA-hw8r-x6gr-5gjp',
1006 silly audit report       title: 'JSONPath Plus allows Remote Code Execution',
1006 silly audit report       severity: 'high',
1006 silly audit report       vulnerable_versions: '<10.3.0',
1006 silly audit report       cwe: [Array],
1006 silly audit report       cvss: [Object]
1006 silly audit report     }
1006 silly audit report   ],
1006 silly audit report   minimatch: [
1006 silly audit report     {
1006 silly audit report       id: 1113459,
1006 silly audit report       url: 'https://github.com/advisories/GHSA-3ppc-4f35-3m26',
1006 silly audit report       title: 'minimatch has a ReDoS via repeated wildcards with non-matching literal in pattern',
1006 silly audit report       severity: 'high',
1006 silly audit report       vulnerable_versions: '<3.1.3',
1006 silly audit report       cwe: [Array],
1006 silly audit report       cvss: [Object]
1006 silly audit report     },
1006 silly audit report     {
1006 silly audit report       id: 1113538,
1006 silly audit report       url: 'https://github.com/advisories/GHSA-7r86-cg39-jmmj',
1006 silly audit report       title: 'minimatch has ReDoS: matchOne() combinatorial backtracking via multiple non-adjacent GLOBSTAR segments',
1006 silly audit report       severity: 'high',
1006 silly audit report       vulnerable_versions: '<3.1.3',
1006 silly audit report       cwe: [Array],
1006 silly audit report       cvss: [Object]
1006 silly audit report     },
1006 silly audit report     {
1006 silly audit report       id: 1113546,
1006 silly audit report       url: 'https://github.com/advisories/GHSA-23c5-xmqv-rm74',
1006 silly audit report       title: 'minimatch ReDoS: nested *() extglobs generate catastrophically backtracking regular expressions',
1006 silly audit report       severity: 'high',
1006 silly audit report       vulnerable_versions: '<3.1.4',
1006 silly audit report       cwe: [Array],
1006 silly audit report       cvss: [Object]
1006 silly audit report     }
1006 silly audit report   ],
1006 silly audit report   qs: [
1006 silly audit report     {
1006 silly audit report       id: 1113719,
1006 silly audit report       url: 'https://github.com/advisories/GHSA-6rw7-vpxm-498p',
1006 silly audit report       title: "qs's arrayLimit bypass in its bracket notation allows DoS via memory exhaustion",
1006 silly audit report       severity: 'moderate',
1006 silly audit report       vulnerable_versions: '<6.14.1',
1006 silly audit report       cwe: [Array],
1006 silly audit report       cvss: [Object]
1006 silly audit report     }
1006 silly audit report   ],
1006 silly audit report   request: [
1006 silly audit report     {
1006 silly audit report       id: 1096727,
1006 silly audit report       url: 'https://github.com/advisories/GHSA-p8p7-x288-28g6',
1006 silly audit report       title: 'Server-Side Request Forgery in Request',
1006 silly audit report       severity: 'moderate',
1006 silly audit report       vulnerable_versions: '<=2.88.2',
1006 silly audit report       cwe: [Array],
1006 silly audit report       cvss: [Object]
1006 silly audit report     }
1006 silly audit report   ],
1006 silly audit report   uuid: [
1006 silly audit report     {
1006 silly audit report       id: 1116970,
1006 silly audit report       url: 'https://github.com/advisories/GHSA-w5hq-g745-h8pq',
1006 silly audit report       title: 'uuid: Missing buffer bounds check in v3/v5/v6 when buf is provided',
1006 silly audit report       severity: 'moderate',
1006 silly audit report       vulnerable_versions: '<14.0.0',
1006 silly audit report       cwe: [Array],
1006 silly audit report       cvss: [Object]
1006 silly audit report     }
1006 silly audit report   ]
1006 silly audit report }
1007 silly packumentCache corgi:https://registry.npmjs.org/file-type cache-miss
1008 silly packumentCache corgi:https://registry.npmjs.org/@tootallnate%2fonce cache-miss
1009 silly packumentCache corgi:https://registry.npmjs.org/protobufjs cache-miss
1010 silly packumentCache corgi:https://registry.npmjs.org/axios cache-miss
1011 silly packumentCache corgi:https://registry.npmjs.org/cookie cache-miss
1012 silly packumentCache corgi:https://registry.npmjs.org/form-data cache-miss
1013 silly packumentCache corgi:https://registry.npmjs.org/yargs-parser cache-miss
1014 silly packumentCache corgi:https://registry.npmjs.org/tough-cookie cache-miss
1015 silly packumentCache corgi:https://registry.npmjs.org/jsonpath-plus cache-miss
1016 silly packumentCache corgi:https://registry.npmjs.org/minimatch cache-miss
1017 silly packumentCache corgi:https://registry.npmjs.org/qs cache-miss
1018 silly packumentCache corgi:https://registry.npmjs.org/request cache-miss
1019 silly packumentCache corgi:https://registry.npmjs.org/uuid cache-miss
1020 http fetch GET 200 https://registry.npmjs.org/xml2js/-/xml2js-0.5.0.tgz 1415ms (cache miss)
1021 http fetch GET 200 https://registry.npmjs.org/xml-parse-from-string/-/xml-parse-from-string-1.0.1.tgz 1539ms (cache miss)
1022 http fetch GET 200 https://registry.npmjs.org/xml-name-validator/-/xml-name-validator-4.0.0.tgz 1742ms (cache miss)
1023 http fetch GET 200 https://registry.npmjs.org/y18n/-/y18n-5.0.8.tgz 1780ms (cache miss)
1024 http fetch GET 200 https://registry.npmjs.org/wrap-ansi/-/wrap-ansi-7.0.0.tgz 1773ms (cache miss)
1025 http fetch GET 200 https://registry.npmjs.org/xmlchars/-/xmlchars-2.2.0.tgz 1818ms (cache miss)
1026 http fetch GET 200 https://registry.npmjs.org/window-size/-/window-size-0.2.0.tgz 1839ms (cache miss)
1027 http fetch GET 200 https://registry.npmjs.org/youtube-yts/-/youtube-yts-2.0.0.tgz 1857ms (cache miss)
1028 warn deprecated youtube-yts@2.0.0: Package no longer supported. Contact Support at https://www.npmjs.com/support for more info.
1029 http fetch GET 200 https://registry.npmjs.org/which-module/-/which-module-1.0.0.tgz 1913ms (cache miss)
1030 http fetch GET 200 https://registry.npmjs.org/win-guid/-/win-guid-0.2.1.tgz 2025ms (cache miss)
1031 http fetch GET 200 https://registry.npmjs.org/yt-search/-/yt-search-2.13.1.tgz 2049ms (cache miss)
1032 http fetch GET 200 https://registry.npmjs.org/webidl-conversions/-/webidl-conversions-7.0.0.tgz 2113ms (cache miss)
1033 http fetch GET 200 https://registry.npmjs.org/which/-/which-1.3.1.tgz 2130ms (cache miss)
1034 http fetch GET 200 https://registry.npmjs.org/wrappy/-/wrappy-1.0.2.tgz 2167ms (cache miss)
1035 http fetch GET 200 https://registry.npmjs.org/youtubedl-core/-/youtubedl-core-4.11.7.tgz 2204ms (cache miss)
1036 warn deprecated youtubedl-core@4.11.7: Package no longer supported. Contact Support at https://www.npmjs.com/support for more info.
1037 http fetch GET 200 https://registry.npmjs.org/whatwg-encoding/-/whatwg-encoding-3.1.1.tgz 2211ms (cache miss)
1038 warn deprecated whatwg-encoding@3.1.1: Use @exodus/bytes instead for a more spec-conformant and faster implementation
1039 http fetch GET 200 https://registry.npmjs.org/w3c-xmlserializer/-/w3c-xmlserializer-4.0.0.tgz 2247ms (cache miss)
1040 http fetch GET 200 https://registry.npmjs.org/whatwg-mimetype/-/whatwg-mimetype-4.0.0.tgz 2261ms (cache miss)
1041 http fetch GET 200 https://registry.npmjs.org/util-deprecate/-/util-deprecate-1.0.2.tgz 2257ms (cache miss)
1042 http fetch GET 200 https://registry.npmjs.org/universalify/-/universalify-2.0.1.tgz 2300ms (cache miss)
1043 http fetch GET 200 https://registry.npmjs.org/ws/-/ws-8.20.0.tgz 2319ms (cache miss)
1044 http fetch GET 200 https://registry.npmjs.org/verror/-/verror-1.10.0.tgz 2314ms (cache miss)
1045 http fetch GET 200 https://registry.npmjs.org/ytdl-core/-/ytdl-core-4.11.5.tgz 2341ms (cache miss)
1046 http fetch GET 200 https://registry.npmjs.org/yargs-parser/-/yargs-parser-21.1.1.tgz 2354ms (cache miss)
1047 http fetch GET 200 https://registry.npmjs.org/whatwg-url/-/whatwg-url-12.0.1.tgz 2384ms (cache miss)
1048 http fetch GET 200 https://registry.npmjs.org/url-template/-/url-template-2.0.8.tgz 2458ms (cache miss)
1049 http fetch GET 200 https://registry.npmjs.org/uint8array-extras/-/uint8array-extras-1.5.0.tgz 2462ms (cache miss)
1050 http fetch GET 200 https://registry.npmjs.org/tunnel-agent/-/tunnel-agent-0.6.0.tgz 2478ms (cache miss)
1051 http fetch GET 200 https://registry.npmjs.org/validate-npm-package-license/-/validate-npm-package-license-3.0.4.tgz 2488ms (cache miss)
1052 http fetch GET 200 https://registry.npmjs.org/utif2/-/utif2-4.1.0.tgz 2585ms (cache miss)
1053 http fetch GET 200 https://registry.npmjs.org/ttys/-/ttys-0.0.3.tgz 2576ms (cache miss)
1054 http fetch GET 200 https://registry.npmjs.org/url/-/url-0.11.0.tgz 2589ms (cache miss)
1055 http fetch GET 200 https://registry.npmjs.org/url-parse/-/url-parse-1.5.10.tgz 2613ms (cache miss)
1056 http fetch GET 200 https://registry.npmjs.org/xmlbuilder/-/xmlbuilder-11.0.1.tgz 2703ms (cache miss)
1057 http fetch GET 200 https://registry.npmjs.org/translate-google-api/-/translate-google-api-1.0.4.tgz 2688ms (cache miss)
1058 http fetch GET 200 https://registry.npmjs.org/timers-ext/-/timers-ext-0.1.8.tgz 2754ms (cache miss)
1059 http fetch GET 200 https://registry.npmjs.org/token-types/-/token-types-4.2.1.tgz 2808ms (cache miss)
1060 http fetch GET 200 https://registry.npmjs.org/yargs/-/yargs-17.7.2.tgz 2869ms (cache miss)
1061 http fetch GET 200 https://registry.npmjs.org/undici-types/-/undici-types-5.26.5.tgz 2848ms (cache miss)
1062 http fetch GET 200 https://registry.npmjs.org/tslib/-/tslib-2.8.1.tgz 2859ms (cache miss)
1063 http fetch GET 200 https://registry.npmjs.org/supports-color/-/supports-color-7.2.0.tgz 2878ms (cache miss)
1064 http fetch GET 200 https://registry.npmjs.org/symbol-tree/-/symbol-tree-3.2.4.tgz 2938ms (cache miss)
1065 http fetch GET 200 https://registry.npmjs.org/strip-ansi/-/strip-ansi-6.0.1.tgz 3211ms (cache miss)
1066 http fetch GET 200 https://registry.npmjs.org/strip-bom/-/strip-bom-2.0.0.tgz 3219ms (cache miss)
1067 http fetch GET 200 https://registry.npmjs.org/string_decoder/-/string_decoder-1.1.1.tgz 3222ms (cache miss)
1068 http fetch GET 200 https://registry.npmjs.org/string-width/-/string-width-4.2.3.tgz 3228ms (cache miss)
1069 http fetch GET 200 https://registry.npmjs.org/tweetnacl/-/tweetnacl-0.14.5.tgz 3312ms (cache miss)
1070 http fetch GET 200 https://registry.npmjs.org/supports-preserve-symlinks-flag/-/supports-preserve-symlinks-flag-1.0.0.tgz 3311ms (cache miss)
1071 http fetch GET 200 https://registry.npmjs.org/split2/-/split2-4.2.0.tgz 3322ms (cache miss)
1072 http fetch GET 200 https://registry.npmjs.org/spdx-exceptions/-/spdx-exceptions-2.5.0.tgz 3324ms (cache miss)
1073 http fetch GET 200 https://registry.npmjs.org/uuid/-/uuid-9.0.1.tgz 3409ms (cache miss)
1074 http fetch GET 200 https://registry.npmjs.org/spdx-expression-parse/-/spdx-expression-parse-3.0.1.tgz 3471ms (cache miss)
1075 http fetch GET 200 https://registry.npmjs.org/strtok3/-/strtok3-6.3.0.tgz 3489ms (cache miss)
1076 http fetch GET 200 https://registry.npmjs.org/tr46/-/tr46-4.1.1.tgz 3522ms (cache miss)
1077 http fetch GET 200 https://registry.npmjs.org/simple-xml-to-json/-/simple-xml-to-json-1.2.7.tgz 3504ms (cache miss)
1078 http fetch GET 200 https://registry.npmjs.org/signal-exit/-/signal-exit-3.0.7.tgz 3504ms (cache miss)
1079 http fetch GET 200 https://registry.npmjs.org/spdx-license-ids/-/spdx-license-ids-3.0.23.tgz 3517ms (cache miss)
1080 http fetch GET 200 https://registry.npmjs.org/set-blocking/-/set-blocking-2.0.0.tgz 3726ms (cache miss)
1081 http fetch GET 200 https://registry.npmjs.org/tinycolor2/-/tinycolor2-1.6.0.tgz 3780ms (cache miss)
1082 http fetch GET 200 https://registry.npmjs.org/side-channel-weakmap/-/side-channel-weakmap-1.0.2.tgz 3780ms (cache miss)
1083 http fetch GET 200 https://registry.npmjs.org/sonic-boom/-/sonic-boom-3.8.1.tgz 3803ms (cache miss)
1084 http fetch GET 200 https://registry.npmjs.org/side-channel-list/-/side-channel-list-1.0.1.tgz 3802ms (cache miss)
1085 http fetch GET 200 https://registry.npmjs.org/thread-stream/-/thread-stream-2.7.0.tgz 3861ms (cache miss)
1086 http fetch GET 200 https://registry.npmjs.org/spdx-correct/-/spdx-correct-3.2.0.tgz 3874ms (cache miss)
1087 http fetch GET 200 https://registry.npmjs.org/set-cookie/-/set-cookie-0.0.4.tgz 3868ms (cache miss)
1088 http fetch GET 200 https://registry.npmjs.org/tough-cookie/-/tough-cookie-5.1.2.tgz 3912ms (cache miss)
1089 http fetch GET 200 https://registry.npmjs.org/side-channel/-/side-channel-1.1.0.tgz 3893ms (cache miss)
1090 http fetch GET 200 https://registry.npmjs.org/safe-buffer/-/safe-buffer-5.2.1.tgz 3920ms (cache miss)
1091 http fetch GET 200 https://registry.npmjs.org/sax/-/sax-1.6.0.tgz 3946ms (cache miss)
1092 http fetch GET 200 https://registry.npmjs.org/uri-js/-/uri-js-4.4.1.tgz 4030ms (cache miss)
1093 http fetch GET 200 https://registry.npmjs.org/restore-cursor/-/restore-cursor-3.1.0.tgz 3985ms (cache miss)
1094 http fetch GET 200 https://registry.npmjs.org/sshpk/-/sshpk-1.18.0.tgz 4041ms (cache miss)
1095 http fetch GET 200 https://registry.npmjs.org/resolve-alpn/-/resolve-alpn-1.2.1.tgz 4020ms (cache miss)
1096 http fetch GET 200 https://registry.npmjs.org/responselike/-/responselike-2.0.1.tgz 4085ms (cache miss)
1097 http fetch GET 200 https://registry.npmjs.org/type/-/type-2.7.3.tgz 4181ms (cache miss)
1098 http fetch GET 200 https://registry.npmjs.org/saxes/-/saxes-6.0.0.tgz 4162ms (cache miss)
1099 http fetch GET 200 https://registry.npmjs.org/require-main-filename/-/require-main-filename-1.0.1.tgz 4154ms (cache miss)
1100 http fetch GET 200 https://registry.npmjs.org/tldts-core/-/tldts-core-6.1.86.tgz 4206ms (cache miss)
1101 http fetch GET 200 https://registry.npmjs.org/requires-port/-/requires-port-1.0.0.tgz 4170ms (cache miss)
1102 http fetch GET 200 https://registry.npmjs.org/semver/-/semver-7.7.4.tgz 4253ms (cache miss)
1103 http fetch GET 200 https://registry.npmjs.org/rrweb-cssom/-/rrweb-cssom-0.6.0.tgz 4274ms (cache miss)
1104 http fetch GET 200 https://registry.npmjs.org/real-require/-/real-require-0.2.0.tgz 4305ms (cache miss)
1105 http fetch GET 200 https://registry.npmjs.org/redstar/-/redstar-0.0.2.tgz 4357ms (cache miss)
1106 http fetch GET 200 https://registry.npmjs.org/readable-web-to-node-stream/-/readable-web-to-node-stream-3.0.4.tgz 4365ms (cache miss)
1107 http fetch GET 200 https://registry.npmjs.org/side-channel-map/-/side-channel-map-1.0.1.tgz 4411ms (cache miss)
1108 http fetch GET 200 https://registry.npmjs.org/require-directory/-/require-directory-2.1.1.tgz 4395ms (cache miss)
1109 http fetch GET 200 https://registry.npmjs.org/ruhend-scraper/-/ruhend-scraper-8.3.0.tgz 4459ms (cache miss)
1110 warn deprecated ruhend-scraper@8.3.0: please update to the latest version "ruhend-scraper": "latest" or "ruhend-scraper": "*" 
1111 http fetch GET 200 https://registry.npmjs.org/read-pkg-up/-/read-pkg-up-1.0.1.tgz 4471ms (cache miss)
1112 http fetch GET 200 https://registry.npmjs.org/read-pkg/-/read-pkg-1.1.0.tgz 4489ms (cache miss)
1113 http fetch GET 200 https://registry.npmjs.org/safe-stable-stringify/-/safe-stable-stringify-2.5.0.tgz 4572ms (cache miss)
1114 http fetch GET 200 https://registry.npmjs.org/querystringify/-/querystringify-2.2.0.tgz 4561ms (cache miss)
1115 http fetch GET 200 https://registry.npmjs.org/quick-format-unescaped/-/quick-format-unescaped-4.0.4.tgz 4587ms (cache miss)
1116 http fetch GET 200 https://registry.npmjs.org/sharp/-/sharp-0.34.5.tgz 4686ms (cache miss)
1117 http fetch GET 200 https://registry.npmjs.org/querystring/-/querystring-0.2.0.tgz 4660ms (cache miss)
1118 warn deprecated querystring@0.2.0: The querystring API is considered Legacy. new code should use the URLSearchParams API instead.
1119 http fetch GET 200 https://registry.npmjs.org/readable-stream/-/readable-stream-2.3.8.tgz 4761ms (cache miss)
1120 http fetch GET 200 https://registry.npmjs.org/proxy-from-env/-/proxy-from-env-2.1.0.tgz 4773ms (cache miss)
1121 http fetch GET 200 https://registry.npmjs.org/punycode/-/punycode-2.3.1.tgz 4776ms (cache miss)
1122 http fetch GET 200 https://registry.npmjs.org/qified/-/qified-0.9.1.tgz 4873ms (cache miss)
1123 http fetch GET 200 https://registry.npmjs.org/request/-/request-2.88.2.tgz 4897ms (cache miss)
1124 warn deprecated request@2.88.2: request has been deprecated, see https://github.com/request/request/issues/3142
1125 http fetch GET 200 https://registry.npmjs.org/process-warning/-/process-warning-3.0.0.tgz 4915ms (cache miss)
1126 http fetch GET 200 https://registry.npmjs.org/pump/-/pump-3.0.4.tgz 4951ms (cache miss)
1127 http fetch GET 200 https://registry.npmjs.org/process-nextick-args/-/process-nextick-args-2.0.1.tgz 4979ms (cache miss)
1128 http fetch GET 200 https://registry.npmjs.org/process/-/process-0.11.10.tgz 4996ms (cache miss)
1129 http fetch GET 200 https://registry.npmjs.org/safer-buffer/-/safer-buffer-2.1.2.tgz 5133ms (cache miss)
1130 http fetch GET 200 https://registry.npmjs.org/pino-std-serializers/-/pino-std-serializers-6.2.2.tgz 5145ms (cache miss)
1131 http fetch GET 200 https://registry.npmjs.org/pixelmatch/-/pixelmatch-5.3.0.tgz 5153ms (cache miss)
1132 http fetch GET 200 https://registry.npmjs.org/pino-abstract-transport/-/pino-abstract-transport-1.2.0.tgz 5242ms (cache miss)
1133 http fetch GET 200 https://registry.npmjs.org/qs/-/qs-6.15.1.tgz 5357ms (cache miss)
1134 http fetch GET 200 https://registry.npmjs.org/pinkie-promise/-/pinkie-promise-2.0.1.tgz 5345ms (cache miss)
1135 http fetch GET 200 https://registry.npmjs.org/qrcode/-/qrcode-1.5.4.tgz 5365ms (cache miss)
1136 http fetch GET 200 https://registry.npmjs.org/qrcode-terminal/-/qrcode-terminal-0.12.0.tgz 5379ms (cache miss)
1137 http fetch GET 200 https://registry.npmjs.org/resolve/-/resolve-1.22.12.tgz 5432ms (cache miss)
1138 http fetch GET 200 https://registry.npmjs.org/pinkie/-/pinkie-2.0.4.tgz 5436ms (cache miss)
1139 http fetch GET 200 https://registry.npmjs.org/pify/-/pify-2.3.0.tgz 5453ms (cache miss)
1140 http fetch GET 200 https://registry.npmjs.org/path-type/-/path-type-1.1.0.tgz 5473ms (cache miss)
1141 http fetch GET 200 https://registry.npmjs.org/phin/-/phin-3.7.1.tgz 5498ms (cache miss)
1142 warn deprecated phin@3.7.1: Package no longer supported. Contact Support at https://www.npmjs.com/support for more info.
1143 http fetch GET 200 https://registry.npmjs.org/npm 7394ms
1144 http fetch GET 200 https://registry.npmjs.org/peek-readable/-/peek-readable-4.1.0.tgz 5617ms (cache miss)
1145 http fetch GET 200 https://registry.npmjs.org/path-parse/-/path-parse-1.0.7.tgz 5616ms (cache miss)
1146 http fetch GET 200 https://registry.npmjs.org/path-exists/-/path-exists-2.1.0.tgz 5624ms (cache miss)
1147 http fetch GET 200 https://registry.npmjs.org/performance-now/-/performance-now-2.1.0.tgz 5627ms (cache miss)
1148 http fetch GET 200 https://registry.npmjs.org/parse5-htmlparser2-tree-adapter/-/parse5-htmlparser2-tree-adapter-7.1.0.tgz 5699ms (cache miss)
1149 http fetch GET 200 https://registry.npmjs.org/parse5-parser-stream/-/parse5-parser-stream-7.1.2.tgz 5701ms (cache miss)
1150 http fetch GET 200 https://registry.npmjs.org/picocolors/-/picocolors-1.1.1.tgz 5716ms (cache miss)
1151 http fetch GET 200 https://registry.npmjs.org/parse-bmfont-binary/-/parse-bmfont-binary-1.0.6.tgz 5789ms (cache miss)
1152 http fetch GET 200 https://registry.npmjs.org/parse-bmfont-xml/-/parse-bmfont-xml-1.1.6.tgz 5806ms (cache miss)
1153 http fetch GET 200 https://registry.npmjs.org/parse-bmfont-ascii/-/parse-bmfont-ascii-1.0.6.tgz 5852ms (cache miss)
1154 http fetch GET 200 https://registry.npmjs.org/p-timeout/-/p-timeout-7.0.1.tgz 5896ms (cache miss)
1155 http fetch GET 200 https://registry.npmjs.org/parse-json/-/parse-json-2.2.0.tgz 5942ms (cache miss)
1156 http fetch GET 200 https://registry.npmjs.org/p-try/-/p-try-2.2.0.tgz 5945ms (cache miss)
1157 http fetch GET 200 https://registry.npmjs.org/qrcode-reader/-/qrcode-reader-1.0.4.tgz 6006ms (cache miss)
1158 http fetch GET 200 https://registry.npmjs.org/p-locate/-/p-locate-4.1.0.tgz 6057ms (cache miss)
1159 http fetch GET 200 https://registry.npmjs.org/p-limit/-/p-limit-2.3.0.tgz 6089ms (cache miss)
1160 http fetch GET 200 https://registry.npmjs.org/os-locale/-/os-locale-1.4.0.tgz 6135ms (cache miss)
1161 http fetch GET 200 https://registry.npmjs.org/onetime/-/onetime-5.1.2.tgz 6143ms (cache miss)
1162 http fetch GET 200 https://registry.npmjs.org/once/-/once-1.4.0.tgz 6226ms (cache miss)
1163 http fetch GET 200 https://registry.npmjs.org/p-queue/-/p-queue-9.1.2.tgz 6256ms (cache miss)
1164 http fetch GET 200 https://registry.npmjs.org/on-exit-leak-free/-/on-exit-leak-free-2.1.2.tgz 6398ms (cache miss)
1165 http fetch GET 200 https://registry.npmjs.org/omggif/-/omggif-1.0.10.tgz 6423ms (cache miss)
1166 http fetch GET 200 https://registry.npmjs.org/quick-lru/-/quick-lru-5.1.1.tgz 6471ms (cache miss)
1167 http fetch GET 200 https://registry.npmjs.org/number-is-nan/-/number-is-nan-1.0.1.tgz 6606ms (cache miss)
1168 http fetch GET 200 https://registry.npmjs.org/nwsapi/-/nwsapi-2.2.23.tgz 6628ms (cache miss)
1169 http fetch GET 200 https://registry.npmjs.org/oauth-sign/-/oauth-sign-0.9.0.tgz 6648ms (cache miss)
1170 http fetch GET 200 https://registry.npmjs.org/object-inspect/-/object-inspect-1.13.4.tgz 6679ms (cache miss)
1171 http fetch GET 200 https://registry.npmjs.org/nth-check/-/nth-check-2.1.1.tgz 6725ms (cache miss)
1172 http fetch GET 200 https://registry.npmjs.org/normalize-url/-/normalize-url-6.1.0.tgz 6843ms (cache miss)
1173 http fetch GET 200 https://registry.npmjs.org/normalize-package-data/-/normalize-package-data-2.5.0.tgz 6913ms (cache miss)
1174 http fetch GET 200 https://registry.npmjs.org/parse5/-/parse5-7.3.0.tgz 6963ms (cache miss)
1175 http fetch GET 200 https://registry.npmjs.org/pngjs/-/pngjs-7.0.0.tgz 6983ms (cache miss)
1176 http fetch GET 200 https://registry.npmjs.org/psl/-/psl-1.15.0.tgz 7106ms (cache miss)
1177 http fetch GET 200 https://registry.npmjs.org/node-fzf/-/node-fzf-0.5.3.tgz 7115ms (cache miss)
1178 http fetch GET 200 https://registry.npmjs.org/next-tick/-/next-tick-1.1.0.tgz 7114ms (cache miss)
1179 http fetch GET 200 https://registry.npmjs.org/node-id3/-/node-id3-0.2.9.tgz 7130ms (cache miss)
1180 http fetch GET 200 https://registry.npmjs.org/node-cache/-/node-cache-5.1.2.tgz 7317ms (cache miss)
1181 http fetch GET 200 https://registry.npmjs.org/ms/-/ms-2.1.3.tgz 7319ms (cache miss)
1182 http fetch GET 200 https://registry.npmjs.org/multistream/-/multistream-2.1.1.tgz 7326ms (cache miss)
1183 http fetch GET 200 https://registry.npmjs.org/p-cancelable/-/p-cancelable-2.1.1.tgz 7436ms (cache miss)
1184 http fetch GET 200 https://registry.npmjs.org/mumaker/-/mumaker-2.0.0.tgz 7432ms (cache miss)
1185 http fetch GET 200 https://registry.npmjs.org/node-fetch/-/node-fetch-2.7.0.tgz 7440ms (cache miss)
1186 http fetch GET 200 https://registry.npmjs.org/node-youtube-music/-/node-youtube-music-0.8.3.tgz 7517ms (cache miss)
1187 http fetch GET 200 https://registry.npmjs.org/mimic-response/-/mimic-response-1.0.1.tgz 7598ms (cache miss)
1188 http fetch GET 200 https://registry.npmjs.org/mime-types/-/mime-types-2.1.35.tgz 7636ms (cache miss)
1189 http fetch GET 200 https://registry.npmjs.org/minimist/-/minimist-1.2.8.tgz 7673ms (cache miss)
1190 http fetch GET 200 https://registry.npmjs.org/miniget/-/miniget-4.2.3.tgz 7706ms (cache miss)
1191 http fetch GET 200 https://registry.npmjs.org/mimic-fn/-/mimic-fn-2.1.0.tgz 7760ms (cache miss)
1192 http fetch GET 200 https://registry.npmjs.org/media-typer/-/media-typer-1.1.0.tgz 7988ms (cache miss)
1193 http fetch GET 200 https://registry.npmjs.org/mime-db/-/mime-db-1.52.0.tgz 8123ms (cache miss)
1194 http fetch GET 200 https://registry.npmjs.org/minimatch/-/minimatch-3.0.8.tgz 8145ms (cache miss)
1195 http fetch GET 200 https://registry.npmjs.org/pako/-/pako-1.0.11.tgz 8217ms (cache miss)
1196 http fetch GET 200 https://registry.npmjs.org/mime/-/mime-3.0.0.tgz 8184ms (cache miss)
1197 http fetch GET 200 https://registry.npmjs.org/math-intrinsics/-/math-intrinsics-1.1.0.tgz 8224ms (cache miss)
1198 http fetch GET 200 https://registry.npmjs.org/memoizee/-/memoizee-0.4.17.tgz 8243ms (cache miss)
1199 http fetch GET 200 https://registry.npmjs.org/pino/-/pino-8.21.0.tgz 8315ms (cache miss)
1200 http fetch GET 200 https://registry.npmjs.org/lowercase-keys/-/lowercase-keys-2.0.0.tgz 8293ms (cache miss)
1201 http fetch GET 200 https://registry.npmjs.org/lru-queue/-/lru-queue-0.1.0.tgz 8312ms (cache miss)
1202 http fetch GET 200 https://registry.npmjs.org/locate-path/-/locate-path-5.0.0.tgz 8308ms (cache miss)
1203 http fetch GET 200 https://registry.npmjs.org/zod/-/zod-3.25.76.tgz 8505ms (cache miss)
1204 http fetch GET 200 https://registry.npmjs.org/lodash.assign/-/lodash.assign-4.2.0.tgz 8368ms (cache miss)
1205 http fetch GET 200 https://registry.npmjs.org/load-json-file/-/load-json-file-1.1.0.tgz 8380ms (cache miss)
1206 http fetch GET 200 https://registry.npmjs.org/m3u8stream/-/m3u8stream-0.8.6.tgz 8444ms (cache miss)
1207 http fetch GET 200 https://registry.npmjs.org/long/-/long-5.3.2.tgz 8551ms (cache miss)
1208 http fetch GET 200 https://registry.npmjs.org/lcid/-/lcid-1.0.0.tgz 8552ms (cache miss)
1209 http fetch GET 200 https://registry.npmjs.org/keypress/-/keypress-0.2.1.tgz 8589ms (cache miss)
1210 http fetch GET 200 https://registry.npmjs.org/undici/-/undici-7.25.0.tgz 8783ms (cache miss)
1211 http fetch GET 200 https://registry.npmjs.org/jws/-/jws-4.0.1.tgz 8849ms (cache miss)
1212 http fetch GET 200 https://registry.npmjs.org/jwa/-/jwa-2.0.1.tgz 8851ms (cache miss)
1213 http fetch GET 200 https://registry.npmjs.org/jsonfile/-/jsonfile-6.2.1.tgz 8851ms (cache miss)
1214 http fetch GET 200 https://registry.npmjs.org/keyv/-/keyv-5.6.0.tgz 8881ms (cache miss)
1215 http fetch GET 200 https://registry.npmjs.org/jsprim/-/jsprim-1.4.2.tgz 8883ms (cache miss)
1216 http fetch GET 200 https://registry.npmjs.org/json-stringify-safe/-/json-stringify-safe-5.0.1.tgz 8987ms (cache miss)
1217 http fetch GET 200 https://registry.npmjs.org/json-schema-traverse/-/json-schema-traverse-0.4.1.tgz 9029ms (cache miss)
1218 http fetch GET 200 https://registry.npmjs.org/json-buffer/-/json-buffer-3.0.1.tgz 9060ms (cache miss)
1219 http fetch GET 200 https://registry.npmjs.org/json-schema/-/json-schema-0.4.0.tgz 9139ms (cache miss)
1220 http fetch GET 200 https://registry.npmjs.org/music-metadata/-/music-metadata-11.12.3.tgz 9223ms (cache miss)
1221 http fetch GET 200 https://registry.npmjs.org/json-bigint/-/json-bigint-1.0.0.tgz 9327ms (cache miss)
1222 http fetch GET 200 https://registry.npmjs.org/node-webpmux/-/node-webpmux-3.2.1.tgz 9480ms (cache miss)
1223 http fetch GET 200 https://registry.npmjs.org/jsbn/-/jsbn-0.1.1.tgz 9503ms (cache miss)
1224 http fetch GET 200 https://registry.npmjs.org/isexe/-/isexe-2.0.0.tgz 9641ms (cache miss)
1225 http fetch GET 200 https://registry.npmjs.org/isstream/-/isstream-0.1.2.tgz 9727ms (cache miss)
1226 http fetch GET 200 https://registry.npmjs.org/isarray/-/isarray-1.0.0.tgz 9832ms (cache miss)
1227 http fetch GET 200 https://registry.npmjs.org/jpeg-js/-/jpeg-js-0.4.4.tgz 9842ms (cache miss)
1228 http fetch GET 200 https://registry.npmjs.org/is-typedarray/-/is-typedarray-1.0.0.tgz 9991ms (cache miss)
1229 http fetch GET 200 https://registry.npmjs.org/is-stream/-/is-stream-2.0.1.tgz 10019ms (cache miss)
1230 http fetch GET 200 https://registry.npmjs.org/is-utf8/-/is-utf8-0.2.1.tgz 10103ms (cache miss)
1231 http fetch GET 200 https://registry.npmjs.org/is-promise/-/is-promise-2.2.2.tgz 10151ms (cache miss)
1232 http fetch GET 200 https://registry.npmjs.org/is-fullwidth-code-point/-/is-fullwidth-code-point-3.0.0.tgz 10191ms (cache miss)
1233 http fetch GET 200 https://registry.npmjs.org/is-potential-custom-element-name/-/is-potential-custom-element-name-1.0.1.tgz 10248ms (cache miss)
1234 http fetch GET 200 https://registry.npmjs.org/is-arrayish/-/is-arrayish-0.2.1.tgz 10380ms (cache miss)
1235 http fetch GET 200 https://registry.npmjs.org/link-preview-js/-/link-preview-js-3.2.0.tgz 10438ms (cache miss)
1236 http fetch GET 200 https://registry.npmjs.org/is-core-module/-/is-core-module-2.16.1.tgz 10430ms (cache miss)
1237 http fetch GET 200 https://registry.npmjs.org/invert-kv/-/invert-kv-1.0.0.tgz 10430ms (cache miss)
1238 http fetch GET 200 https://registry.npmjs.org/jsep/-/jsep-1.4.0.tgz 10529ms (cache miss)
1239 http fetch GET 200 https://registry.npmjs.org/inherits/-/inherits-2.0.4.tgz 10554ms (cache miss)
1240 http fetch GET 200 https://registry.npmjs.org/moment-timezone/-/moment-timezone-0.5.48.tgz 10638ms (cache miss)
1241 http fetch GET 200 https://registry.npmjs.org/jsonpath-plus/-/jsonpath-plus-5.0.7.tgz 10660ms (cache miss)
1242 http fetch GET 200 https://registry.npmjs.org/human-time/-/human-time-0.0.2.tgz 10702ms (cache miss)
1243 http fetch GET 200 https://registry.npmjs.org/human-readable/-/human-readable-0.2.1.tgz 10745ms (cache miss)
1244 http fetch GET 200 https://registry.npmjs.org/ieee754/-/ieee754-1.2.1.tgz 10838ms (cache miss)
1245 http fetch GET 200 https://registry.npmjs.org/https-proxy-agent/-/https-proxy-agent-7.0.6.tgz 10836ms (cache miss)
1246 http fetch GET 200 https://registry.npmjs.org/libsignal/-/libsignal-2.0.1.tgz 10906ms (cache miss)
1247 http fetch GET 200 https://registry.npmjs.org/http-proxy-agent/-/http-proxy-agent-5.0.0.tgz 10970ms (cache miss)
1248 http fetch GET 200 https://registry.npmjs.org/http-signature/-/http-signature-1.2.0.tgz 11021ms (cache miss)
1249 http fetch GET 200 https://registry.npmjs.org/http-cookie-agent/-/http-cookie-agent-7.0.3.tgz 11097ms (cache miss)
1250 http fetch GET 200 https://registry.npmjs.org/http2-wrapper/-/http2-wrapper-1.0.3.tgz 11112ms (cache miss)
1251 http fetch GET 200 https://registry.npmjs.org/http-cache-semantics/-/http-cache-semantics-4.2.0.tgz 11168ms (cache miss)
1252 http fetch GET 200 https://registry.npmjs.org/html-encoding-sniffer/-/html-encoding-sniffer-3.0.0.tgz 11167ms (cache miss)
1253 http fetch GET 200 https://registry.npmjs.org/hosted-git-info/-/hosted-git-info-2.8.9.tgz 11268ms (cache miss)
1254 http fetch GET 200 https://registry.npmjs.org/hasown/-/hasown-2.0.3.tgz 11362ms (cache miss)
1255 http fetch GET 200 https://registry.npmjs.org/has-symbols/-/has-symbols-1.1.0.tgz 11460ms (cache miss)
1256 http fetch GET 200 https://registry.npmjs.org/htmlparser2/-/htmlparser2-10.1.0.tgz 11494ms (cache miss)
1257 http fetch GET 200 https://registry.npmjs.org/har-validator/-/har-validator-5.1.5.tgz 11573ms (cache miss)
1258 warn deprecated har-validator@5.1.5: this library is no longer supported
1259 http fetch GET 200 https://registry.npmjs.org/har-schema/-/har-schema-2.0.0.tgz 11599ms (cache miss)
1260 http fetch GET 200 https://registry.npmjs.org/has-flag/-/has-flag-4.0.0.tgz 11609ms (cache miss)
1261 http fetch GET 200 https://registry.npmjs.org/gtts/-/gtts-0.2.1.tgz 11777ms (cache miss)
1262 http fetch GET 200 https://registry.npmjs.org/hookified/-/hookified-1.15.1.tgz 11841ms (cache miss)
1263 http fetch GET 200 https://registry.npmjs.org/graceful-fs/-/graceful-fs-4.2.11.tgz 11861ms (cache miss)
1264 http fetch GET 200 https://registry.npmjs.org/gtoken/-/gtoken-7.1.0.tgz 11922ms (cache miss)
1265 http fetch GET 200 https://registry.npmjs.org/gopd/-/gopd-1.2.0.tgz 12073ms (cache miss)
1266 http fetch GET 200 https://registry.npmjs.org/has-tostringtag/-/has-tostringtag-1.0.2.tgz 12092ms (cache miss)
1267 http fetch GET 200 https://registry.npmjs.org/hashery/-/hashery-1.5.1.tgz 12155ms (cache miss)
1268 http fetch GET 200 https://registry.npmjs.org/google-logging-utils/-/google-logging-utils-0.0.2.tgz 12464ms (cache miss)
1269 http fetch GET 200 https://registry.npmjs.org/googleapis-common/-/googleapis-common-7.2.0.tgz 12468ms (cache miss)
1270 http fetch GET 200 https://registry.npmjs.org/get-stream/-/get-stream-5.2.0.tgz 12645ms (cache miss)
1271 http fetch GET 200 https://registry.npmjs.org/protobufjs/-/protobufjs-7.5.5.tgz 12785ms (cache miss)
1272 http fetch GET 200 https://registry.npmjs.org/getpass/-/getpass-0.1.7.tgz 12653ms (cache miss)
1273 http fetch GET 200 https://registry.npmjs.org/get-proto/-/get-proto-1.0.1.tgz 12826ms (cache miss)
1274 http fetch GET 200 https://registry.npmjs.org/get-caller-file/-/get-caller-file-2.0.5.tgz 12872ms (cache miss)
1275 http fetch GET 200 https://registry.npmjs.org/image-q/-/image-q-4.0.0.tgz 12938ms (cache miss)
1276 http fetch GET 200 https://registry.npmjs.org/got/-/got-11.8.6.tgz 12970ms (cache miss)
1277 http fetch GET 200 https://registry.npmjs.org/get-intrinsic/-/get-intrinsic-1.3.0.tgz 12979ms (cache miss)
1278 http fetch GET 200 https://registry.npmjs.org/function-bind/-/function-bind-1.1.2.tgz 13210ms (cache miss)
1279 http fetch GET 200 https://registry.npmjs.org/iconv-lite/-/iconv-lite-0.6.3.tgz 13324ms (cache miss)
1280 http fetch GET 200 https://registry.npmjs.org/gcp-metadata/-/gcp-metadata-6.1.1.tgz 13295ms (cache miss)
1281 http fetch GET 200 https://registry.npmjs.org/gaxios/-/gaxios-6.7.1.tgz 13438ms (cache miss)
1282 http fetch GET 200 https://registry.npmjs.org/fs-extra/-/fs-extra-11.3.4.tgz 13463ms (cache miss)
1283 http fetch GET 200 https://registry.npmjs.org/form-data/-/form-data-4.0.5.tgz 13475ms (cache miss)
1284 http fetch GET 200 https://registry.npmjs.org/find-up/-/find-up-1.1.2.tgz 13485ms (cache miss)
1285 http fetch GET 200 https://registry.npmjs.org/follow-redirects/-/follow-redirects-1.16.0.tgz 13489ms (cache miss)
1286 http fetch GET 200 https://registry.npmjs.org/tldts/-/tldts-6.1.86.tgz 13817ms (cache miss)
1287 http fetch GET 200 https://registry.npmjs.org/forever-agent/-/forever-agent-0.6.1.tgz 13617ms (cache miss)
1288 http fetch GET 200 https://registry.npmjs.org/lru-cache/-/lru-cache-11.3.5.tgz 13716ms (cache miss)
1289 http fetch GET 200 https://registry.npmjs.org/fast-json-stable-stringify/-/fast-json-stable-stringify-2.1.0.tgz 13688ms (cache miss)
1290 http fetch GET 200 https://registry.npmjs.org/fast-deep-equal/-/fast-deep-equal-3.1.3.tgz 13719ms (cache miss)
1291 http fetch GET 200 https://registry.npmjs.org/file-type/-/file-type-16.5.4.tgz 13782ms (cache miss)
1292 http fetch GET 200 https://registry.npmjs.org/extsprintf/-/extsprintf-1.3.0.tgz 13830ms (cache miss)
1293 http fetch GET 200 https://registry.npmjs.org/extend/-/extend-3.0.2.tgz 13880ms (cache miss)
1294 http fetch GET 200 https://registry.npmjs.org/ext/-/ext-1.7.0.tgz 13911ms (cache miss)
1295 http fetch GET 200 https://registry.npmjs.org/fast-redact/-/fast-redact-3.5.0.tgz 13936ms (cache miss)
1296 http fetch GET 200 https://registry.npmjs.org/escape-string-regexp/-/escape-string-regexp-1.0.5.tgz 14072ms (cache miss)
1297 http fetch GET 200 https://registry.npmjs.org/eventemitter3/-/eventemitter3-5.0.4.tgz 14154ms (cache miss)
1298 http fetch GET 200 https://registry.npmjs.org/jsdom/-/jsdom-22.1.0.tgz 14259ms (cache miss)
1299 http fetch GET 200 https://registry.npmjs.org/events/-/events-3.3.0.tgz 14252ms (cache miss)
1300 http fetch GET 200 https://registry.npmjs.org/esniff/-/esniff-2.0.1.tgz 14264ms (cache miss)
1301 http fetch GET 200 https://registry.npmjs.org/event-emitter/-/event-emitter-0.3.5.tgz 14290ms (cache miss)
1302 http fetch GET 200 https://registry.npmjs.org/es6-weak-map/-/es6-weak-map-2.0.3.tgz 14291ms (cache miss)
1303 http fetch GET 200 https://registry.npmjs.org/escalade/-/escalade-3.2.0.tgz 14320ms (cache miss)
1304 http fetch GET 200 https://registry.npmjs.org/google-auth-library/-/google-auth-library-9.15.1.tgz 14399ms (cache miss)
1305 http fetch GET 200 https://registry.npmjs.org/es6-symbol/-/es6-symbol-3.1.4.tgz 14426ms (cache miss)
1306 http fetch GET 200 https://registry.npmjs.org/es6-iterator/-/es6-iterator-2.0.3.tgz 14456ms (cache miss)
1307 http fetch GET 200 https://registry.npmjs.org/es-set-tostringtag/-/es-set-tostringtag-2.1.0.tgz 14457ms (cache miss)
1308 http fetch GET 200 https://registry.npmjs.org/es-errors/-/es-errors-1.3.0.tgz 14523ms (cache miss)
1309 http fetch GET 200 https://registry.npmjs.org/es-object-atoms/-/es-object-atoms-1.1.1.tgz 14525ms (cache miss)
1310 http fetch GET 200 https://registry.npmjs.org/event-target-shim/-/event-target-shim-5.0.1.tgz 14560ms (cache miss)
1311 http fetch GET 200 https://registry.npmjs.org/es-define-property/-/es-define-property-1.0.1.tgz 14554ms (cache miss)
1312 http fetch GET 200 https://registry.npmjs.org/error-ex/-/error-ex-1.3.4.tgz 14641ms (cache miss)
1313 http fetch GET 200 https://registry.npmjs.org/end-of-stream/-/end-of-stream-1.4.5.tgz 14651ms (cache miss)
1314 http fetch GET 200 https://registry.npmjs.org/emoji-regex/-/emoji-regex-8.0.0.tgz 14778ms (cache miss)
1315 http fetch GET 200 https://registry.npmjs.org/ecc-jsbn/-/ecc-jsbn-0.1.2.tgz 14833ms (cache miss)
1316 http fetch GET 200 https://registry.npmjs.org/ecdsa-sig-formatter/-/ecdsa-sig-formatter-1.0.11.tgz 14883ms (cache miss)
1317 http fetch GET 200 https://registry.npmjs.org/encoding-sniffer/-/encoding-sniffer-0.2.1.tgz 15035ms (cache miss)
1318 http fetch GET 200 https://registry.npmjs.org/domexception/-/domexception-4.0.0.tgz 15107ms (cache miss)
1319 http fetch GET 200 https://registry.npmjs.org/domelementtype/-/domelementtype-2.3.0.tgz 15108ms (cache miss)
1320 warn deprecated domexception@4.0.0: Use your platform's native DOMException instead
1321 http fetch GET 200 https://registry.npmjs.org/domhandler/-/domhandler-5.0.3.tgz 15149ms (cache miss)
1322 http fetch GET 200 https://registry.npmjs.org/dom-serializer/-/dom-serializer-2.0.0.tgz 15233ms (cache miss)
1323 http fetch GET 200 https://registry.npmjs.org/dotenv/-/dotenv-16.6.1.tgz 15249ms (cache miss)
1324 http fetch GET 200 https://registry.npmjs.org/dijkstrajs/-/dijkstrajs-1.0.3.tgz 15298ms (cache miss)
1325 http fetch GET 200 https://registry.npmjs.org/delayed-stream/-/delayed-stream-1.0.0.tgz 15317ms (cache miss)
1326 http fetch GET 200 https://registry.npmjs.org/detect-libc/-/detect-libc-2.1.2.tgz 15346ms (cache miss)
1327 http fetch GET 200 https://registry.npmjs.org/defer-to-connect/-/defer-to-connect-2.0.1.tgz 15344ms (cache miss)
1328 http fetch GET 200 https://registry.npmjs.org/domutils/-/domutils-3.2.2.tgz 15370ms (cache miss)
1329 http fetch GET 200 https://registry.npmjs.org/decompress-response/-/decompress-response-6.0.0.tgz 15455ms (cache miss)
1330 http fetch GET 200 https://registry.npmjs.org/dunder-proto/-/dunder-proto-1.0.1.tgz 15489ms (cache miss)
1331 http fetch GET 200 https://registry.npmjs.org/decamelize/-/decamelize-1.2.0.tgz 15496ms (cache miss)
1332 http fetch GET 200 https://registry.npmjs.org/data-urls/-/data-urls-4.0.0.tgz 15535ms (cache miss)
1333 http fetch GET 200 https://registry.npmjs.org/entities/-/entities-4.5.0.tgz 15621ms (cache miss)
1334 http fetch GET 200 https://registry.npmjs.org/dasu/-/dasu-0.4.3.tgz 15638ms (cache miss)
1335 http fetch GET 200 https://registry.npmjs.org/debug/-/debug-4.4.3.tgz 15705ms (cache miss)
1336 http fetch GET 200 https://registry.npmjs.org/d/-/d-1.0.2.tgz 15732ms (cache miss)
1337 http fetch GET 200 https://registry.npmjs.org/curve25519-js/-/curve25519-js-0.0.4.tgz 15791ms (cache miss)
1338 http fetch GET 200 https://registry.npmjs.org/core-util-is/-/core-util-is-1.0.3.tgz 15894ms (cache miss)
1339 http fetch GET 200 https://registry.npmjs.org/content-type/-/content-type-1.0.5.tgz 16047ms (cache miss)
1340 http fetch GET 200 https://registry.npmjs.org/css-what/-/css-what-6.2.2.tgz 16061ms (cache miss)
1341 http fetch GET 200 https://registry.npmjs.org/dashdash/-/dashdash-1.14.1.tgz 16088ms (cache miss)
1342 http fetch GET 200 https://registry.npmjs.org/concat-map/-/concat-map-0.0.1.tgz 16094ms (cache miss)
1343 http fetch GET 200 https://registry.npmjs.org/cookie/-/cookie-0.5.0.tgz 16168ms (cache miss)
1344 http fetch GET 200 https://registry.npmjs.org/decimal.js/-/decimal.js-10.6.0.tgz 16231ms (cache miss)
1345 http fetch GET 200 https://registry.npmjs.org/color-name/-/color-name-1.1.4.tgz 16233ms (cache miss)
1346 http fetch GET 200 https://registry.npmjs.org/clone-response/-/clone-response-1.0.3.tgz 16235ms (cache miss)
1347 http fetch GET 200 https://registry.npmjs.org/combined-stream/-/combined-stream-1.0.8.tgz 16281ms (cache miss)
1348 http fetch GET 200 https://registry.npmjs.org/color-convert/-/color-convert-2.0.1.tgz 16338ms (cache miss)
1349 http fetch GET 200 https://registry.npmjs.org/cliui/-/cliui-8.0.1.tgz 16361ms (cache miss)
1350 http fetch GET 200 https://registry.npmjs.org/clone/-/clone-2.1.2.tgz 16367ms (cache miss)
1351 http fetch GET 200 https://registry.npmjs.org/code-point-at/-/code-point-at-1.1.0.tgz 16397ms (cache miss)
1352 http fetch GET 200 https://registry.npmjs.org/cssstyle/-/cssstyle-3.0.0.tgz 16437ms (cache miss)
1353 http fetch GET 200 https://registry.npmjs.org/centra/-/centra-2.7.0.tgz 16515ms (cache miss)
1354 http fetch GET 200 https://registry.npmjs.org/cheerio-select/-/cheerio-select-2.1.0.tgz 16571ms (cache miss)
1355 http fetch GET 200 https://registry.npmjs.org/camelcase/-/camelcase-3.0.0.tgz 16590ms (cache miss)
1356 http fetch GET 200 https://registry.npmjs.org/caseless/-/caseless-0.12.0.tgz 16613ms (cache miss)
1357 http fetch GET 200 https://registry.npmjs.org/chalk/-/chalk-4.1.2.tgz 16673ms (cache miss)
1358 http fetch GET 200 https://registry.npmjs.org/call-bound/-/call-bound-1.0.4.tgz 16787ms (cache miss)
1359 http fetch GET 200 https://registry.npmjs.org/cacheable-request/-/cacheable-request-7.0.4.tgz 16852ms (cache miss)
1360 http fetch GET 200 https://registry.npmjs.org/cacheable-lookup/-/cacheable-lookup-5.0.4.tgz 16869ms (cache miss)
1361 http fetch GET 200 https://registry.npmjs.org/call-bind-apply-helpers/-/call-bind-apply-helpers-1.0.2.tgz 16875ms (cache miss)
1362 http fetch GET 200 https://registry.npmjs.org/buffer-equal-constant-time/-/buffer-equal-constant-time-1.0.1.tgz 16887ms (cache miss)
1363 http fetch GET 200 https://registry.npmjs.org/boolstring/-/boolstring-1.0.2.tgz 16983ms (cache miss)
1364 http fetch GET 200 https://registry.npmjs.org/brace-expansion/-/brace-expansion-1.1.14.tgz 17001ms (cache miss)
1365 http fetch GET 200 https://registry.npmjs.org/cli-color/-/cli-color-1.2.0.tgz 17031ms (cache miss)
1366 http fetch GET 200 https://registry.npmjs.org/boolbase/-/boolbase-1.0.0.tgz 17051ms (cache miss)
1367 http fetch GET 200 https://registry.npmjs.org/css-select/-/css-select-5.2.2.tgz 17087ms (cache miss)
1368 http fetch GET 200 https://registry.npmjs.org/buffer/-/buffer-6.0.3.tgz 17148ms (cache miss)
1369 http fetch GET 200 https://registry.npmjs.org/bcrypt-pbkdf/-/bcrypt-pbkdf-1.0.2.tgz 17157ms (cache miss)
1370 http fetch GET 200 https://registry.npmjs.org/moment/-/moment-2.30.1.tgz 17380ms (cache miss)
1371 http fetch GET 200 https://registry.npmjs.org/base64-js/-/base64-js-1.5.1.tgz 17222ms (cache miss)
1372 http fetch GET 200 https://registry.npmjs.org/bmp-ts/-/bmp-ts-1.0.9.tgz 17230ms (cache miss)
1373 http fetch GET 200 https://registry.npmjs.org/balanced-match/-/balanced-match-1.0.2.tgz 17225ms (cache miss)
1374 http fetch GET 200 https://registry.npmjs.org/cacheable/-/cacheable-2.3.4.tgz 17242ms (cache miss)
1375 http fetch GET 200 https://registry.npmjs.org/es5-ext/-/es5-ext-0.10.64.tgz 17382ms (cache miss)
1376 http fetch GET 200 https://registry.npmjs.org/axios-cookiejar-support/-/axios-cookiejar-support-5.0.5.tgz 17343ms (cache miss)
1377 http fetch GET 200 https://registry.npmjs.org/aws4/-/aws4-1.13.2.tgz 17417ms (cache miss)
1378 http fetch GET 200 https://registry.npmjs.org/aws-sign2/-/aws-sign2-0.7.0.tgz 17425ms (cache miss)
1379 http fetch GET 200 https://registry.npmjs.org/async.util.parallel/-/async.util.parallel-0.5.2.tgz 17478ms (cache miss)
1380 http fetch GET 200 https://registry.npmjs.org/asynckit/-/asynckit-0.4.0.tgz 17508ms (cache miss)
1381 http fetch GET 200 https://registry.npmjs.org/async.util.restparam/-/async.util.restparam-0.5.2.tgz 17595ms (cache miss)
1382 http fetch GET 200 https://registry.npmjs.org/async.util.onlyonce/-/async.util.onlyonce-0.5.2.tgz 17642ms (cache miss)
1383 http fetch GET 200 https://registry.npmjs.org/async.util.keys/-/async.util.keys-0.5.2.tgz 17665ms (cache miss)
1384 http fetch GET 200 https://registry.npmjs.org/async.util.once/-/async.util.once-0.5.2.tgz 17680ms (cache miss)
1385 http fetch GET 200 https://registry.npmjs.org/async.util.isarray/-/async.util.isarray-0.5.2.tgz 17755ms (cache miss)
1386 http fetch GET 200 https://registry.npmjs.org/async.util.keyiterator/-/async.util.keyiterator-0.5.2.tgz 17814ms (cache miss)
1387 http fetch GET 200 https://registry.npmjs.org/async.util.isarraylike/-/async.util.isarraylike-0.5.2.tgz 17825ms (cache miss)
1388 http fetch GET 200 https://registry.npmjs.org/async.util.eachoflimit/-/async.util.eachoflimit-0.5.2.tgz 17849ms (cache miss)
1389 http fetch GET 200 https://registry.npmjs.org/atomic-sleep/-/atomic-sleep-1.0.0.tgz 17945ms (cache miss)
1390 http fetch GET 200 https://registry.npmjs.org/async.util.noop/-/async.util.noop-0.5.2.tgz 17990ms (cache miss)
1391 http fetch GET 200 https://registry.npmjs.org/async.parallellimit/-/async.parallellimit-0.5.2.tgz 18031ms (cache miss)
1392 http fetch GET 200 https://registry.npmjs.org/bignumber.js/-/bignumber.js-9.3.1.tgz 18098ms (cache miss)
1393 http fetch GET 200 https://registry.npmjs.org/assert-plus/-/assert-plus-1.0.0.tgz 18187ms (cache miss)
1394 http fetch GET 200 https://registry.npmjs.org/asn1/-/asn1-0.2.6.tgz 18292ms (cache miss)
1395 http fetch GET 200 https://registry.npmjs.org/async-mutex/-/async-mutex-0.5.0.tgz 18303ms (cache miss)
1396 http fetch GET 200 https://registry.npmjs.org/async/-/async-0.2.10.tgz 18310ms (cache miss)
1397 http fetch GET 200 https://registry.npmjs.org/ansi-styles/-/ansi-styles-4.3.0.tgz 18314ms (cache miss)
1398 http fetch GET 200 https://registry.npmjs.org/cheerio/-/cheerio-1.2.0.tgz 18377ms (cache miss)
1399 http fetch GET 200 https://registry.npmjs.org/ansi-regex/-/ansi-regex-5.0.1.tgz 18380ms (cache miss)
1400 http fetch GET 200 https://registry.npmjs.org/exif-parser/-/exif-parser-0.1.12.tgz 18539ms (cache miss)
1401 http fetch GET 200 https://registry.npmjs.org/strip-ansi/-/strip-ansi-4.0.0.tgz 18466ms (cache miss)
1402 http fetch GET 200 https://registry.npmjs.org/string-width/-/string-width-2.1.1.tgz 18477ms (cache miss)
1403 http fetch GET 200 https://registry.npmjs.org/any-base/-/any-base-1.1.0.tgz 18541ms (cache miss)
1404 http fetch GET 200 https://registry.npmjs.org/node-fzf/-/node-fzf-0.14.0.tgz 18570ms (cache miss)
1405 http fetch GET 200 https://registry.npmjs.org/boolstring/-/boolstring-2.0.1.tgz 18640ms (cache miss)
1406 http fetch GET 200 https://registry.npmjs.org/ansi-regex/-/ansi-regex-3.0.1.tgz 18692ms (cache miss)
1407 http fetch GET 200 https://registry.npmjs.org/core-util-is/-/core-util-is-1.0.2.tgz 18826ms (cache miss)
1408 http fetch GET 200 https://registry.npmjs.org/cookie/-/cookie-0.1.5.tgz 18903ms (cache miss)
1409 http fetch GET 200 https://registry.npmjs.org/punycode/-/punycode-1.3.2.tgz 18934ms (cache miss)
1410 http fetch GET 200 https://registry.npmjs.org/parse5-htmlparser2-tree-adapter/-/parse5-htmlparser2-tree-adapter-6.0.1.tgz 19090ms (cache miss)
1411 http fetch GET 200 https://registry.npmjs.org/safe-buffer/-/safe-buffer-5.1.2.tgz 19159ms (cache miss)
1412 http fetch GET 200 https://registry.npmjs.org/awesome-phonenumber/-/awesome-phonenumber-5.11.0.tgz 19451ms (cache miss)
1413 http fetch GET 200 https://registry.npmjs.org/is-fullwidth-code-point/-/is-fullwidth-code-point-2.0.0.tgz 19432ms (cache miss)
1414 http fetch GET 200 https://registry.npmjs.org/domutils/-/domutils-2.8.0.tgz 19544ms (cache miss)
1415 http fetch GET 200 https://registry.npmjs.org/@emnapi/runtime/-/runtime-1.10.0.tgz 19646ms (cache miss)
1416 http fetch GET 200 https://registry.npmjs.org/domhandler/-/domhandler-4.3.1.tgz 19733ms (cache miss)
1417 http fetch GET 200 https://registry.npmjs.org/htmlparser2/-/htmlparser2-6.1.0.tgz 19750ms (cache miss)
1418 http fetch GET 200 https://registry.npmjs.org/dom-serializer/-/dom-serializer-1.4.1.tgz 19767ms (cache miss)
1419 http fetch GET 200 https://registry.npmjs.org/entities/-/entities-2.2.0.tgz 19890ms (cache miss)
1420 http fetch GET 200 https://registry.npmjs.org/cheerio-select/-/cheerio-select-1.6.0.tgz 20054ms (cache miss)
1421 http fetch GET 200 https://registry.npmjs.org/uuid/-/uuid-3.4.0.tgz 20098ms (cache miss)
1422 warn deprecated uuid@3.4.0: Please upgrade  to version 7 or higher.  Older versions may use Math.random() in certain circumstances, which is known to be problematic.  See https://v8.dev/blog/math-random for details.
1423 http fetch GET 200 https://registry.npmjs.org/css-select/-/css-select-4.3.0.tgz 20119ms (cache miss)
1424 http fetch GET 200 https://registry.npmjs.org/parse5/-/parse5-6.0.1.tgz 20148ms (cache miss)
1425 http fetch GET 200 https://registry.npmjs.org/axios/-/axios-0.20.0.tgz 20223ms (cache miss)
1426 warn deprecated axios@0.20.0: Critical security vulnerability fixed in v0.21.1. For more information, see https://github.com/axios/axios/pull/3410
1427 http fetch GET 200 https://registry.npmjs.org/string_decoder/-/string_decoder-1.3.0.tgz 20303ms (cache miss)
1428 http fetch GET 200 https://registry.npmjs.org/qs/-/qs-6.5.5.tgz 20423ms (cache miss)
1429 http fetch GET 200 https://registry.npmjs.org/cheerio/-/cheerio-1.0.0-rc.10.tgz 20520ms (cache miss)
1430 http fetch GET 200 https://registry.npmjs.org/tough-cookie/-/tough-cookie-2.5.0.tgz 20568ms (cache miss)
1431 http fetch GET 200 https://registry.npmjs.org/form-data/-/form-data-2.3.3.tgz 20619ms (cache miss)
1432 http fetch GET 200 https://registry.npmjs.org/jimp/-/jimp-1.6.1.tgz 20864ms (cache miss)
1433 http fetch GET 200 https://registry.npmjs.org/y18n/-/y18n-4.0.3.tgz 20676ms (cache miss)
1434 http fetch GET 200 https://registry.npmjs.org/which-module/-/which-module-2.0.1.tgz 20725ms (cache miss)
1435 http fetch GET 200 https://registry.npmjs.org/safe-buffer/-/safe-buffer-5.1.2.tgz 20776ms (cache miss)
1436 http fetch GET 200 https://registry.npmjs.org/require-main-filename/-/require-main-filename-2.0.0.tgz 20794ms (cache miss)
1437 http fetch GET 200 https://registry.npmjs.org/yargs-parser/-/yargs-parser-18.1.3.tgz 20821ms (cache miss)
1438 http fetch GET 200 https://registry.npmjs.org/path-exists/-/path-exists-4.0.0.tgz 20845ms (cache miss)
1439 http fetch GET 200 https://registry.npmjs.org/find-up/-/find-up-4.1.0.tgz 20929ms (cache miss)
1440 http fetch GET 200 https://registry.npmjs.org/camelcase/-/camelcase-5.3.1.tgz 20943ms (cache miss)
1441 http fetch GET 200 https://registry.npmjs.org/cliui/-/cliui-6.0.0.tgz 20982ms (cache miss)
1442 http fetch GET 200 https://registry.npmjs.org/yargs/-/yargs-15.4.1.tgz 21158ms (cache miss)
1443 http fetch GET 200 https://registry.npmjs.org/jsonpath-plus/-/jsonpath-plus-10.3.0.tgz 21214ms (cache miss)
1444 http fetch GET 200 https://registry.npmjs.org/string_decoder/-/string_decoder-1.3.0.tgz 21171ms (cache miss)
1445 http fetch GET 200 https://registry.npmjs.org/readable-stream/-/readable-stream-4.7.0.tgz 21292ms (cache miss)
1446 http fetch GET 200 https://registry.npmjs.org/strip-ansi/-/strip-ansi-4.0.0.tgz 21365ms (cache miss)
1447 http fetch GET 200 https://registry.npmjs.org/string-width/-/string-width-2.1.1.tgz 21374ms (cache miss)
1448 http fetch GET 200 https://registry.npmjs.org/semver/-/semver-5.7.2.tgz 21483ms (cache miss)
1449 http fetch GET 200 https://registry.npmjs.org/is-fullwidth-code-point/-/is-fullwidth-code-point-2.0.0.tgz 21555ms (cache miss)
1450 http fetch GET 200 https://registry.npmjs.org/hookified/-/hookified-2.1.1.tgz 21573ms (cache miss)
1451 http fetch GET 200 https://registry.npmjs.org/wrap-ansi/-/wrap-ansi-6.2.0.tgz 21636ms (cache miss)
1452 http fetch GET 200 https://registry.npmjs.org/ansi-regex/-/ansi-regex-3.0.1.tgz 21668ms (cache miss)
1453 http fetch GET 200 https://registry.npmjs.org/token-types/-/token-types-6.1.2.tgz 21771ms (cache miss)
1454 http fetch GET 200 https://registry.npmjs.org/webidl-conversions/-/webidl-conversions-3.0.1.tgz 21780ms (cache miss)
1455 http fetch GET 200 https://registry.npmjs.org/whatwg-url/-/whatwg-url-5.0.0.tgz 21964ms (cache miss)
1456 http fetch GET 200 https://registry.npmjs.org/readable-stream/-/readable-stream-4.7.0.tgz 22007ms (cache miss)
1457 http fetch GET 200 https://registry.npmjs.org/strtok3/-/strtok3-10.3.5.tgz 22194ms (cache miss)
1458 http fetch GET 200 https://registry.npmjs.org/tr46/-/tr46-0.0.3.tgz 22604ms (cache miss)
1459 http fetch GET 200 https://registry.npmjs.org/entities/-/entities-6.0.1.tgz 22638ms (cache miss)
1460 http fetch GET 200 https://registry.npmjs.org/htmlparser2/-/htmlparser2-8.0.2.tgz 22643ms (cache miss)
1461 http fetch GET 200 https://registry.npmjs.org/file-type/-/file-type-21.3.4.tgz 22686ms (cache miss)
1462 http fetch GET 200 https://registry.npmjs.org/long/-/long-4.0.0.tgz 22831ms (cache miss)
1463 http fetch GET 200 https://registry.npmjs.org/whatwg-mimetype/-/whatwg-mimetype-3.0.0.tgz 22836ms (cache miss)
1464 http fetch GET 200 https://registry.npmjs.org/whatwg-encoding/-/whatwg-encoding-2.0.0.tgz 22893ms (cache miss)
1465 warn deprecated whatwg-encoding@2.0.0: Use @exodus/bytes instead for a more spec-conformant and faster implementation
1466 http fetch GET 200 https://registry.npmjs.org/universalify/-/universalify-0.2.0.tgz 22986ms (cache miss)
1467 http fetch GET 200 https://registry.npmjs.org/https-proxy-agent/-/https-proxy-agent-5.0.1.tgz 23205ms (cache miss)
1468 http fetch GET 200 https://registry.npmjs.org/agent-base/-/agent-base-6.0.2.tgz 23242ms (cache miss)
1469 http fetch GET 200 https://registry.npmjs.org/tough-cookie/-/tough-cookie-4.1.4.tgz 23409ms (cache miss)
1470 http fetch GET 200 https://registry.npmjs.org/agent-base/-/agent-base-6.0.2.tgz 23523ms (cache miss)
1471 http fetch GET 200 https://registry.npmjs.org/pngjs/-/pngjs-6.0.0.tgz 23615ms (cache miss)
1472 http fetch GET 200 https://registry.npmjs.org/await-to-js/-/await-to-js-3.0.0.tgz 23704ms (cache miss)
1473 http fetch GET 200 https://registry.npmjs.org/whatwg-encoding/-/whatwg-encoding-2.0.0.tgz 23719ms (cache miss)
1474 warn deprecated whatwg-encoding@2.0.0: Use @exodus/bytes instead for a more spec-conformant and faster implementation
1475 http fetch GET 200 https://registry.npmjs.org/pngjs/-/pngjs-5.0.0.tgz 23781ms (cache miss)
1476 http fetch GET 200 https://registry.npmjs.org/yargs-parser/-/yargs-parser-2.4.1.tgz 23818ms (cache miss)
1477 http fetch GET 200 https://registry.npmjs.org/y18n/-/y18n-3.2.2.tgz 23926ms (cache miss)
1478 http fetch GET 200 https://registry.npmjs.org/wrap-ansi/-/wrap-ansi-2.1.0.tgz 23928ms (cache miss)
1479 http fetch GET 200 https://registry.npmjs.org/strip-ansi/-/strip-ansi-3.0.1.tgz 23990ms (cache miss)
1480 http fetch GET 200 https://registry.npmjs.org/iconv-lite/-/iconv-lite-0.6.2.tgz 24022ms (cache miss)
1481 http fetch GET 200 https://registry.npmjs.org/string-width/-/string-width-1.0.2.tgz 24097ms (cache miss)
1482 http fetch GET 200 https://registry.npmjs.org/is-fullwidth-code-point/-/is-fullwidth-code-point-1.0.0.tgz 24101ms (cache miss)
1483 http fetch GET 200 https://registry.npmjs.org/get-caller-file/-/get-caller-file-1.0.3.tgz 24162ms (cache miss)
1484 http fetch GET 200 https://registry.npmjs.org/cliui/-/cliui-3.2.0.tgz 24188ms (cache miss)
1485 http fetch GET 200 https://registry.npmjs.org/ansi-regex/-/ansi-regex-2.1.1.tgz 24216ms (cache miss)
1486 http fetch GET 200 https://registry.npmjs.org/cheerio/-/cheerio-1.0.0-rc.11.tgz 24236ms (cache miss)
1487 http fetch GET 200 https://registry.npmjs.org/@types/node/-/node-10.17.60.tgz 24293ms (cache miss)
1488 http fetch GET 200 https://registry.npmjs.org/mimic-response/-/mimic-response-3.1.0.tgz 24293ms (cache miss)
1489 http fetch GET 200 https://registry.npmjs.org/whatwg-mimetype/-/whatwg-mimetype-3.0.0.tgz 24404ms (cache miss)
1490 http fetch GET 200 https://registry.npmjs.org/keyv/-/keyv-4.5.4.tgz 24459ms (cache miss)
1491 http fetch GET 200 https://registry.npmjs.org/ansi-regex/-/ansi-regex-2.1.1.tgz 24473ms (cache miss)
1492 http fetch GET 200 https://registry.npmjs.org/http-cookie-agent/-/http-cookie-agent-6.0.8.tgz 24509ms (cache miss)
1493 http fetch GET 200 https://registry.npmjs.org/yargs/-/yargs-4.8.1.tgz 24615ms (cache miss)
1494 http fetch GET 200 https://registry.npmjs.org/@tootallnate%2fonce 23792ms (cache miss)
1495 silly packumentCache corgi:https://registry.npmjs.org/@tootallnate%2fonce set size:undefined disposed:false
1496 http fetch GET 200 https://registry.npmjs.org/async/-/async-1.5.2.tgz 24755ms (cache miss)
1497 http fetch GET 200 https://registry.npmjs.org/cookie 23886ms (cache miss)
1498 silly packumentCache corgi:https://registry.npmjs.org/cookie set size:undefined disposed:false
1499 http fetch GET 200 https://registry.npmjs.org/form-data 24213ms (cache miss)
1500 silly packumentCache corgi:https://registry.npmjs.org/form-data set size:undefined disposed:false
1501 http fetch GET 200 https://registry.npmjs.org/tough-cookie 24278ms (cache miss)
1502 silly packumentCache corgi:https://registry.npmjs.org/tough-cookie set size:undefined disposed:false
1503 http fetch GET 200 https://registry.npmjs.org/entities/-/entities-7.0.1.tgz 25249ms (cache miss)
1504 http fetch GET 200 https://registry.npmjs.org/protobufjs 24508ms (cache miss)
1505 silly packumentCache corgi:https://registry.npmjs.org/protobufjs set size:undefined disposed:false
1506 http fetch GET 200 https://registry.npmjs.org/yargs-parser 24628ms (cache miss)
1507 silly packumentCache corgi:https://registry.npmjs.org/yargs-parser set size:undefined disposed:false
1508 http fetch GET 200 https://registry.npmjs.org/axios 24686ms (cache miss)
1509 silly packumentCache corgi:https://registry.npmjs.org/axios set size:undefined disposed:false
1510 http fetch GET 200 https://registry.npmjs.org/file-type 24786ms (cache miss)
1511 silly packumentCache corgi:https://registry.npmjs.org/file-type set size:undefined disposed:false
1512 http fetch GET 200 https://registry.npmjs.org/qs 24983ms (cache miss)
1513 silly packumentCache corgi:https://registry.npmjs.org/qs set size:undefined disposed:false
1514 http fetch GET 200 https://registry.npmjs.org/request 24999ms (cache miss)
1515 silly packumentCache corgi:https://registry.npmjs.org/request set size:undefined disposed:false
1516 http fetch GET 200 https://registry.npmjs.org/uuid 25018ms (cache miss)
1517 silly packumentCache corgi:https://registry.npmjs.org/uuid set size:undefined disposed:false
1518 http fetch GET 200 https://registry.npmjs.org/jsonpath-plus 25184ms (cache miss)
1519 silly packumentCache corgi:https://registry.npmjs.org/jsonpath-plus set size:undefined disposed:false
1520 http fetch GET 200 https://registry.npmjs.org/minimatch 25295ms (cache miss)
1521 silly packumentCache corgi:https://registry.npmjs.org/minimatch set size:undefined disposed:false
1522 silly packumentCache corgi:https://registry.npmjs.org/http-proxy-agent cache-miss
1523 http fetch GET 200 https://registry.npmjs.org/http-proxy-agent 310ms (cache miss)
1524 silly packumentCache corgi:https://registry.npmjs.org/http-proxy-agent set size:undefined disposed:false
1525 silly packumentCache corgi:https://registry.npmjs.org/@whiskeysockets%2flibsignal-node cache-miss
1526 silly packumentCache corgi:https://registry.npmjs.org/libsignal cache-miss
1527 http fetch GET 404 https://registry.npmjs.org/@whiskeysockets%2flibsignal-node 175ms (cache skip)
1528 silly packumentCache corgi:https://registry.npmjs.org/@whiskeysockets%2flibsignal-node cache-miss
1529 http fetch GET 404 https://registry.npmjs.org/@whiskeysockets%2flibsignal-node 191ms (cache skip)
1530 http fetch GET 200 https://registry.npmjs.org/libsignal 383ms (cache miss)
1531 silly packumentCache corgi:https://registry.npmjs.org/libsignal set size:undefined disposed:false
1532 silly packumentCache corgi:https://registry.npmjs.org/translate-google-api cache-miss
1533 http fetch GET 200 https://registry.npmjs.org/axios/-/axios-1.15.2.tgz 27339ms (cache miss)
1534 http fetch GET 200 https://registry.npmjs.org/@types/node/-/node-16.9.1.tgz 27352ms (cache miss)
1535 http fetch GET 200 https://registry.npmjs.org/translate-google-api 379ms (cache miss)
1536 silly packumentCache corgi:https://registry.npmjs.org/translate-google-api set size:undefined disposed:false
1537 silly packumentCache corgi:https://registry.npmjs.org/set-cookie cache-miss
1538 http fetch GET 200 https://registry.npmjs.org/set-cookie 348ms (cache miss)
1539 silly packumentCache corgi:https://registry.npmjs.org/set-cookie set size:undefined disposed:false
1540 silly packumentCache corgi:https://registry.npmjs.org/yargs cache-miss
1541 http fetch GET 200 https://registry.npmjs.org/undici/-/undici-6.25.0.tgz 27909ms (cache miss)
1542 http fetch GET 200 https://registry.npmjs.org/yargs 1637ms (cache miss)
1543 silly packumentCache corgi:https://registry.npmjs.org/yargs set size:undefined disposed:false
1544 silly packumentCache corgi:https://registry.npmjs.org/youtube-yts cache-miss
1545 http fetch GET 200 https://registry.npmjs.org/youtube-yts 616ms (cache miss)
1546 silly packumentCache corgi:https://registry.npmjs.org/youtube-yts set size:undefined disposed:false
1547 http fetch GET 200 https://registry.npmjs.org/libphonenumber-js/-/libphonenumber-js-1.12.41.tgz 30443ms (cache miss)
1548 silly packumentCache corgi:https://registry.npmjs.org/redstar cache-miss
1549 http fetch GET 200 https://registry.npmjs.org/redstar 322ms (cache miss)
1550 silly packumentCache corgi:https://registry.npmjs.org/redstar set size:undefined disposed:false
1551 silly packumentCache corgi:https://registry.npmjs.org/gtts cache-miss
1552 http fetch GET 200 https://registry.npmjs.org/gtts 619ms (cache miss)
1553 silly packumentCache corgi:https://registry.npmjs.org/gtts set size:undefined disposed:false
1554 silly packumentCache corgi:https://registry.npmjs.org/gaxios cache-miss
1555 silly packumentCache corgi:https://registry.npmjs.org/googleapis-common cache-miss
1556 http fetch GET 200 https://registry.npmjs.org/gaxios 680ms (cache miss)
1557 silly packumentCache corgi:https://registry.npmjs.org/gaxios set size:undefined disposed:false
1558 http fetch GET 200 https://registry.npmjs.org/googleapis-common 811ms (cache miss)
1559 silly packumentCache corgi:https://registry.npmjs.org/googleapis-common set size:undefined disposed:false
1560 silly packumentCache corgi:https://registry.npmjs.org/jsdom cache-miss
1561 http fetch GET 200 https://registry.npmjs.org/fluent-ffmpeg/-/fluent-ffmpeg-2.1.3.tgz 32649ms (cache miss)
1562 warn deprecated fluent-ffmpeg@2.1.3: Package no longer supported. Contact Support at https://www.npmjs.com/support for more info.
1563 http fetch GET 200 https://registry.npmjs.org/jsdom 1078ms (cache miss)
1564 silly packumentCache corgi:https://registry.npmjs.org/jsdom set size:undefined disposed:false
1565 silly packumentCache corgi:https://registry.npmjs.org/@whiskeysockets%2fbaileys cache-miss
1566 http fetch GET 200 https://registry.npmjs.org/protobufjs/-/protobufjs-6.8.8.tgz 33344ms (cache miss)
1567 http fetch GET 200 https://registry.npmjs.org/@whiskeysockets%2fbaileys 303ms (cache miss)
1568 silly packumentCache corgi:https://registry.npmjs.org/@whiskeysockets%2fbaileys set size:undefined disposed:false
1569 silly packumentCache corgi:https://registry.npmjs.org/node-fzf cache-miss
1570 http fetch GET 200 https://registry.npmjs.org/node-fzf 515ms (cache miss)
1571 silly packumentCache corgi:https://registry.npmjs.org/node-fzf set size:undefined disposed:false
1572 silly packumentCache corgi:https://registry.npmjs.org/gcp-metadata cache-miss
1573 silly packumentCache corgi:https://registry.npmjs.org/google-auth-library cache-miss
1574 silly packumentCache corgi:https://registry.npmjs.org/gtoken cache-miss
1575 http fetch GET 200 https://registry.npmjs.org/gtoken 233ms (cache miss)
1576 silly packumentCache corgi:https://registry.npmjs.org/gtoken set size:undefined disposed:false
1577 http fetch GET 200 https://registry.npmjs.org/gcp-metadata 396ms (cache miss)
1578 silly packumentCache corgi:https://registry.npmjs.org/gcp-metadata set size:undefined disposed:false
1579 http fetch GET 200 https://registry.npmjs.org/google-auth-library 1499ms (cache miss)
1580 silly packumentCache corgi:https://registry.npmjs.org/google-auth-library set size:undefined disposed:false
1581 silly packumentCache corgi:https://registry.npmjs.org/googleapis cache-miss
1582 http fetch GET 200 https://registry.npmjs.org/googleapis 1398ms (cache miss)
1583 silly packumentCache corgi:https://registry.npmjs.org/googleapis set size:undefined disposed:false
1584 silly packumentCache corgi:https://registry.npmjs.org/yt-search cache-miss
1585 http fetch GET 200 https://registry.npmjs.org/yt-search 866ms (cache miss)
1586 silly packumentCache corgi:https://registry.npmjs.org/yt-search set size:undefined disposed:false
1587 silly packumentCache corgi:https://registry.npmjs.org/ruhend-scraper cache-miss
1588 http fetch GET 200 https://registry.npmjs.org/ruhend-scraper 381ms (cache miss)
1589 silly packumentCache corgi:https://registry.npmjs.org/ruhend-scraper set size:undefined disposed:false
1590 http fetch GET 200 https://registry.npmjs.org/gifwrap/-/gifwrap-0.10.1.tgz 63658ms (cache miss)
1591 http fetch GET 200 https://registry.npmjs.org/googleapis/-/googleapis-144.0.0.tgz 75721ms (cache miss)
1592 info run sharp@0.34.5 install node_modules/sharp node install/check.js || npm run build
1593 info run sharp@0.34.5 install { code: 'EPERM', signal: undefined }
1594 warn cleanup Failed to remove some directories [
1594 warn cleanup   [
1594 warn cleanup     '\\\\?\\C:\\Users\\Adeel Mehar\\Documents\\Codex\\2026-04-25\\files-mentioned-by-the-user-prince\\prince_bot\\Abdulbot-main\\node_modules\\libsignal',
1594 warn cleanup     [Error: EPERM: operation not permitted, rmdir 'C:\Users\Adeel Mehar\Documents\Codex\2026-04-25\files-mentioned-by-the-user-prince\prince_bot\Abdulbot-main\node_modules\libsignal\node_modules'] {
1594 warn cleanup       errno: -4048,
1594 warn cleanup       code: 'EPERM',
1594 warn cleanup       syscall: 'rmdir',
1594 warn cleanup       path: 'C:\\Users\\Adeel Mehar\\Documents\\Codex\\2026-04-25\\files-mentioned-by-the-user-prince\\prince_bot\\Abdulbot-main\\node_modules\\libsignal\\node_modules'
1594 warn cleanup     }
1594 warn cleanup   ]
1594 warn cleanup ]
1595 verbose stack Error: spawn EPERM
1595 verbose stack     at ChildProcess.spawn (node:internal/child_process:420:11)
1595 verbose stack     at spawn (node:child_process:786:9)
1595 verbose stack     at promiseSpawn (C:\Program Files\nodejs\node_modules\npm\node_modules\@npmcli\promise-spawn\lib\index.js:39:16)
1595 verbose stack     at spawnWithShell (C:\Program Files\nodejs\node_modules\npm\node_modules\@npmcli\promise-spawn\lib\index.js:124:10)
1595 verbose stack     at promiseSpawn (C:\Program Files\nodejs\node_modules\npm\node_modules\@npmcli\promise-spawn\lib\index.js:12:12)
1595 verbose stack     at runScriptPkg (C:\Program Files\nodejs\node_modules\npm\node_modules\@npmcli\run-script\lib\run-script-pkg.js:79:13)
1595 verbose stack     at runScript (C:\Program Files\nodejs\node_modules\npm\node_modules\@npmcli\run-script\lib\run-script.js:9:12)
1595 verbose stack     at C:\Program Files\nodejs\node_modules\npm\node_modules\@npmcli\arborist\lib\arborist\rebuild.js:329:17
1595 verbose stack     at run (C:\Program Files\nodejs\node_modules\npm\node_modules\promise-call-limit\dist\commonjs\index.js:67:22)
1595 verbose stack     at C:\Program Files\nodejs\node_modules\npm\node_modules\promise-call-limit\dist\commonjs\index.js:84:9
1596 error code EPERM
1597 error syscall spawn
1598 error errno -4048
1599 error Error: spawn EPERM
1599 error     at ChildProcess.spawn (node:internal/child_process:420:11)
1599 error     at spawn (node:child_process:786:9)
1599 error     at promiseSpawn (C:\Program Files\nodejs\node_modules\npm\node_modules\@npmcli\promise-spawn\lib\index.js:39:16)
1599 error     at spawnWithShell (C:\Program Files\nodejs\node_modules\npm\node_modules\@npmcli\promise-spawn\lib\index.js:124:10)
1599 error     at promiseSpawn (C:\Program Files\nodejs\node_modules\npm\node_modules\@npmcli\promise-spawn\lib\index.js:12:12)
1599 error     at runScriptPkg (C:\Program Files\nodejs\node_modules\npm\node_modules\@npmcli\run-script\lib\run-script-pkg.js:79:13)
1599 error     at runScript (C:\Program Files\nodejs\node_modules\npm\node_modules\@npmcli\run-script\lib\run-script.js:9:12)
1599 error     at C:\Program Files\nodejs\node_modules\npm\node_modules\@npmcli\arborist\lib\arborist\rebuild.js:329:17
1599 error     at run (C:\Program Files\nodejs\node_modules\npm\node_modules\promise-call-limit\dist\commonjs\index.js:67:22)
1599 error     at C:\Program Files\nodejs\node_modules\npm\node_modules\promise-call-limit\dist\commonjs\index.js:84:9 {
1599 error   errno: -4048,
1599 error   code: 'EPERM',
1599 error   syscall: 'spawn'
1599 error }
1600 error
1600 error The operation was rejected by your operating system.
1600 error It's possible that the file was already in use (by a text editor or antivirus),
1600 error or that you lack permissions to access it.
1600 error
1600 error If you believe this might be a permissions issue, please double-check the
1600 error permissions of the file and its containing directories, or try running
1600 error the command again as root/Administrator.
1601 silly unfinished npm timer reify 1777103117615
1602 silly unfinished npm timer reify:build 1777103195195
1603 silly unfinished npm timer build 1777103195197
1604 silly unfinished npm timer build:deps 1777103195198
1605 silly unfinished npm timer build:run:install 1777103195378
1606 silly unfinished npm timer build:run:install:node_modules/sharp 1777103195379
1607 verbose cwd C:\Users\Adeel Mehar\Documents\Codex\2026-04-25\files-mentioned-by-the-user-prince\prince_bot\Abdulbot-main
1608 verbose os Windows_NT 10.0.26200
1609 verbose node v22.19.0
1610 verbose npm  v10.9.3
1611 notice
1611 notice New major version of npm available! 10.9.3 -> 11.13.0
1611 notice Changelog: https://github.com/npm/cli/releases/tag/v11.13.0
1611 notice To update run: npm install -g npm@11.13.0
1611 notice  { force: true, [Symbol(proc-log.meta)]: true }
1612 verbose exit -4048
1613 verbose code -4048
1614 error A complete log of this run can be found in: C:\Users\Adeel Mehar\Documents\Codex\2026-04-25\files-mentioned-by-the-user-prince\prince_bot\Abdulbot-main\.npm-cache\_logs\2026-04-25T07_45_15_829Z-debug-0.log
